{"type": "FeatureCollection", "features": [{"type": "Feature", "properties": {"tile_id": 0, "average_temperature": 18.6195}, "geometry": {"type": "Polygon", "coordinates": [[[-118.43449187764972, 34.00427115056668], [-118.43341171156335, 34.00428374454414], [-118.43342683558558, 34.005183795701086], [-118.4345070130593, 34.005171201299355], [-118.43449187764972, 34.00427115056668]]]}}, {"type": "Feature", "properties": {"tile_id": 1, "average_temperature": 18.6314}, "geometry": {"type": "Polygon", "coordinates": [[[-118.43341171156335, 34.00428374454414], [-118.43233154480644, 34.004296329040855], [-118.43234665744124, 34.00519638062174], [-118.43342683558558, 34.005183795701086], [-118.43341171156335, 34.00428374454414]]]}}, {"type": "Feature", "properties": {"tile_id": 2, "average_temperature": 18.6436}, "geometry": {"type": "Polygon", "coordinates": [[[-118.43233154480644, 34.004296329040855], [-118.43125137737948, 34.004308904056806], [-118.43126647862682, 34.00520895606131], [-118.43234665744124, 34.00519638062174], [-118.43233154480644, 34.004296329040855]]]}}, {"type": "Feature", "properties": {"tile_id": 3, "average_temperature": 18.645}, "geometry": {"type": "Polygon", "coordinates": [[[-118.4345070130593, 34.00517120129934], [-118.43342683558558, 34.00518379570107], [-118.43344196027903, 34.006083846720166], [-118.43452214914065, 34.006071251894156], [-118.4345070130593, 34.00517120129934]]]}}, {"type": "Feature", "properties": {"tile_id": 4, "average_temperature": 18.6537}, "geometry": {"type": "Polygon", "coordinates": [[[-118.43342683558558, 34.00518379570107], [-118.43234665744124, 34.00519638062173], [-118.43236177074678, 34.00609643206477], [-118.43344196027903, 34.006083846720166], [-118.43342683558558, 34.00518379570107]]]}}, {"type": "Feature", "properties": {"tile_id": 5, "average_temperature": 18.6624}, "geometry": {"type": "Polygon", "coordinates": [[[-118.43234665744124, 34.00519638062173], [-118.43126647862682, 34.00520895606131], [-118.43128158054442, 34.006109007927975], [-118.43236177074678, 34.00609643206477], [-118.43234665744124, 34.00519638062173]]]}}, {"type": "Feature", "properties": {"tile_id": 6, "average_temperature": 18.6705}, "geometry": {"type": "Polygon", "coordinates": [[[-118.43126647862682, 34.00520895606131], [-118.43018629914283, 34.00522152201977], [-118.43020138967246, 34.00612157430975], [-118.43128158054442, 34.006109007927975], [-118.43126647862682, 34.00520895606131]]]}}, {"type": "Feature", "properties": {"tile_id": 7, "average_temperature": 18.678}, "geometry": {"type": "Polygon", "coordinates": [[[-118.43018629914283, 34.00522152201977], [-118.42910611898978, 34.00523407849709], [-118.4291211981314, 34.00613413121007], [-118.43020138967246, 34.00612157430975], [-118.43018629914283, 34.00522152201977]]]}}, {"type": "Feature", "properties": {"tile_id": 8, "average_temperature": 18.6658}, "geometry": {"type": "Polygon", "coordinates": [[[-118.43560233733116, 34.00605864758678], [-118.43452214914065, 34.006071251894156], [-118.43453728589378, 34.00697130235112], [-118.43561748547265, 34.00695869761914], [-118.43560233733116, 34.00605864758678]]]}}, {"type": "Feature", "properties": {"tile_id": 9, "average_temperature": 18.672}, "geometry": {"type": "Polygon", "coordinates": [[[-118.43452214914065, 34.006071251894156], [-118.43344196027903, 34.006083846720166], [-118.43345708564378, 34.00698389760141], [-118.43453728589378, 34.00697130235112], [-118.43452214914065, 34.006071251894156]]]}}, {"type": "Feature", "properties": {"tile_id": 10, "average_temperature": 18.6774}, "geometry": {"type": "Polygon", "coordinates": [[[-118.43344196027903, 34.006083846720166], [-118.43236177074678, 34.00609643206477], [-118.43237688472311, 34.00699648336998], [-118.43345708564378, 34.00698389760141], [-118.43344196027903, 34.006083846720166]]]}}, {"type": "Feature", "properties": {"tile_id": 11, "average_temperature": 18.6821}, "geometry": {"type": "Polygon", "coordinates": [[[-118.43236177074678, 34.00609643206477], [-118.43128158054442, 34.006109007927975], [-118.4312966831323, 34.00700905965682], [-118.43237688472311, 34.00699648336998], [-118.43236177074678, 34.00609643206477]]]}}, {"type": "Feature", "properties": {"tile_id": 12, "average_temperature": 18.6862}, "geometry": {"type": "Polygon", "coordinates": [[[-118.43128158054442, 34.006109007927975], [-118.43020138967246, 34.00612157430975], [-118.43021648087188, 34.00702162646193], [-118.4312966831323, 34.00700905965682], [-118.43128158054442, 34.006109007927975]]]}}, {"type": "Feature", "properties": {"tile_id": 13, "average_temperature": 18.6896}, "geometry": {"type": "Polygon", "coordinates": [[[-118.43020138967246, 34.00612157430975], [-118.4291211981314, 34.00613413121007], [-118.42913627794229, 34.00703418378526], [-118.43021648087188, 34.00702162646193], [-118.43020138967246, 34.00612157430975]]]}}, {"type": "Feature", "properties": {"tile_id": 14, "average_temperature": 18.6923}, "geometry": {"type": "Polygon", "coordinates": [[[-118.4291211981314, 34.00613413121007], [-118.42804100592174, 34.00614667862893], [-118.4280560743441, 34.00704673162681], [-118.42913627794229, 34.00703418378526], [-118.4291211981314, 34.00613413121007]]]}}, {"type": "Feature", "properties": {"tile_id": 15, "average_temperature": 18.6882}, "geometry": {"type": "Polygon", "coordinates": [[[-118.43669768437988, 34.0069460834055], [-118.43561748547265, 34.00695869761914], [-118.43563263428649, 34.007858747513616], [-118.43671284458254, 34.00784613287504], [-118.43669768437988, 34.0069460834055]]]}}, {"type": "Feature", "properties": {"tile_id": 16, "average_temperature": 18.6935}, "geometry": {"type": "Polygon", "coordinates": [[[-118.43561748547265, 34.00695869761914], [-118.43453728589378, 34.00697130235112], [-118.43455242331878, 34.0078713526702], [-118.43563263428649, 34.007858747513616], [-118.43561748547265, 34.00695869761914]]]}}, {"type": "Feature", "properties": {"tile_id": 17, "average_temperature": 18.6972}, "geometry": {"type": "Polygon", "coordinates": [[[-118.43453728589378, 34.00697130235112], [-118.43345708564378, 34.00698389760141], [-118.43347221167986, 34.007883948344784], [-118.43455242331878, 34.0078713526702], [-118.43453728589378, 34.00697130235112]]]}}, {"type": "Feature", "properties": {"tile_id": 18, "average_temperature": 18.6995}, "geometry": {"type": "Polygon", "coordinates": [[[-118.43345708564378, 34.00698389760141], [-118.43237688472311, 34.00699648336998], [-118.43239199937025, 34.00789653453733], [-118.43347221167986, 34.007883948344784], [-118.43345708564378, 34.00698389760141]]]}}, {"type": "Feature", "properties": {"tile_id": 19, "average_temperature": 18.7005}, "geometry": {"type": "Polygon", "coordinates": [[[-118.43237688472311, 34.00699648336998], [-118.4312966831323, 34.00700905965682], [-118.4313117863905, 34.007909111247834], [-118.43239199937025, 34.00789653453733], [-118.43237688472311, 34.00699648336998]]]}}, {"type": "Feature", "properties": {"tile_id": 20, "average_temperature": 18.7006}, "geometry": {"type": "Polygon", "coordinates": [[[-118.4312966831323, 34.00700905965682], [-118.43021648087188, 34.00702162646193], [-118.43023157274109, 34.00792167847627], [-118.4313117863905, 34.007909111247834], [-118.4312966831323, 34.00700905965682]]]}}, {"type": "Feature", "properties": {"tile_id": 21, "average_temperature": 18.7001}, "geometry": {"type": "Polygon", "coordinates": [[[-118.43021648087188, 34.00702162646193], [-118.42913627794229, 34.00703418378526], [-118.4291513584225, 34.00793423622262], [-118.43023157274109, 34.00792167847627], [-118.43021648087188, 34.00702162646193]]]}}, {"type": "Feature", "properties": {"tile_id": 22, "average_temperature": 18.6991}, "geometry": {"type": "Polygon", "coordinates": [[[-118.42913627794229, 34.00703418378526], [-118.4280560743441, 34.00704673162681], [-118.42807114343528, 34.00794678448685], [-118.4291513584225, 34.00793423622262], [-118.42913627794229, 34.00703418378526]]]}}, {"type": "Feature", "properties": {"tile_id": 23, "average_temperature": 18.6981}, "geometry": {"type": "Polygon", "coordinates": [[[-118.4280560743441, 34.00704673162681], [-118.4269758700778, 34.00705926998655], [-118.42699092777988, 34.00795932326897], [-118.42807114343528, 34.00794678448685], [-118.4280560743441, 34.00704673162681]]]}}, {"type": "Feature", "properties": {"tile_id": 24, "average_temperature": 18.6973}, "geometry": {"type": "Polygon", "coordinates": [[[-118.4269758700778, 34.00705926998655], [-118.42589566514384, 34.00707179886445], [-118.42591071145685, 34.00797185256893], [-118.42699092777988, 34.00795932326897], [-118.4269758700778, 34.00705926998655]]]}}, {"type": "Feature", "properties": {"tile_id": 25, "average_temperature": 18.7114}, "geometry": {"type": "Polygon", "coordinates": [[[-118.43671284458254, 34.00784613287503], [-118.43563263428649, 34.00785874751361], [-118.4356477837727, 34.008758797270225], [-118.4367280054581, 34.00874618220671], [-118.43671284458254, 34.00784613287503]]]}}, {"type": "Feature", "properties": {"tile_id": 26, "average_temperature": 18.7158}, "geometry": {"type": "Polygon", "coordinates": [[[-118.43563263428649, 34.00785874751361], [-118.43455242331878, 34.00787135267019], [-118.43456756141556, 34.00877140285142], [-118.4356477837727, 34.008758797270225], [-118.43563263428649, 34.00785874751361]]]}}, {"type": "Feature", "properties": {"tile_id": 27, "average_temperature": 18.7176}, "geometry": {"type": "Polygon", "coordinates": [[[-118.43455242331878, 34.00787135267019], [-118.43347221167986, 34.00788394834478], [-118.43348733838727, 34.00878399895031], [-118.43456756141556, 34.00877140285142], [-118.43455242331878, 34.00787135267019]]]}}, {"type": "Feature", "properties": {"tile_id": 28, "average_temperature": 18.7172}, "geometry": {"type": "Polygon", "coordinates": [[[-118.43347221167986, 34.00788394834478], [-118.43239199937025, 34.00789653453732], [-118.43240711468825, 34.00879658556684], [-118.43348733838727, 34.00878399895031], [-118.43347221167986, 34.00788394834478]]]}}, {"type": "Feature", "properties": {"tile_id": 29, "average_temperature": 18.7151}, "geometry": {"type": "Polygon", "coordinates": [[[-118.43239199937025, 34.00789653453732], [-118.4313117863905, 34.007909111247834], [-118.43132689031903, 34.008809162701], [-118.43240711468825, 34.00879658556684], [-118.43239199937025, 34.00789653453732]]]}}, {"type": "Feature", "properties": {"tile_id": 30, "average_temperature": 18.7119}, "geometry": {"type": "Polygon", "coordinates": [[[-118.4313117863905, 34.007909111247834], [-118.43023157274109, 34.007921678476265], [-118.43024666528012, 34.00882173035278], [-118.43132689031903, 34.008809162701], [-118.4313117863905, 34.007909111247834]]]}}, {"type": "Feature", "properties": {"tile_id": 31, "average_temperature": 18.708}, "geometry": {"type": "Polygon", "coordinates": [[[-118.43023157274109, 34.007921678476265], [-118.4291513584225, 34.00793423622261], [-118.42916643957201, 34.008834288522145], [-118.43024666528012, 34.00882173035278], [-118.43023157274109, 34.007921678476265]]]}}, {"type": "Feature", "properties": {"tile_id": 32, "average_temperature": 18.704}, "geometry": {"type": "Polygon", "coordinates": [[[-118.4291513584225, 34.00793423622261], [-118.42807114343528, 34.00794678448685], [-118.42808621319526, 34.00884683720909], [-118.42916643957201, 34.008834288522145], [-118.4291513584225, 34.00793423622261]]]}}, {"type": "Feature", "properties": {"tile_id": 33, "average_temperature": 18.7004}, "geometry": {"type": "Polygon", "coordinates": [[[-118.42807114343528, 34.00794678448685], [-118.42699092777988, 34.00795932326897], [-118.42700598615029, 34.00885937641359], [-118.42808621319526, 34.00884683720909], [-118.42807114343528, 34.00794678448685]]]}}, {"type": "Feature", "properties": {"tile_id": 34, "average_temperature": 18.6976}, "geometry": {"type": "Polygon", "coordinates": [[[-118.42699092777988, 34.00795932326897], [-118.42591071145685, 34.00797185256893], [-118.42592575843764, 34.008871906135624], [-118.42700598615029, 34.00885937641359], [-118.42699092777988, 34.00795932326897]]]}}, {"type": "Feature", "properties": {"tile_id": 35, "average_temperature": 18.6958}, "geometry": {"type": "Polygon", "coordinates": [[[-118.42591071145685, 34.00797185256893], [-118.42483049446666, 34.00798437238673], [-118.42484553005785, 34.008884426375175], [-118.42592575843764, 34.008871906135624], [-118.42591071145685, 34.00797185256893]]]}}, {"type": "Feature", "properties": {"tile_id": 36, "average_temperature": 18.7172}, "geometry": {"type": "Polygon", "coordinates": [[[-118.43780822647126, 34.00873355766089], [-118.4367280054581, 34.0087461822067], [-118.43674316700651, 34.00964623140048], [-118.43782339940951, 34.00963360642941], [-118.43780822647126, 34.00873355766089]]]}}, {"type": "Feature", "properties": {"tile_id": 37, "average_temperature": 18.7251}, "geometry": {"type": "Polygon", "coordinates": [[[-118.4367280054581, 34.0087461822067], [-118.4356477837727, 34.00875879727022], [-118.43566293393127, 34.009658846888954], [-118.43674316700651, 34.00964623140048], [-118.4367280054581, 34.0087461822067]]]}}, {"type": "Feature", "properties": {"tile_id": 38, "average_temperature": 18.729}, "geometry": {"type": "Polygon", "coordinates": [[[-118.4356477837727, 34.00875879727022], [-118.43456756141556, 34.008771402851416], [-118.43458270018427, 34.00967145289479], [-118.43566293393127, 34.009658846888954], [-118.4356477837727, 34.00875879727022]]]}}, {"type": "Feature", "properties": {"tile_id": 39, "average_temperature": 18.7296}, "geometry": {"type": "Polygon", "coordinates": [[[-118.43456756141556, 34.008771402851416], [-118.43348733838727, 34.00878399895031], [-118.43350246576604, 34.009684049417984], [-118.43458270018427, 34.00967145289479], [-118.43456756141556, 34.008771402851416]]]}}, {"type": "Feature", "properties": {"tile_id": 40, "average_temperature": 18.7276}, "geometry": {"type": "Polygon", "coordinates": [[[-118.43348733838727, 34.00878399895031], [-118.43240711468825, 34.008796585566834], [-118.4324222306771, 34.00969663645851], [-118.43350246576604, 34.009684049417984], [-118.43348733838727, 34.00878399895031]]]}}, {"type": "Feature", "properties": {"tile_id": 41, "average_temperature": 18.7235}, "geometry": {"type": "Polygon", "coordinates": [[[-118.43240711468825, 34.008796585566834], [-118.43132689031903, 34.00880916270099], [-118.43134199491793, 34.00970921401633], [-118.4324222306771, 34.00969663645851], [-118.43240711468825, 34.008796585566834]]]}}, {"type": "Feature", "properties": {"tile_id": 42, "average_temperature": 18.7181}, "geometry": {"type": "Polygon", "coordinates": [[[-118.43132689031903, 34.00880916270099], [-118.43024666528012, 34.00882173035277], [-118.43026175848901, 34.00972178209146], [-118.43134199491793, 34.00970921401633], [-118.43132689031903, 34.00880916270099]]]}}, {"type": "Feature", "properties": {"tile_id": 43, "average_temperature": 18.712}, "geometry": {"type": "Polygon", "coordinates": [[[-118.43024666528012, 34.00882173035277], [-118.42916643957201, 34.00883428852214], [-118.4291815213909, 34.00973434068386], [-118.43026175848901, 34.00972178209146], [-118.43024666528012, 34.00882173035277]]]}}, {"type": "Feature", "properties": {"tile_id": 44, "average_temperature": 18.7058}, "geometry": {"type": "Polygon", "coordinates": [[[-118.42916643957201, 34.00883428852214], [-118.42808621319526, 34.00884683720909], [-118.42810128362406, 34.00974688979352], [-118.4291815213909, 34.00973434068386], [-118.42916643957201, 34.00883428852214]]]}}, {"type": "Feature", "properties": {"tile_id": 45, "average_temperature": 18.7003}, "geometry": {"type": "Polygon", "coordinates": [[[-118.42808621319526, 34.00884683720909], [-118.42700598615029, 34.00885937641358], [-118.42702104518904, 34.00975942942042], [-118.42810128362406, 34.00974688979352], [-118.42808621319526, 34.00884683720909]]]}}, {"type": "Feature", "properties": {"tile_id": 46, "average_temperature": 18.6961}, "geometry": {"type": "Polygon", "coordinates": [[[-118.42700598615029, 34.00885937641358], [-118.42592575843764, 34.00887190613562], [-118.42594080608629, 34.00977195956451], [-118.42702104518904, 34.00975942942042], [-118.42700598615029, 34.00885937641358]]]}}, {"type": "Feature", "properties": {"tile_id": 47, "average_temperature": 18.6934}, "geometry": {"type": "Polygon", "coordinates": [[[-118.42592575843764, 34.00887190613562], [-118.42484553005785, 34.00888442637516], [-118.42486056631635, 34.00978448022582], [-118.42594080608629, 34.00977195956451], [-118.42592575843764, 34.00887190613562]]]}}, {"type": "Feature", "properties": {"tile_id": 48, "average_temperature": 18.6919}, "geometry": {"type": "Polygon", "coordinates": [[[-118.42484553005785, 34.00888442637516], [-118.42376530101137, 34.00889693713221], [-118.42378032587973, 34.0097969914043], [-118.42486056631635, 34.00978448022582], [-118.42484553005785, 34.00888442637516]]]}}, {"type": "Feature", "properties": {"tile_id": 49, "average_temperature": 18.6914}, "geometry": {"type": "Polygon", "coordinates": [[[-118.42376530101137, 34.00889693713221], [-118.42268507129874, 34.00890943840673], [-118.42270008477689, 34.00980949309993], [-118.42378032587973, 34.0097969914043], [-118.42376530101137, 34.00889693713221]]]}}, {"type": "Feature", "properties": {"tile_id": 50, "average_temperature": 18.703}, "geometry": {"type": "Polygon", "coordinates": [[[-118.43890363113975, 34.00962097197575], [-118.43782339940951, 34.00963360642941], [-118.43783857302117, 34.01053365506003], [-118.43891881614171, 34.010521020180775], [-118.43890363113975, 34.00962097197575]]]}}, {"type": "Feature", "properties": {"tile_id": 51, "average_temperature": 18.7168}, "geometry": {"type": "Polygon", "coordinates": [[[-118.43782339940951, 34.00963360642941], [-118.43674316700651, 34.00964623140048], [-118.43675832922783, 34.01054628045638], [-118.43783857302117, 34.01053365506003], [-118.43782339940951, 34.00963360642941]]]}}, {"type": "Feature", "properties": {"tile_id": 52, "average_temperature": 18.7254}, "geometry": {"type": "Polygon", "coordinates": [[[-118.43674316700651, 34.00964623140048], [-118.43566293393127, 34.009658846888954], [-118.43567808476223, 34.01055889636981], [-118.43675832922783, 34.01054628045638], [-118.43674316700651, 34.00964623140048]]]}}, {"type": "Feature", "properties": {"tile_id": 53, "average_temperature": 18.7297}, "geometry": {"type": "Polygon", "coordinates": [[[-118.43566293393127, 34.009658846888954], [-118.43458270018427, 34.00967145289479], [-118.43459783962489, 34.01057150280028], [-118.43567808476223, 34.01055889636981], [-118.43566293393127, 34.009658846888954]]]}}, {"type": "Feature", "properties": {"tile_id": 54, "average_temperature": 18.7302}, "geometry": {"type": "Polygon", "coordinates": [[[-118.43458270018427, 34.00967145289479], [-118.43350246576604, 34.009684049417984], [-118.43351759381625, 34.01058409974778], [-118.43459783962489, 34.01057150280028], [-118.43458270018427, 34.00967145289479]]]}}, {"type": "Feature", "properties": {"tile_id": 55, "average_temperature": 18.7278}, "geometry": {"type": "Polygon", "coordinates": [[[-118.43350246576604, 34.009684049417984], [-118.4324222306771, 34.00969663645851], [-118.43243734733686, 34.010596687212306], [-118.43351759381625, 34.01058409974778], [-118.43350246576604, 34.009684049417984]]]}}, {"type": "Feature", "properties": {"tile_id": 56, "average_temperature": 18.7232}, "geometry": {"type": "Polygon", "coordinates": [[[-118.4324222306771, 34.00969663645851], [-118.43134199491793, 34.00970921401633], [-118.4313571001872, 34.01060926519382], [-118.43243734733686, 34.010596687212306], [-118.4324222306771, 34.00969663645851]]]}}, {"type": "Feature", "properties": {"tile_id": 57, "average_temperature": 18.7171}, "geometry": {"type": "Polygon", "coordinates": [[[-118.43134199491793, 34.00970921401633], [-118.43026175848901, 34.00972178209146], [-118.4302768523678, 34.010621833692305], [-118.4313571001872, 34.01060926519382], [-118.43134199491793, 34.00970921401633]]]}}, {"type": "Feature", "properties": {"tile_id": 58, "average_temperature": 18.7103}, "geometry": {"type": "Polygon", "coordinates": [[[-118.43026175848901, 34.00972178209146], [-118.4291815213909, 34.00973434068386], [-118.42919660387916, 34.01063439270775], [-118.4302768523678, 34.010621833692305], [-118.43026175848901, 34.00972178209146]]]}}, {"type": "Feature", "properties": {"tile_id": 59, "average_temperature": 18.7034}, "geometry": {"type": "Polygon", "coordinates": [[[-118.4291815213909, 34.00973434068386], [-118.42810128362406, 34.00974688979352], [-118.42811635472178, 34.01064694224013], [-118.42919660387916, 34.01063439270775], [-118.4291815213909, 34.00973434068386]]]}}, {"type": "Feature", "properties": {"tile_id": 60, "average_temperature": 18.6972}, "geometry": {"type": "Polygon", "coordinates": [[[-118.42810128362406, 34.00974688979352], [-118.42702104518904, 34.00975942942042], [-118.42703610489616, 34.01065948228941], [-118.42811635472178, 34.01064694224013], [-118.42810128362406, 34.00974688979352]]]}}, {"type": "Feature", "properties": {"tile_id": 61, "average_temperature": 18.6925}, "geometry": {"type": "Polygon", "coordinates": [[[-118.42702104518904, 34.00975942942042], [-118.42594080608629, 34.00977195956451], [-118.42595585440282, 34.010672012855615], [-118.42703610489616, 34.01065948228941], [-118.42702104518904, 34.00975942942042]]]}}, {"type": "Feature", "properties": {"tile_id": 62, "average_temperature": 18.6893}, "geometry": {"type": "Polygon", "coordinates": [[[-118.42594080608629, 34.00977195956451], [-118.42486056631635, 34.00978448022582], [-118.42487560324223, 34.01068453393867], [-118.42595585440282, 34.010672012855615], [-118.42594080608629, 34.00977195956451]]]}}, {"type": "Feature", "properties": {"tile_id": 63, "average_temperature": 18.6875}, "geometry": {"type": "Polygon", "coordinates": [[[-118.42486056631635, 34.00978448022582], [-118.42378032587973, 34.0097969914043], [-118.42379535141491, 34.0106970455386], [-118.42487560324223, 34.01068453393867], [-118.42486056631635, 34.00978448022582]]]}}, {"type": "Feature", "properties": {"tile_id": 64, "average_temperature": 18.6869}, "geometry": {"type": "Polygon", "coordinates": [[[-118.42378032587973, 34.0097969914043], [-118.42270008477689, 34.00980949309993], [-118.42271509892139, 34.01070954765537], [-118.42379535141491, 34.0106970455386], [-118.42378032587973, 34.0097969914043]]]}}, {"type": "Feature", "properties": {"tile_id": 65, "average_temperature": 18.6871}, "geometry": {"type": "Polygon", "coordinates": [[[-118.42270008477689, 34.00980949309993], [-118.42161984300839, 34.009821985312705], [-118.42163484576217, 34.01072204028894], [-118.42271509892139, 34.01070954765537], [-118.42270008477689, 34.00980949309993]]]}}, {"type": "Feature", "properties": {"tile_id": 66, "average_temperature": 18.6839}, "geometry": {"type": "Polygon", "coordinates": [[[-118.43891881614171, 34.010521020180775], [-118.43783857302117, 34.01053365506003], [-118.43785374730628, 34.01143370355276], [-118.43893400181764, 34.0114210682479], [-118.43891881614171, 34.010521020180775]]]}}, {"type": "Feature", "properties": {"tile_id": 67, "average_temperature": 18.6988}, "geometry": {"type": "Polygon", "coordinates": [[[-118.43783857302117, 34.01053365506003], [-118.43675832922783, 34.01054628045638], [-118.43677349212214, 34.0114463293744], [-118.43785374730628, 34.01143370355276], [-118.43783857302117, 34.01053365506003]]]}}, {"type": "Feature", "properties": {"tile_id": 68, "average_temperature": 18.7086}, "geometry": {"type": "Polygon", "coordinates": [[[-118.43675832922783, 34.01054628045638], [-118.43567808476223, 34.01055889636981], [-118.43569323626568, 34.01145894571279], [-118.43677349212214, 34.0114463293744], [-118.43675832922783, 34.01054628045638]]]}}, {"type": "Feature", "properties": {"tile_id": 69, "average_temperature": 18.7141}, "geometry": {"type": "Polygon", "coordinates": [[[-118.43567808476223, 34.01055889636981], [-118.43459783962489, 34.01057150280028], [-118.43461297973741, 34.01147155256791], [-118.43569323626568, 34.01145894571279], [-118.43567808476223, 34.01055889636981]]]}}, {"type": "Feature", "properties": {"tile_id": 70, "average_temperature": 18.716}, "geometry": {"type": "Polygon", "coordinates": [[[-118.43459783962489, 34.01057150280028], [-118.43351759381625, 34.01058409974778], [-118.43353272253786, 34.01148414993974], [-118.43461297973741, 34.01147155256791], [-118.43459783962489, 34.01057150280028]]]}}, {"type": "Feature", "properties": {"tile_id": 71, "average_temperature": 18.715}, "geometry": {"type": "Polygon", "coordinates": [[[-118.43351759381625, 34.01058409974778], [-118.43243734733686, 34.010596687212306], [-118.43245246466752, 34.01149673782827], [-118.43353272253786, 34.01148414993974], [-118.43351759381625, 34.01058409974778]]]}}, {"type": "Feature", "properties": {"tile_id": 72, "average_temperature": 18.7117}, "geometry": {"type": "Polygon", "coordinates": [[[-118.43243734733686, 34.010596687212306], [-118.4313571001872, 34.01060926519382], [-118.43137220612691, 34.011509316233465], [-118.43245246466752, 34.01149673782827], [-118.43243734733686, 34.010596687212306]]]}}, {"type": "Feature", "properties": {"tile_id": 73, "average_temperature": 18.707}, "geometry": {"type": "Polygon", "coordinates": [[[-118.4313571001872, 34.01060926519382], [-118.4302768523678, 34.010621833692305], [-118.43029194691651, 34.011521885155325], [-118.43137220612691, 34.011509316233465], [-118.4313571001872, 34.01060926519382]]]}}, {"type": "Feature", "properties": {"tile_id": 74, "average_temperature": 18.7014}, "geometry": {"type": "Polygon", "coordinates": [[[-118.4302768523678, 34.010621833692305], [-118.42919660387916, 34.01063439270775], [-118.42921168703683, 34.01153444459382], [-118.43029194691651, 34.011521885155325], [-118.4302768523678, 34.010621833692305]]]}}, {"type": "Feature", "properties": {"tile_id": 75, "average_temperature": 18.6956}, "geometry": {"type": "Polygon", "coordinates": [[[-118.42919660387916, 34.01063439270775], [-118.42811635472178, 34.01064694224013], [-118.42813142648839, 34.01154699454892], [-118.42921168703683, 34.01153444459382], [-118.42919660387916, 34.01063439270775]]]}}, {"type": "Feature", "properties": {"tile_id": 76, "average_temperature": 18.6903}, "geometry": {"type": "Polygon", "coordinates": [[[-118.42811635472178, 34.01064694224013], [-118.42703610489616, 34.01065948228941], [-118.42705116527168, 34.01155953502063], [-118.42813142648839, 34.01154699454892], [-118.42811635472178, 34.01064694224013]]]}}, {"type": "Feature", "properties": {"tile_id": 77, "average_temperature": 18.6861}, "geometry": {"type": "Polygon", "coordinates": [[[-118.42703610489616, 34.01065948228941], [-118.42595585440282, 34.010672012855615], [-118.4259709033872, 34.01157206600892], [-118.42705116527168, 34.01155953502063], [-118.42703610489616, 34.01065948228941]]]}}, {"type": "Feature", "properties": {"tile_id": 78, "average_temperature": 18.6833}, "geometry": {"type": "Polygon", "coordinates": [[[-118.42595585440282, 34.010672012855615], [-118.42487560324223, 34.01068453393867], [-118.4248906408355, 34.011584587513745], [-118.4259709033872, 34.01157206600892], [-118.42595585440282, 34.010672012855615]]]}}, {"type": "Feature", "properties": {"tile_id": 79, "average_temperature": 18.6816}, "geometry": {"type": "Polygon", "coordinates": [[[-118.42487560324223, 34.01068453393867], [-118.42379535141491, 34.0106970455386], [-118.42381037761702, 34.01159709953513], [-118.4248906408355, 34.011584587513745], [-118.42487560324223, 34.01068453393867]]]}}, {"type": "Feature", "properties": {"tile_id": 80, "average_temperature": 18.6808}, "geometry": {"type": "Polygon", "coordinates": [[[-118.42379535141491, 34.0106970455386], [-118.42271509892139, 34.01070954765537], [-118.42273011373227, 34.01160960207302], [-118.42381037761702, 34.01159709953513], [-118.42379535141491, 34.0106970455386]]]}}, {"type": "Feature", "properties": {"tile_id": 81, "average_temperature": 18.6808}, "geometry": {"type": "Polygon", "coordinates": [[[-118.42271509892139, 34.01070954765537], [-118.42163484576217, 34.01072204028894], [-118.42164984918183, 34.011622095127414], [-118.42273011373227, 34.01160960207302], [-118.42271509892139, 34.01070954765537]]]}}, {"type": "Feature", "properties": {"tile_id": 82, "average_temperature": 18.6814}, "geometry": {"type": "Polygon", "coordinates": [[[-118.42163484576217, 34.01072204028894], [-118.42055459193773, 34.01073452343931], [-118.42056958396613, 34.01163457869829], [-118.42164984918183, 34.011622095127414], [-118.42163484576217, 34.01072204028894]]]}}, {"type": "Feature", "properties": {"tile_id": 83, "average_temperature": 18.6825}, "geometry": {"type": "Polygon", "coordinates": [[[-118.42055459193773, 34.01073452343931], [-118.4194743374486, 34.01074699710648], [-118.4194893180857, 34.01164705278563], [-118.42056958396613, 34.01163457869829], [-118.42055459193773, 34.01073452343931]]]}}, {"type": "Feature", "properties": {"tile_id": 84, "average_temperature": 18.626}, "geometry": {"type": "Polygon", "coordinates": [[[-118.44001425565567, 34.01140842345982], [-118.43893400181764, 34.01142106824789], [-118.43894918816754, 34.0123211161771], [-118.44002945339687, 34.0123084709631], [-118.44001425565567, 34.01140842345982]]]}}, {"type": "Feature", "properties": {"tile_id": 85, "average_temperature": 18.6459}, "geometry": {"type": "Polygon", "coordinates": [[[-118.43893400181764, 34.01142106824789], [-118.43785374730628, 34.01143370355275], [-118.43786892226488, 34.01233375190758], [-118.43894918816754, 34.0123211161771], [-118.43893400181764, 34.01142106824789]]]}}, {"type": "Feature", "properties": {"tile_id": 86, "average_temperature": 18.6615}, "geometry": {"type": "Polygon", "coordinates": [[[-118.43785374730628, 34.01143370355275], [-118.43677349212214, 34.01144632937439], [-118.4367886556894, 34.01234637815451], [-118.43786892226488, 34.01233375190758], [-118.43785374730628, 34.01143370355275]]]}}, {"type": "Feature", "properties": {"tile_id": 87, "average_temperature": 18.673}, "geometry": {"type": "Polygon", "coordinates": [[[-118.43677349212214, 34.01144632937439], [-118.43569323626568, 34.01145894571278], [-118.43570838844157, 34.01235899491787], [-118.4367886556894, 34.01234637815451], [-118.43677349212214, 34.01144632937439]]]}}, {"type": "Feature", "properties": {"tile_id": 88, "average_temperature": 18.6808}, "geometry": {"type": "Polygon", "coordinates": [[[-118.43569323626568, 34.01145894571278], [-118.43461297973741, 34.0114715525679], [-118.43462812052192, 34.012371602197646], [-118.43570838844157, 34.01235899491787], [-118.43569323626568, 34.01145894571278]]]}}, {"type": "Feature", "properties": {"tile_id": 89, "average_temperature": 18.6856}, "geometry": {"type": "Polygon", "coordinates": [[[-118.43461297973741, 34.0114715525679], [-118.43353272253786, 34.01148414993973], [-118.43354785193095, 34.01238419999382], [-118.43462812052192, 34.012371602197646], [-118.43461297973741, 34.0114715525679]]]}}, {"type": "Feature", "properties": {"tile_id": 90, "average_temperature": 18.6878}, "geometry": {"type": "Polygon", "coordinates": [[[-118.43353272253786, 34.01148414993973], [-118.43245246466752, 34.01149673782826], [-118.43246758266916, 34.01239678830636], [-118.43354785193095, 34.01238419999382], [-118.43353272253786, 34.01148414993973]]]}}, {"type": "Feature", "properties": {"tile_id": 91, "average_temperature": 18.6881}, "geometry": {"type": "Polygon", "coordinates": [[[-118.43245246466752, 34.01149673782826], [-118.43137220612691, 34.01150931623346], [-118.43138731273707, 34.01240936713526], [-118.43246758266916, 34.01239678830636], [-118.43245246466752, 34.01149673782826]]]}}, {"type": "Feature", "properties": {"tile_id": 92, "average_temperature": 18.6869}, "geometry": {"type": "Polygon", "coordinates": [[[-118.43137220612691, 34.01150931623346], [-118.43029194691651, 34.01152188515532], [-118.43030704213515, 34.01242193648049], [-118.43138731273707, 34.01240936713526], [-118.43137220612691, 34.01150931623346]]]}}, {"type": "Feature", "properties": {"tile_id": 93, "average_temperature": 18.6847}, "geometry": {"type": "Polygon", "coordinates": [[[-118.43029194691651, 34.01152188515532], [-118.42921168703683, 34.01153444459381], [-118.42922677086395, 34.012434496342046], [-118.43030704213515, 34.01242193648049], [-118.43029194691651, 34.01152188515532]]]}}, {"type": "Feature", "properties": {"tile_id": 94, "average_temperature": 18.6821}, "geometry": {"type": "Polygon", "coordinates": [[[-118.42921168703683, 34.01153444459381], [-118.42813142648839, 34.011546994548915], [-118.42814649892392, 34.0124470467199], [-118.42922677086395, 34.012434496342046], [-118.42921168703683, 34.01153444459381]]]}}, {"type": "Feature", "properties": {"tile_id": 95, "average_temperature": 18.6794}, "geometry": {"type": "Polygon", "coordinates": [[[-118.42813142648839, 34.011546994548915], [-118.42705116527168, 34.01155953502063], [-118.42706622631565, 34.012459587614025], [-118.42814649892392, 34.0124470467199], [-118.42813142648839, 34.011546994548915]]]}}, {"type": "Feature", "properties": {"tile_id": 96, "average_temperature": 18.6771}, "geometry": {"type": "Polygon", "coordinates": [[[-118.42705116527168, 34.01155953502063], [-118.4259709033872, 34.0115720660089], [-118.42598595303953, 34.0124721190244], [-118.42706622631565, 34.012459587614025], [-118.42705116527168, 34.01155953502063]]]}}, {"type": "Feature", "properties": {"tile_id": 97, "average_temperature": 18.6753}, "geometry": {"type": "Polygon", "coordinates": [[[-118.4259709033872, 34.0115720660089], [-118.4248906408355, 34.01158458751374], [-118.42490567909616, 34.012484640951016], [-118.42598595303953, 34.0124721190244], [-118.4259709033872, 34.0115720660089]]]}}, {"type": "Feature", "properties": {"tile_id": 98, "average_temperature": 18.6741}, "geometry": {"type": "Polygon", "coordinates": [[[-118.4248906408355, 34.01158458751374], [-118.42381037761702, 34.01159709953512], [-118.423825404486, 34.01249715339386], [-118.42490567909616, 34.012484640951016], [-118.4248906408355, 34.01158458751374]]]}}, {"type": "Feature", "properties": {"tile_id": 99, "average_temperature": 18.6734}, "geometry": {"type": "Polygon", "coordinates": [[[-118.42381037761702, 34.01159709953512], [-118.42273011373227, 34.011609602073015], [-118.42274512920957, 34.01250965635289], [-118.423825404486, 34.01249715339386], [-118.42381037761702, 34.01159709953512]]]}}, {"type": "Feature", "properties": {"tile_id": 100, "average_temperature": 18.673}, "geometry": {"type": "Polygon", "coordinates": [[[-118.42273011373227, 34.011609602073015], [-118.42164984918183, 34.011622095127414], [-118.42166485326739, 34.012522149828115], [-118.42274512920957, 34.01250965635289], [-118.42273011373227, 34.011609602073015]]]}}, {"type": "Feature", "properties": {"tile_id": 101, "average_temperature": 18.673}, "geometry": {"type": "Polygon", "coordinates": [[[-118.42164984918183, 34.011622095127414], [-118.42056958396613, 34.011634578698285], [-118.42058457665992, 34.01253463381949], [-118.42166485326739, 34.012522149828115], [-118.42164984918183, 34.011622095127414]]]}}, {"type": "Feature", "properties": {"tile_id": 102, "average_temperature": 18.6733}, "geometry": {"type": "Polygon", "coordinates": [[[-118.42056958396613, 34.011634578698285], [-118.4194893180857, 34.01164705278562], [-118.41950429938771, 34.012547108327006], [-118.42058457665992, 34.01253463381949], [-118.42056958396613, 34.011634578698285]]]}}, {"type": "Feature", "properties": {"tile_id": 103, "average_temperature": 18.6739}, "geometry": {"type": "Polygon", "coordinates": [[[-118.4194893180857, 34.01164705278562], [-118.41840905154105, 34.0116595173894], [-118.41842402145123, 34.01255957335066], [-118.41950429938771, 34.012547108327006], [-118.4194893180857, 34.01164705278562]]]}}, {"type": "Feature", "properties": {"tile_id": 104, "average_temperature": 18.5752}, "geometry": {"type": "Polygon", "coordinates": [[[-118.44002945339687, 34.0123084709631], [-118.43894918816754, 34.0123211161771], [-118.43896437519147, 34.01322116396841], [-118.44004465181258, 34.01320851832847], [-118.44002945339687, 34.0123084709631]]]}}, {"type": "Feature", "properties": {"tile_id": 105, "average_temperature": 18.594}, "geometry": {"type": "Polygon", "coordinates": [[[-118.43894918816754, 34.0123211161771], [-118.43786892226488, 34.01233375190758], [-118.43788409789701, 34.0132338001245], [-118.43896437519147, 34.01322116396841], [-118.43894918816754, 34.0123211161771]]]}}, {"type": "Feature", "properties": {"tile_id": 106, "average_temperature": 18.6101}, "geometry": {"type": "Polygon", "coordinates": [[[-118.43786892226488, 34.01233375190758], [-118.4367886556894, 34.01234637815451], [-118.43680381992966, 34.013246426796734], [-118.43788409789701, 34.0132338001245], [-118.43786892226488, 34.01233375190758]]]}}, {"type": "Feature", "properties": {"tile_id": 107, "average_temperature": 18.6235}, "geometry": {"type": "Polygon", "coordinates": [[[-118.4367886556894, 34.01234637815451], [-118.43570838844157, 34.01235899491787], [-118.43572354128997, 34.01325904398508], [-118.43680381992966, 34.013246426796734], [-118.4367886556894, 34.01234637815451]]]}}, {"type": "Feature", "properties": {"tile_id": 108, "average_temperature": 18.6345}, "geometry": {"type": "Polygon", "coordinates": [[[-118.43570838844157, 34.01235899491787], [-118.43462812052192, 34.012371602197646], [-118.43464326197842, 34.01327165168953], [-118.43572354128997, 34.01325904398508], [-118.43570838844157, 34.01235899491787]]]}}, {"type": "Feature", "properties": {"tile_id": 109, "average_temperature": 18.6434}, "geometry": {"type": "Polygon", "coordinates": [[[-118.43462812052192, 34.012371602197646], [-118.43354785193095, 34.01238419999382], [-118.43356298199552, 34.01328424991004], [-118.43464326197842, 34.01327165168953], [-118.43462812052192, 34.012371602197646]]]}}, {"type": "Feature", "properties": {"tile_id": 110, "average_temperature": 18.6503}, "geometry": {"type": "Polygon", "coordinates": [[[-118.43354785193095, 34.01238419999382], [-118.43246758266916, 34.01239678830636], [-118.43248270134178, 34.01329683864661], [-118.43356298199552, 34.01328424991004], [-118.43354785193095, 34.01238419999382]]]}}, {"type": "Feature", "properties": {"tile_id": 111, "average_temperature": 18.6557}, "geometry": {"type": "Polygon", "coordinates": [[[-118.43246758266916, 34.01239678830636], [-118.43138731273707, 34.01240936713526], [-118.4314024200177, 34.013309417899215], [-118.43248270134178, 34.01329683864661], [-118.43246758266916, 34.01239678830636]]]}}, {"type": "Feature", "properties": {"tile_id": 112, "average_temperature": 18.6597}, "geometry": {"type": "Polygon", "coordinates": [[[-118.43138731273707, 34.01240936713526], [-118.43030704213515, 34.01242193648049], [-118.43032213802377, 34.01332198766784], [-118.4314024200177, 34.013309417899215], [-118.43138731273707, 34.01240936713526]]]}}, {"type": "Feature", "properties": {"tile_id": 113, "average_temperature": 18.6626}, "geometry": {"type": "Polygon", "coordinates": [[[-118.43030704213515, 34.01242193648049], [-118.42922677086395, 34.012434496342046], [-118.42924185536053, 34.013334547952454], [-118.43032213802377, 34.01332198766784], [-118.43030704213515, 34.01242193648049]]]}}, {"type": "Feature", "properties": {"tile_id": 114, "average_temperature": 18.6645}, "geometry": {"type": "Polygon", "coordinates": [[[-118.42922677086395, 34.012434496342046], [-118.42814649892392, 34.0124470467199], [-118.42816157202843, 34.01334709875305], [-118.42924185536053, 34.013334547952454], [-118.42922677086395, 34.012434496342046]]]}}, {"type": "Feature", "properties": {"tile_id": 115, "average_temperature": 18.6656}, "geometry": {"type": "Polygon", "coordinates": [[[-118.42814649892392, 34.0124470467199], [-118.42706622631565, 34.012459587614025], [-118.42708128802802, 34.01335964006961], [-118.42816157202843, 34.01334709875305], [-118.42814649892392, 34.0124470467199]]]}}, {"type": "Feature", "properties": {"tile_id": 116, "average_temperature": 18.6661}, "geometry": {"type": "Polygon", "coordinates": [[[-118.42706622631565, 34.012459587614025], [-118.42598595303953, 34.0124721190244], [-118.42600100335981, 34.01337217190209], [-118.42708128802802, 34.01335964006961], [-118.42706622631565, 34.012459587614025]]]}}, {"type": "Feature", "properties": {"tile_id": 117, "average_temperature": 18.6662}, "geometry": {"type": "Polygon", "coordinates": [[[-118.42598595303953, 34.0124721190244], [-118.42490567909616, 34.012484640951016], [-118.4249207180243, 34.0133846942505], [-118.42600100335981, 34.01337217190209], [-118.42598595303953, 34.0124721190244]]]}}, {"type": "Feature", "properties": {"tile_id": 118, "average_temperature": 18.6658}, "geometry": {"type": "Polygon", "coordinates": [[[-118.42490567909616, 34.012484640951016], [-118.423825404486, 34.01249715339386], [-118.42384043202195, 34.01339720711481], [-118.4249207180243, 34.0133846942505], [-118.42490567909616, 34.012484640951016]]]}}, {"type": "Feature", "properties": {"tile_id": 119, "average_temperature": 18.6652}, "geometry": {"type": "Polygon", "coordinates": [[[-118.423825404486, 34.01249715339386], [-118.42274512920957, 34.01250965635289], [-118.42276014535332, 34.013409710495004], [-118.42384043202195, 34.01339720711481], [-118.423825404486, 34.01249715339386]]]}}, {"type": "Feature", "properties": {"tile_id": 120, "average_temperature": 18.6644}, "geometry": {"type": "Polygon", "coordinates": [[[-118.42274512920957, 34.01250965635289], [-118.42166485326739, 34.012522149828115], [-118.42167985801888, 34.01342220439105], [-118.42276014535332, 34.013409710495004], [-118.42274512920957, 34.01250965635289]]]}}, {"type": "Feature", "properties": {"tile_id": 121, "average_temperature": 18.6636}, "geometry": {"type": "Polygon", "coordinates": [[[-118.42166485326739, 34.012522149828115], [-118.42058457665992, 34.01253463381949], [-118.42059957001915, 34.01343468880294], [-118.42167985801888, 34.01342220439105], [-118.42166485326739, 34.012522149828115]]]}}, {"type": "Feature", "properties": {"tile_id": 122, "average_temperature": 18.6629}, "geometry": {"type": "Polygon", "coordinates": [[[-118.42058457665992, 34.01253463381949], [-118.41950429938771, 34.012547108327006], [-118.41951928135464, 34.01344716373065], [-118.42059957001915, 34.01343468880294], [-118.42058457665992, 34.01253463381949]]]}}, {"type": "Feature", "properties": {"tile_id": 123, "average_temperature": 18.6625}, "geometry": {"type": "Polygon", "coordinates": [[[-118.41950429938771, 34.012547108327006], [-118.41842402145123, 34.01255957335066], [-118.41843899202581, 34.013459629174164], [-118.41951928135464, 34.01344716373065], [-118.41950429938771, 34.012547108327006]]]}}, {"type": "Feature", "properties": {"tile_id": 124, "average_temperature": 18.6626}, "geometry": {"type": "Polygon", "coordinates": [[[-118.41842402145123, 34.01255957335066], [-118.417343742851, 34.01257202889039], [-118.41735870203325, 34.01347208513346], [-118.41843899202581, 34.013459629174164], [-118.41842402145123, 34.01255957335066]]]}}, {"type": "Feature", "properties": {"tile_id": 125, "average_temperature": 18.6633}, "geometry": {"type": "Polygon", "coordinates": [[[-118.417343742851, 34.01257202889039], [-118.41626346358751, 34.01258447494622], [-118.4162784113774, 34.01348453160853], [-118.41735870203325, 34.01347208513346], [-118.417343742851, 34.01257202889039]]]}}, {"type": "Feature", "properties": {"tile_id": 126, "average_temperature": 18.4995}, "geometry": {"type": "Polygon", "coordinates": [[[-118.44112492775979, 34.01319586320469], [-118.44004465181258, 34.01320851832847], [-118.44005985090284, 34.0141085655559], [-118.44114013824232, 34.014095910005864], [-118.44112492775979, 34.01319586320469]]]}}, {"type": "Feature", "properties": {"tile_id": 127, "average_temperature": 18.5174}, "geometry": {"type": "Polygon", "coordinates": [[[-118.44004465181258, 34.01320851832847], [-118.43896437519147, 34.01322116396841], [-118.43897956288944, 34.0141212116218], [-118.44005985090284, 34.0141085655559], [-118.44004465181258, 34.01320851832847]]]}}, {"type": "Feature", "properties": {"tile_id": 128, "average_temperature": 18.5347}, "geometry": {"type": "Polygon", "coordinates": [[[-118.43896437519147, 34.01322116396841], [-118.43788409789701, 34.0132338001245], [-118.43789927420266, 34.01413384820353], [-118.43897956288944, 34.0141212116218], [-118.43896437519147, 34.01322116396841]]]}}, {"type": "Feature", "properties": {"tile_id": 129, "average_temperature": 18.5511}, "geometry": {"type": "Polygon", "coordinates": [[[-118.43788409789701, 34.0132338001245], [-118.43680381992966, 34.013246426796734], [-118.43681898484299, 34.01414647530107], [-118.43789927420266, 34.01413384820353], [-118.43788409789701, 34.0132338001245]]]}}, {"type": "Feature", "properties": {"tile_id": 130, "average_temperature": 18.5666}, "geometry": {"type": "Polygon", "coordinates": [[[-118.43680381992966, 34.013246426796734], [-118.43572354128997, 34.01325904398508], [-118.43573869481091, 34.014159092914404], [-118.43681898484299, 34.01414647530107], [-118.43680381992966, 34.013246426796734]]]}}, {"type": "Feature", "properties": {"tile_id": 131, "average_temperature": 18.5811}, "geometry": {"type": "Polygon", "coordinates": [[[-118.43572354128997, 34.01325904398508], [-118.43464326197842, 34.01327165168953], [-118.43465840410695, 34.01417170104353], [-118.43573869481091, 34.014159092914404], [-118.43572354128997, 34.01325904398508]]]}}, {"type": "Feature", "properties": {"tile_id": 132, "average_temperature": 18.5947}, "geometry": {"type": "Polygon", "coordinates": [[[-118.43464326197842, 34.01327165168953], [-118.43356298199552, 34.01328424991004], [-118.43357811273162, 34.01418429968839], [-118.43465840410695, 34.01417170104353], [-118.43464326197842, 34.01327165168953]]]}}, {"type": "Feature", "properties": {"tile_id": 133, "average_temperature": 18.6072}, "geometry": {"type": "Polygon", "coordinates": [[[-118.43356298199552, 34.01328424991004], [-118.43248270134178, 34.01329683864661], [-118.43249782068541, 34.01419688884899], [-118.43357811273162, 34.01418429968839], [-118.43356298199552, 34.01328424991004]]]}}, {"type": "Feature", "properties": {"tile_id": 134, "average_temperature": 18.6185}, "geometry": {"type": "Polygon", "coordinates": [[[-118.43248270134178, 34.01329683864661], [-118.4314024200177, 34.013309417899215], [-118.43141752796883, 34.01420946852531], [-118.43249782068541, 34.01419688884899], [-118.43248270134178, 34.01329683864661]]]}}, {"type": "Feature", "properties": {"tile_id": 135, "average_temperature": 18.6287}, "geometry": {"type": "Polygon", "coordinates": [[[-118.4314024200177, 34.013309417899215], [-118.43032213802377, 34.01332198766784], [-118.4303372345824, 34.01422203871733], [-118.43141752796883, 34.01420946852531], [-118.4314024200177, 34.013309417899215]]]}}, {"type": "Feature", "properties": {"tile_id": 136, "average_temperature": 18.6375}, "geometry": {"type": "Polygon", "coordinates": [[[-118.43032213802377, 34.01332198766784], [-118.42924185536053, 34.013334547952454], [-118.4292569405266, 34.01423459942503], [-118.4303372345824, 34.01422203871733], [-118.43032213802377, 34.01332198766784]]]}}, {"type": "Feature", "properties": {"tile_id": 137, "average_temperature": 18.6448}, "geometry": {"type": "Polygon", "coordinates": [[[-118.42924185536053, 34.013334547952454], [-118.42816157202843, 34.01334709875305], [-118.42817664580194, 34.01424715064837], [-118.4292569405266, 34.01423459942503], [-118.42924185536053, 34.013334547952454]]]}}, {"type": "Feature", "properties": {"tile_id": 138, "average_temperature": 18.6505}, "geometry": {"type": "Polygon", "coordinates": [[[-118.42816157202843, 34.01334709875305], [-118.42708128802802, 34.01335964006961], [-118.42709635040895, 34.01425969238736], [-118.42817664580194, 34.01424715064837], [-118.42816157202843, 34.01334709875305]]]}}, {"type": "Feature", "properties": {"tile_id": 139, "average_temperature": 18.6544}, "geometry": {"type": "Polygon", "coordinates": [[[-118.42708128802802, 34.01335964006961], [-118.42600100335981, 34.01337217190209], [-118.42601605434808, 34.01427222464197], [-118.42709635040895, 34.01425969238736], [-118.42708128802802, 34.01335964006961]]]}}, {"type": "Feature", "properties": {"tile_id": 140, "average_temperature": 18.6566}, "geometry": {"type": "Polygon", "coordinates": [[[-118.42600100335981, 34.01337217190209], [-118.4249207180243, 34.0133846942505], [-118.42493575761989, 34.014284747412184], [-118.42601605434808, 34.01427222464197], [-118.42600100335981, 34.01337217190209]]]}}, {"type": "Feature", "properties": {"tile_id": 141, "average_temperature": 18.6573}, "geometry": {"type": "Polygon", "coordinates": [[[-118.4249207180243, 34.0133846942505], [-118.42384043202195, 34.01339720711481], [-118.42385546022486, 34.01429726069798], [-118.42493575761989, 34.014284747412184], [-118.4249207180243, 34.0133846942505]]]}}, {"type": "Feature", "properties": {"tile_id": 142, "average_temperature": 18.6569}, "geometry": {"type": "Polygon", "coordinates": [[[-118.42384043202195, 34.01339720711481], [-118.42276014535332, 34.013409710495004], [-118.4227751621635, 34.01430976449932], [-118.42385546022486, 34.01429726069798], [-118.42384043202195, 34.01339720711481]]]}}, {"type": "Feature", "properties": {"tile_id": 143, "average_temperature": 18.6557}, "geometry": {"type": "Polygon", "coordinates": [[[-118.42276014535332, 34.013409710495004], [-118.42167985801888, 34.01342220439105], [-118.42169486343631, 34.014322258816215], [-118.4227751621635, 34.01430976449932], [-118.42276014535332, 34.013409710495004]]]}}, {"type": "Feature", "properties": {"tile_id": 144, "average_temperature": 18.6541}, "geometry": {"type": "Polygon", "coordinates": [[[-118.42167985801888, 34.01342220439105], [-118.42059957001915, 34.01343468880294], [-118.42061456404382, 34.014334743648625], [-118.42169486343631, 34.014322258816215], [-118.42167985801888, 34.01342220439105]]]}}, {"type": "Feature", "properties": {"tile_id": 145, "average_temperature": 18.6523}, "geometry": {"type": "Polygon", "coordinates": [[[-118.42059957001915, 34.01343468880294], [-118.41951928135464, 34.01344716373065], [-118.41953426398649, 34.014347218996534], [-118.42061456404382, 34.014334743648625], [-118.42059957001915, 34.01343468880294]]]}}, {"type": "Feature", "properties": {"tile_id": 146, "average_temperature": 18.6508}, "geometry": {"type": "Polygon", "coordinates": [[[-118.41951928135464, 34.01344716373065], [-118.41843899202581, 34.013459629174164], [-118.41845396326485, 34.01435968485993], [-118.41953426398649, 34.014347218996534], [-118.41951928135464, 34.01344716373065]]]}}, {"type": "Feature", "properties": {"tile_id": 147, "average_temperature": 18.6499}, "geometry": {"type": "Polygon", "coordinates": [[[-118.41843899202581, 34.013459629174164], [-118.41735870203325, 34.01347208513346], [-118.41737366187941, 34.0143721412388], [-118.41845396326485, 34.01435968485993], [-118.41843899202581, 34.013459629174164]]]}}, {"type": "Feature", "properties": {"tile_id": 148, "average_temperature": 18.65}, "geometry": {"type": "Polygon", "coordinates": [[[-118.41735870203325, 34.01347208513346], [-118.4162784113774, 34.01348453160853], [-118.41629335983066, 34.014384588133105], [-118.41737366187941, 34.0143721412388], [-118.41735870203325, 34.01347208513346]]]}}, {"type": "Feature", "properties": {"tile_id": 149, "average_temperature": 18.6515}, "geometry": {"type": "Polygon", "coordinates": [[[-118.4162784113774, 34.01348453160853], [-118.41519812005878, 34.013496968599334], [-118.41521305711915, 34.014397025542834], [-118.41629335983066, 34.014384588133105], [-118.4162784113774, 34.01348453160853]]]}}, {"type": "Feature", "properties": {"tile_id": 150, "average_temperature": 18.4314}, "geometry": {"type": "Polygon", "coordinates": [[[-118.44222042490739, 34.014083244971694], [-118.44114013824232, 34.014095910005864], [-118.4411553493999, 34.01499595666911], [-118.44223564745772, 34.014983291208345], [-118.44222042490739, 34.014083244971694]]]}}, {"type": "Feature", "properties": {"tile_id": 151, "average_temperature": 18.4446}, "geometry": {"type": "Polygon", "coordinates": [[[-118.44114013824232, 34.014095910005864], [-118.44005985090284, 34.0141085655559], [-118.44007505066766, 34.015008612645424], [-118.4411553493999, 34.01499595666911], [-118.44114013824232, 34.014095910005864]]]}}, {"type": "Feature", "properties": {"tile_id": 152, "average_temperature": 18.459}, "geometry": {"type": "Polygon", "coordinates": [[[-118.44005985090284, 34.0141085655559], [-118.43897956288944, 34.0141212116218], [-118.4389947512615, 34.015021259137285], [-118.44007505066766, 34.015008612645424], [-118.44005985090284, 34.0141085655559]]]}}, {"type": "Feature", "properties": {"tile_id": 153, "average_temperature": 18.4743}, "geometry": {"type": "Polygon", "coordinates": [[[-118.43897956288944, 34.0141212116218], [-118.43789927420266, 34.01413384820353], [-118.43791445118187, 34.01503389614465], [-118.4389947512615, 34.015021259137285], [-118.43897956288944, 34.0141212116218]]]}}, {"type": "Feature", "properties": {"tile_id": 154, "average_temperature": 18.4909}, "geometry": {"type": "Polygon", "coordinates": [[[-118.43789927420266, 34.01413384820353], [-118.43681898484299, 34.01414647530107], [-118.43683415042933, 34.015046523667515], [-118.43791445118187, 34.01503389614465], [-118.43789927420266, 34.01413384820353]]]}}, {"type": "Feature", "properties": {"tile_id": 155, "average_temperature": 18.5084}, "geometry": {"type": "Polygon", "coordinates": [[[-118.43681898484299, 34.01414647530107], [-118.43573869481091, 34.014159092914404], [-118.43575384900439, 34.01505914170585], [-118.43683415042933, 34.015046523667515], [-118.43681898484299, 34.01414647530107]]]}}, {"type": "Feature", "properties": {"tile_id": 156, "average_temperature": 18.5266}, "geometry": {"type": "Polygon", "coordinates": [[[-118.43573869481091, 34.014159092914404], [-118.43465840410695, 34.01417170104353], [-118.43467354690753, 34.01507175025965], [-118.43575384900439, 34.01505914170585], [-118.43573869481091, 34.014159092914404]]]}}, {"type": "Feature", "properties": {"tile_id": 157, "average_temperature": 18.5449}, "geometry": {"type": "Polygon", "coordinates": [[[-118.43465840410695, 34.01417170104353], [-118.43357811273162, 34.01418429968839], [-118.43359324413925, 34.01508434932887], [-118.43467354690753, 34.01507175025965], [-118.43465840410695, 34.01417170104353]]]}}, {"type": "Feature", "properties": {"tile_id": 158, "average_temperature": 18.5631}, "geometry": {"type": "Polygon", "coordinates": [[[-118.43357811273162, 34.01418429968839], [-118.43249782068541, 34.01419688884899], [-118.43251294070008, 34.01509693891352], [-118.43359324413925, 34.01508434932887], [-118.43357811273162, 34.01418429968839]]]}}, {"type": "Feature", "properties": {"tile_id": 159, "average_temperature": 18.5806}, "geometry": {"type": "Polygon", "coordinates": [[[-118.43249782068541, 34.01419688884899], [-118.43141752796883, 34.01420946852531], [-118.43143263659051, 34.01510951901358], [-118.43251294070008, 34.01509693891352], [-118.43249782068541, 34.01419688884899]]]}}, {"type": "Feature", "properties": {"tile_id": 160, "average_temperature": 18.5971}, "geometry": {"type": "Polygon", "coordinates": [[[-118.43141752796883, 34.01420946852531], [-118.4303372345824, 34.01422203871733], [-118.43035233181104, 34.015122089628996], [-118.43143263659051, 34.01510951901358], [-118.43141752796883, 34.01420946852531]]]}}, {"type": "Feature", "properties": {"tile_id": 161, "average_temperature": 18.6121}, "geometry": {"type": "Polygon", "coordinates": [[[-118.4303372345824, 34.01422203871733], [-118.4292569405266, 34.01423459942503], [-118.4292720263622, 34.01513465075977], [-118.43035233181104, 34.015122089628996], [-118.4303372345824, 34.01422203871733]]]}}, {"type": "Feature", "properties": {"tile_id": 162, "average_temperature": 18.625}, "geometry": {"type": "Polygon", "coordinates": [[[-118.4292569405266, 34.01423459942503], [-118.42817664580194, 34.01424715064837], [-118.42819172024446, 34.015147202405885], [-118.4292720263622, 34.01513465075977], [-118.4292569405266, 34.01423459942503]]]}}, {"type": "Feature", "properties": {"tile_id": 163, "average_temperature": 18.6355}, "geometry": {"type": "Polygon", "coordinates": [[[-118.42817664580194, 34.01424715064837], [-118.42709635040895, 34.01425969238736], [-118.42711141345833, 34.01515974456732], [-118.42819172024446, 34.015147202405885], [-118.42817664580194, 34.01424715064837]]]}}, {"type": "Feature", "properties": {"tile_id": 164, "average_temperature": 18.643}, "geometry": {"type": "Polygon", "coordinates": [[[-118.42709635040895, 34.01425969238736], [-118.42601605434808, 34.01427222464197], [-118.42603110600434, 34.01517227724405], [-118.42711141345833, 34.01515974456732], [-118.42709635040895, 34.01425969238736]]]}}, {"type": "Feature", "properties": {"tile_id": 165, "average_temperature": 18.6474}, "geometry": {"type": "Polygon", "coordinates": [[[-118.42601605434808, 34.01427222464197], [-118.42493575761989, 34.014284747412184], [-118.424950797883, 34.01518480043608], [-118.42603110600434, 34.01517227724405], [-118.42601605434808, 34.01427222464197]]]}}, {"type": "Feature", "properties": {"tile_id": 166, "average_temperature": 18.6494}, "geometry": {"type": "Polygon", "coordinates": [[[-118.42493575761989, 34.014284747412184], [-118.42385546022486, 34.01429726069798], [-118.42387048909478, 34.01519731414334], [-118.424950797883, 34.01518480043608], [-118.42493575761989, 34.014284747412184]]]}}, {"type": "Feature", "properties": {"tile_id": 167, "average_temperature": 18.6494}, "geometry": {"type": "Polygon", "coordinates": [[[-118.42385546022486, 34.01429726069798], [-118.4227751621635, 34.01430976449932], [-118.4227901796402, 34.015209818365875], [-118.42387048909478, 34.01519731414334], [-118.42385546022486, 34.01429726069798]]]}}, {"type": "Feature", "properties": {"tile_id": 168, "average_temperature": 18.6478}, "geometry": {"type": "Polygon", "coordinates": [[[-118.4227751621635, 34.01430976449932], [-118.42169486343631, 34.014322258816215], [-118.42170986951976, 34.01522231310361], [-118.4227901796402, 34.015209818365875], [-118.4227751621635, 34.01430976449932]]]}}, {"type": "Feature", "properties": {"tile_id": 169, "average_temperature": 18.6454}, "geometry": {"type": "Polygon", "coordinates": [[[-118.42169486343631, 34.014322258816215], [-118.42061456404382, 34.014334743648625], [-118.42062955873398, 34.01523479835655], [-118.42170986951976, 34.01522231310361], [-118.42169486343631, 34.014322258816215]]]}}, {"type": "Feature", "properties": {"tile_id": 170, "average_temperature": 18.6426}, "geometry": {"type": "Polygon", "coordinates": [[[-118.42061456404382, 34.014334743648625], [-118.41953426398649, 34.014347218996534], [-118.41954924728333, 34.015247274124675], [-118.42062955873398, 34.01523479835655], [-118.42061456404382, 34.014334743648625]]]}}, {"type": "Feature", "properties": {"tile_id": 171, "average_temperature": 18.6399}, "geometry": {"type": "Polygon", "coordinates": [[[-118.41953426398649, 34.014347218996534], [-118.41845396326485, 34.01435968485993], [-118.41846893516838, 34.01525974040797], [-118.41954924728333, 34.015247274124675], [-118.41953426398649, 34.014347218996534]]]}}, {"type": "Feature", "properties": {"tile_id": 172, "average_temperature": 18.6379}, "geometry": {"type": "Polygon", "coordinates": [[[-118.41845396326485, 34.01435968485993], [-118.41737366187941, 34.0143721412388], [-118.41738862238955, 34.01527219720639], [-118.41846893516838, 34.01525974040797], [-118.41845396326485, 34.01435968485993]]]}}, {"type": "Feature", "properties": {"tile_id": 173, "average_temperature": 18.6373}, "geometry": {"type": "Polygon", "coordinates": [[[-118.41737366187941, 34.0143721412388], [-118.41629335983066, 34.014384588133105], [-118.41630830894742, 34.01528464451995], [-118.41738862238955, 34.01527219720639], [-118.41737366187941, 34.0143721412388]]]}}, {"type": "Feature", "properties": {"tile_id": 174, "average_temperature": 18.6385}, "geometry": {"type": "Polygon", "coordinates": [[[-118.41629335983066, 34.014384588133105], [-118.41521305711915, 34.014397025542834], [-118.41522799484247, 34.01529708234862], [-118.41630830894742, 34.01528464451995], [-118.41629335983066, 34.014384588133105]]]}}, {"type": "Feature", "properties": {"tile_id": 175, "average_temperature": 18.6419}, "geometry": {"type": "Polygon", "coordinates": [[[-118.41521305711915, 34.014397025542834], [-118.41413275374532, 34.01440945346796], [-118.41414768007519, 34.01530951069236], [-118.41522799484247, 34.01529708234862], [-118.41521305711915, 34.014397025542834]]]}}, {"type": "Feature", "properties": {"tile_id": 176, "average_temperature": 18.6469}, "geometry": {"type": "Polygon", "coordinates": [[[-118.41413275374532, 34.01440945346796], [-118.4130524497097, 34.01442187190849], [-118.4130673646461, 34.015321929551185], [-118.41414768007519, 34.01530951069236], [-118.41413275374532, 34.01440945346796]]]}}, {"type": "Feature", "properties": {"tile_id": 177, "average_temperature": 18.3867}, "geometry": {"type": "Polygon", "coordinates": [[[-118.44223564745772, 34.01498329120834], [-118.4411553493999, 34.014995956669104], [-118.44117056123264, 34.01589600319441], [-118.4422508706837, 34.015883337307045], [-118.44223564745772, 34.01498329120834]]]}}, {"type": "Feature", "properties": {"tile_id": 178, "average_temperature": 18.3951}, "geometry": {"type": "Polygon", "coordinates": [[[-118.4411553493999, 34.014995956669104], [-118.44007505066766, 34.01500861264542], [-118.44009025110712, 34.01590865959702], [-118.44117056123264, 34.01589600319441], [-118.4411553493999, 34.014995956669104]]]}}, {"type": "Feature", "properties": {"tile_id": 179, "average_temperature": 18.4059}, "geometry": {"type": "Polygon", "coordinates": [[[-118.44007505066766, 34.01500861264542], [-118.4389947512615, 34.01502125913727], [-118.43900994030761, 34.01592130651484], [-118.44009025110712, 34.01590865959702], [-118.44007505066766, 34.01500861264542]]]}}, {"type": "Feature", "properties": {"tile_id": 180, "average_temperature": 18.4194}, "geometry": {"type": "Polygon", "coordinates": [[[-118.4389947512615, 34.01502125913727], [-118.43791445118187, 34.015033896144644], [-118.43792962883468, 34.01593394394786], [-118.43900994030761, 34.01592130651484], [-118.4389947512615, 34.01502125913727]]]}}, {"type": "Feature", "properties": {"tile_id": 181, "average_temperature": 18.436}, "geometry": {"type": "Polygon", "coordinates": [[[-118.43791445118187, 34.015033896144644], [-118.43683415042933, 34.015046523667515], [-118.4368493166888, 34.01594657189605], [-118.43792962883468, 34.01593394394786], [-118.43791445118187, 34.015033896144644]]]}}, {"type": "Feature", "properties": {"tile_id": 182, "average_temperature": 18.4554}, "geometry": {"type": "Polygon", "coordinates": [[[-118.43683415042933, 34.015046523667515], [-118.43575384900439, 34.01505914170584], [-118.43576900387045, 34.0159591903594], [-118.4368493166888, 34.01594657189605], [-118.43683415042933, 34.015046523667515]]]}}, {"type": "Feature", "properties": {"tile_id": 183, "average_temperature": 18.4768}, "geometry": {"type": "Polygon", "coordinates": [[[-118.43575384900439, 34.01505914170584], [-118.43467354690753, 34.01507175025965], [-118.43468869038018, 34.01597179933788], [-118.43576900387045, 34.0159591903594], [-118.43575384900439, 34.01505914170584]]]}}, {"type": "Feature", "properties": {"tile_id": 184, "average_temperature": 18.4995}, "geometry": {"type": "Polygon", "coordinates": [[[-118.43467354690753, 34.01507175025965], [-118.43359324413925, 34.01508434932887], [-118.43360837621847, 34.015984398831485], [-118.43468869038018, 34.01597179933788], [-118.43467354690753, 34.01507175025965]]]}}, {"type": "Feature", "properties": {"tile_id": 185, "average_temperature": 18.5228}, "geometry": {"type": "Polygon", "coordinates": [[[-118.43359324413925, 34.01508434932887], [-118.43251294070008, 34.015096938913516], [-118.43252806138584, 34.01599698884018], [-118.43360837621847, 34.015984398831485], [-118.43359324413925, 34.01508434932887]]]}}, {"type": "Feature", "properties": {"tile_id": 186, "average_temperature": 18.546}, "geometry": {"type": "Polygon", "coordinates": [[[-118.43251294070008, 34.015096938913516], [-118.43143263659051, 34.01510951901356], [-118.43144774588275, 34.01600956936396], [-118.43252806138584, 34.01599698884018], [-118.43251294070008, 34.015096938913516]]]}}, {"type": "Feature", "properties": {"tile_id": 187, "average_temperature": 18.5683}, "geometry": {"type": "Polygon", "coordinates": [[[-118.43143263659051, 34.01510951901356], [-118.43035233181104, 34.01512208962898], [-118.43036742970975, 34.01602214040279], [-118.43144774588275, 34.01600956936396], [-118.43143263659051, 34.01510951901356]]]}}, {"type": "Feature", "properties": {"tile_id": 188, "average_temperature": 18.589}, "geometry": {"type": "Polygon", "coordinates": [[[-118.43035233181104, 34.01512208962898], [-118.4292720263622, 34.01513465075976], [-118.42928711286734, 34.01603470195666], [-118.43036742970975, 34.01602214040279], [-118.43035233181104, 34.01512208962898]]]}}, {"type": "Feature", "properties": {"tile_id": 189, "average_temperature": 18.6071}, "geometry": {"type": "Polygon", "coordinates": [[[-118.4292720263622, 34.01513465075976], [-118.42819172024446, 34.01514720240587], [-118.428206795356, 34.01604725402556], [-118.42928711286734, 34.01603470195666], [-118.4292720263622, 34.01513465075976]]]}}, {"type": "Feature", "properties": {"tile_id": 190, "average_temperature": 18.622}, "geometry": {"type": "Polygon", "coordinates": [[[-118.42819172024446, 34.01514720240587], [-118.42711141345833, 34.01515974456732], [-118.4271264771763, 34.01605979660945], [-118.428206795356, 34.01604725402556], [-118.42819172024446, 34.01514720240587]]]}}, {"type": "Feature", "properties": {"tile_id": 191, "average_temperature": 18.6329}, "geometry": {"type": "Polygon", "coordinates": [[[-118.42711141345833, 34.01515974456732], [-118.42603110600434, 34.01517227724404], [-118.42604615832865, 34.01607232970832], [-118.4271264771763, 34.01605979660945], [-118.42711141345833, 34.01515974456732]]]}}, {"type": "Feature", "properties": {"tile_id": 192, "average_temperature": 18.6396}, "geometry": {"type": "Polygon", "coordinates": [[[-118.42603110600434, 34.01517227724404], [-118.424950797883, 34.01518480043607], [-118.42496583881362, 34.01608485332215], [-118.42604615832865, 34.01607232970832], [-118.42603110600434, 34.01517227724404]]]}}, {"type": "Feature", "properties": {"tile_id": 193, "average_temperature": 18.6428}, "geometry": {"type": "Polygon", "coordinates": [[[-118.424950797883, 34.01518480043607], [-118.42387048909478, 34.015197314143336], [-118.4238855186317, 34.016097367450925], [-118.42496583881362, 34.01608485332215], [-118.424950797883, 34.01518480043607]]]}}, {"type": "Feature", "properties": {"tile_id": 194, "average_temperature": 18.6432}, "geometry": {"type": "Polygon", "coordinates": [[[-118.42387048909478, 34.015197314143336], [-118.4227901796402, 34.01520981836587], [-118.42280519778339, 34.01610987209462], [-118.4238855186317, 34.016097367450925], [-118.42387048909478, 34.015197314143336]]]}}, {"type": "Feature", "properties": {"tile_id": 195, "average_temperature": 18.6415}, "geometry": {"type": "Polygon", "coordinates": [[[-118.4227901796402, 34.01520981836587], [-118.42170986951976, 34.0152223131036], [-118.42172487626921, 34.01612236725322], [-118.42280519778339, 34.01610987209462], [-118.4227901796402, 34.01520981836587]]]}}, {"type": "Feature", "properties": {"tile_id": 196, "average_temperature": 18.6384}, "geometry": {"type": "Polygon", "coordinates": [[[-118.42170986951976, 34.0152223131036], [-118.42062955873398, 34.01523479835654], [-118.42064455408963, 34.01613485292669], [-118.42172487626921, 34.01612236725322], [-118.42170986951976, 34.0152223131036]]]}}, {"type": "Feature", "properties": {"tile_id": 197, "average_temperature": 18.6346}, "geometry": {"type": "Polygon", "coordinates": [[[-118.42062955873398, 34.01523479835654], [-118.41954924728333, 34.01524727412466], [-118.4195642312452, 34.01614732911504], [-118.42064455408963, 34.01613485292669], [-118.42062955873398, 34.01523479835654]]]}}, {"type": "Feature", "properties": {"tile_id": 198, "average_temperature": 18.6309}, "geometry": {"type": "Polygon", "coordinates": [[[-118.41954924728333, 34.01524727412466], [-118.41846893516838, 34.01525974040796], [-118.41848390773639, 34.016159795818226], [-118.4195642312452, 34.01614732911504], [-118.41954924728333, 34.01524727412466]]]}}, {"type": "Feature", "properties": {"tile_id": 199, "average_temperature": 18.6279}, "geometry": {"type": "Polygon", "coordinates": [[[-118.41846893516838, 34.01525974040796], [-118.41738862238955, 34.015272197206386], [-118.4174035835637, 34.016172253036245], [-118.41848390773639, 34.016159795818226], [-118.41846893516838, 34.01525974040796]]]}}, {"type": "Feature", "properties": {"tile_id": 200, "average_temperature": 18.6264}, "geometry": {"type": "Polygon", "coordinates": [[[-118.41738862238955, 34.015272197206386], [-118.41630830894742, 34.01528464451995], [-118.41632325872767, 34.016184700769074], [-118.4174035835637, 34.016172253036245], [-118.41738862238955, 34.015272197206386]]]}}, {"type": "Feature", "properties": {"tile_id": 201, "average_temperature": 18.6272}, "geometry": {"type": "Polygon", "coordinates": [[[-118.41630830894742, 34.01528464451995], [-118.41522799484247, 34.01529708234862], [-118.4152429332288, 34.01619713901666], [-118.41632325872767, 34.016184700769074], [-118.41630830894742, 34.01528464451995]]]}}, {"type": "Feature", "properties": {"tile_id": 202, "average_temperature": 18.6305}, "geometry": {"type": "Polygon", "coordinates": [[[-118.41522799484247, 34.01529708234862], [-118.41414768007519, 34.015309510692354], [-118.41416260706754, 34.01620956777904], [-118.4152429332288, 34.01619713901666], [-118.41522799484247, 34.01529708234862]]]}}, {"type": "Feature", "properties": {"tile_id": 203, "average_temperature": 18.6358}, "geometry": {"type": "Polygon", "coordinates": [[[-118.41414768007519, 34.015309510692354], [-118.4130673646461, 34.01532192955118], [-118.41308228024447, 34.01622198705616], [-118.41416260706754, 34.01620956777904], [-118.41414768007519, 34.015309510692354]]]}}, {"type": "Feature", "properties": {"tile_id": 204, "average_temperature": 18.6428}, "geometry": {"type": "Polygon", "coordinates": [[[-118.4130673646461, 34.01532192955118], [-118.41198704855567, 34.015334338925044], [-118.41200195276005, 34.016234396848], [-118.41308228024447, 34.01622198705616], [-118.4130673646461, 34.01532192955118]]]}}, {"type": "Feature", "properties": {"tile_id": 205, "average_temperature": 18.3504}, "geometry": {"type": "Polygon", "coordinates": [[[-118.44333117945978, 34.01587066193492], [-118.4422508706837, 34.015883337307045], [-118.4422660945853, 34.01678338326781], [-118.4433464147551, 34.01677070746875], [-118.44333117945978, 34.01587066193492]]]}}, {"type": "Feature", "properties": {"tile_id": 206, "average_temperature": 18.3518}, "geometry": {"type": "Polygon", "coordinates": [[[-118.4422508706837, 34.015883337307045], [-118.44117056123264, 34.01589600319441], [-118.4411857737405, 34.01679604958179], [-118.4422660945853, 34.01678338326781], [-118.4422508706837, 34.015883337307045]]]}}, {"type": "Feature", "properties": {"tile_id": 207, "average_temperature": 18.3562}, "geometry": {"type": "Polygon", "coordinates": [[[-118.44117056123264, 34.01589600319441], [-118.44009025110712, 34.01590865959702], [-118.44010545222119, 34.0168087064107], [-118.4411857737405, 34.01679604958179], [-118.44117056123264, 34.01589600319441]]]}}, {"type": "Feature", "properties": {"tile_id": 208, "average_temperature": 18.3642}, "geometry": {"type": "Polygon", "coordinates": [[[-118.44009025110712, 34.01590865959702], [-118.43900994030761, 34.01592130651484], [-118.43902513002789, 34.01682135375449], [-118.44010545222119, 34.0168087064107], [-118.44009025110712, 34.01590865959702]]]}}, {"type": "Feature", "properties": {"tile_id": 209, "average_temperature": 18.3764}, "geometry": {"type": "Polygon", "coordinates": [[[-118.43900994030761, 34.01592130651484], [-118.43792962883468, 34.01593394394786], [-118.43794480716114, 34.01683399161317], [-118.43902513002789, 34.01682135375449], [-118.43900994030761, 34.01592130651484]]]}}, {"type": "Feature", "properties": {"tile_id": 210, "average_temperature": 18.393}, "geometry": {"type": "Polygon", "coordinates": [[[-118.43792962883468, 34.01593394394786], [-118.4368493166888, 34.01594657189605], [-118.43686448362138, 34.016846619986694], [-118.43794480716114, 34.01683399161317], [-118.43792962883468, 34.01593394394786]]]}}, {"type": "Feature", "properties": {"tile_id": 211, "average_temperature": 18.4138}, "geometry": {"type": "Polygon", "coordinates": [[[-118.4368493166888, 34.01594657189605], [-118.43576900387045, 34.0159591903594], [-118.43578415940915, 34.01685923887506], [-118.43686448362138, 34.016846619986694], [-118.4368493166888, 34.01594657189605]]]}}, {"type": "Feature", "properties": {"tile_id": 212, "average_temperature": 18.4377}, "geometry": {"type": "Polygon", "coordinates": [[[-118.43576900387045, 34.0159591903594], [-118.43468869038018, 34.01597179933788], [-118.43470383452494, 34.01687184827824], [-118.43578415940915, 34.01685923887506], [-118.43576900387045, 34.0159591903594]]]}}, {"type": "Feature", "properties": {"tile_id": 213, "average_temperature": 18.4639}, "geometry": {"type": "Polygon", "coordinates": [[[-118.43468869038018, 34.01597179933788], [-118.43360837621847, 34.015984398831485], [-118.43362350896929, 34.01688444819622], [-118.43470383452494, 34.01687184827824], [-118.43468869038018, 34.01597179933788]]]}}, {"type": "Feature", "properties": {"tile_id": 214, "average_temperature": 18.4913}, "geometry": {"type": "Polygon", "coordinates": [[[-118.43360837621847, 34.015984398831485], [-118.43252806138584, 34.01599698884018], [-118.43254318274265, 34.016897038628976], [-118.43362350896929, 34.01688444819622], [-118.43360837621847, 34.015984398831485]]]}}, {"type": "Feature", "properties": {"tile_id": 215, "average_temperature": 18.519}, "geometry": {"type": "Polygon", "coordinates": [[[-118.43252806138584, 34.01599698884018], [-118.43144774588275, 34.01600956936396], [-118.43146285584558, 34.0169096195765], [-118.43254318274265, 34.016897038628976], [-118.43252806138584, 34.01599698884018]]]}}, {"type": "Feature", "properties": {"tile_id": 216, "average_temperature": 18.5458}, "geometry": {"type": "Polygon", "coordinates": [[[-118.43144774588275, 34.01600956936396], [-118.43036742970975, 34.01602214040279], [-118.43038252827856, 34.01692219103875], [-118.43146285584558, 34.0169096195765], [-118.43144774588275, 34.01600956936396]]]}}, {"type": "Feature", "properties": {"tile_id": 217, "average_temperature": 18.5709}, "geometry": {"type": "Polygon", "coordinates": [[[-118.43036742970975, 34.01602214040279], [-118.42928711286734, 34.01603470195666], [-118.42930220004209, 34.01693475301573], [-118.43038252827856, 34.01692219103875], [-118.43036742970975, 34.01602214040279]]]}}, {"type": "Feature", "properties": {"tile_id": 218, "average_temperature": 18.5932}, "geometry": {"type": "Polygon", "coordinates": [[[-118.42928711286734, 34.01603470195666], [-118.428206795356, 34.01604725402556], [-118.42822187113666, 34.01694730550741], [-118.42930220004209, 34.01693475301573], [-118.42928711286734, 34.01603470195666]]]}}, {"type": "Feature", "properties": {"tile_id": 219, "average_temperature": 18.6116}, "geometry": {"type": "Polygon", "coordinates": [[[-118.428206795356, 34.01604725402556], [-118.4271264771763, 34.01605979660945], [-118.42714154156282, 34.01695984851376], [-118.42822187113666, 34.01694730550741], [-118.428206795356, 34.01604725402556]]]}}, {"type": "Feature", "properties": {"tile_id": 220, "average_temperature": 18.6252}, "geometry": {"type": "Polygon", "coordinates": [[[-118.4271264771763, 34.01605979660945], [-118.42604615832865, 34.01607232970832], [-118.42606121132103, 34.01697238203478], [-118.42714154156282, 34.01695984851376], [-118.4271264771763, 34.01605979660945]]]}}, {"type": "Feature", "properties": {"tile_id": 221, "average_temperature": 18.6338}, "geometry": {"type": "Polygon", "coordinates": [[[-118.42604615832865, 34.01607232970832], [-118.42496583881362, 34.01608485332215], [-118.42498088041182, 34.01698490607043], [-118.42606121132103, 34.01697238203478], [-118.42604615832865, 34.01607232970832]]]}}, {"type": "Feature", "properties": {"tile_id": 222, "average_temperature": 18.6382}, "geometry": {"type": "Polygon", "coordinates": [[[-118.42496583881362, 34.01608485332215], [-118.4238855186317, 34.016097367450925], [-118.42390054883569, 34.01699742062071], [-118.42498088041182, 34.01698490607043], [-118.42496583881362, 34.01608485332215]]]}}, {"type": "Feature", "properties": {"tile_id": 223, "average_temperature": 18.6391}, "geometry": {"type": "Polygon", "coordinates": [[[-118.4238855186317, 34.016097367450925], [-118.42280519778339, 34.01610987209462], [-118.42282021659315, 34.017009925685585], [-118.42390054883569, 34.01699742062071], [-118.4238855186317, 34.016097367450925]]]}}, {"type": "Feature", "properties": {"tile_id": 224, "average_temperature": 18.6374}, "geometry": {"type": "Polygon", "coordinates": [[[-118.42280519778339, 34.01610987209462], [-118.42172487626921, 34.01612236725322], [-118.4217398836847, 34.017022421265054], [-118.42282021659315, 34.017009925685585], [-118.42280519778339, 34.01610987209462]]]}}, {"type": "Feature", "properties": {"tile_id": 225, "average_temperature": 18.6339}, "geometry": {"type": "Polygon", "coordinates": [[[-118.42172487626921, 34.01612236725322], [-118.42064455408963, 34.01613485292669], [-118.42065955011083, 34.01703490735908], [-118.4217398836847, 34.017022421265054], [-118.42172487626921, 34.01612236725322]]]}}, {"type": "Feature", "properties": {"tile_id": 226, "average_temperature": 18.6295}, "geometry": {"type": "Polygon", "coordinates": [[[-118.42064455408963, 34.01613485292669], [-118.4195642312452, 34.01614732911504], [-118.41957921587209, 34.01704738396766], [-118.42065955011084, 34.01703490735908], [-118.42064455408963, 34.01613485292669]]]}}, {"type": "Feature", "properties": {"tile_id": 227, "average_temperature": 18.6249}, "geometry": {"type": "Polygon", "coordinates": [[[-118.4195642312452, 34.01614732911504], [-118.41848390773639, 34.016159795818226], [-118.41849888096891, 34.01705985109076], [-118.41957921587209, 34.01704738396766], [-118.4195642312452, 34.01614732911504]]]}}, {"type": "Feature", "properties": {"tile_id": 228, "average_temperature": 18.6211}, "geometry": {"type": "Polygon", "coordinates": [[[-118.41848390773639, 34.016159795818226], [-118.4174035835637, 34.016172253036245], [-118.41741854540186, 34.01707230872836], [-118.41849888096891, 34.01705985109076], [-118.41848390773639, 34.016159795818226]]]}}, {"type": "Feature", "properties": {"tile_id": 229, "average_temperature": 18.6187}, "geometry": {"type": "Polygon", "coordinates": [[[-118.4174035835637, 34.016172253036245], [-118.41632325872767, 34.016184700769074], [-118.41633820917143, 34.01708475688045], [-118.41741854540186, 34.01707230872836], [-118.4174035835637, 34.016172253036245]]]}}, {"type": "Feature", "properties": {"tile_id": 230, "average_temperature": 18.6187}, "geometry": {"type": "Polygon", "coordinates": [[[-118.41632325872767, 34.016184700769074], [-118.4152429332288, 34.01619713901666], [-118.4152578722781, 34.01709719554701], [-118.41633820917143, 34.01708475688045], [-118.41632325872767, 34.016184700769074]]]}}, {"type": "Feature", "properties": {"tile_id": 231, "average_temperature": 18.6214}, "geometry": {"type": "Polygon", "coordinates": [[[-118.4152429332288, 34.01619713901666], [-118.41416260706754, 34.01620956777904], [-118.4141775347224, 34.017109624728], [-118.4152578722781, 34.01709719554701], [-118.4152429332288, 34.01619713901666]]]}}, {"type": "Feature", "properties": {"tile_id": 232, "average_temperature": 18.6264}, "geometry": {"type": "Polygon", "coordinates": [[[-118.41416260706754, 34.01620956777904], [-118.41308228024447, 34.01622198705616], [-118.41309719650484, 34.017122044423445], [-118.4141775347224, 34.017109624728], [-118.41416260706754, 34.01620956777904]]]}}, {"type": "Feature", "properties": {"tile_id": 233, "average_temperature": 18.6331}, "geometry": {"type": "Polygon", "coordinates": [[[-118.41308228024447, 34.01622198705616], [-118.41200195276005, 34.016234396848], [-118.4120168576259, 34.01713445463328], [-118.41309719650484, 34.017122044423445], [-118.41308228024447, 34.01622198705616]]]}}, {"type": "Feature", "properties": {"tile_id": 234, "average_temperature": 18.6411}, "geometry": {"type": "Polygon", "coordinates": [[[-118.41200195276005, 34.016234396848], [-118.4109216246148, 34.016246797154565], [-118.41093651808612, 34.01714685535752], [-118.4120168576259, 34.01713445463328], [-118.41200195276005, 34.016234396848]]]}}, {"type": "Feature", "properties": {"tile_id": 235, "average_temperature": 18.6498}, "geometry": {"type": "Polygon", "coordinates": [[[-118.4109216246148, 34.016246797154565], [-118.40984129580922, 34.01625918797581], [-118.40985617788596, 34.01715924659611], [-118.41093651808612, 34.01714685535752], [-118.4109216246148, 34.016246797154565]]]}}, {"type": "Feature", "properties": {"tile_id": 236, "average_temperature": 18.3367}, "geometry": {"type": "Polygon", "coordinates": [[[-118.4444267342494, 34.016758022184646], [-118.4433464147551, 34.01677070746875], [-118.44336165072662, 34.01767075286462], [-118.44444198161511, 34.017658067153256], [-118.4444267342494, 34.016758022184646]]]}}, {"type": "Feature", "properties": {"tile_id": 237, "average_temperature": 18.332}, "geometry": {"type": "Polygon", "coordinates": [[[-118.4433464147551, 34.01677070746875], [-118.4422660945853, 34.01678338326781], [-118.44228131916257, 34.01768342909062], [-118.44336165072662, 34.01767075286462], [-118.4433464147551, 34.01677070746875]]]}}, {"type": "Feature", "properties": {"tile_id": 238, "average_temperature": 18.3304}, "geometry": {"type": "Polygon", "coordinates": [[[-118.4422660945853, 34.01678338326781], [-118.4411857737405, 34.01679604958179], [-118.44120098692352, 34.017696095831226], [-118.44228131916257, 34.01768342909062], [-118.4422660945853, 34.01678338326781]]]}}, {"type": "Feature", "properties": {"tile_id": 239, "average_temperature": 18.3325}, "geometry": {"type": "Polygon", "coordinates": [[[-118.4411857737405, 34.01679604958179], [-118.44010545222119, 34.0168087064107], [-118.44012065400993, 34.01770875308644], [-118.44120098692352, 34.017696095831226], [-118.4411857737405, 34.01679604958179]]]}}, {"type": "Feature", "properties": {"tile_id": 240, "average_temperature": 18.3389}, "geometry": {"type": "Polygon", "coordinates": [[[-118.44010545222119, 34.0168087064107], [-118.43902513002789, 34.01682135375449], [-118.43904032042234, 34.017721400856225], [-118.44012065400993, 34.01770875308644], [-118.44010545222119, 34.0168087064107]]]}}, {"type": "Feature", "properties": {"tile_id": 241, "average_temperature": 18.3501}, "geometry": {"type": "Polygon", "coordinates": [[[-118.43902513002789, 34.01682135375449], [-118.43794480716114, 34.01683399161317], [-118.43795998616122, 34.01773403914056], [-118.43904032042234, 34.017721400856225], [-118.43902513002789, 34.01682135375449]]]}}, {"type": "Feature", "properties": {"tile_id": 242, "average_temperature": 18.3668}, "geometry": {"type": "Polygon", "coordinates": [[[-118.43794480716114, 34.01683399161317], [-118.43686448362138, 34.016846619986694], [-118.4368796512271, 34.017746667939434], [-118.43795998616122, 34.01773403914056], [-118.43794480716114, 34.01683399161317]]]}}, {"type": "Feature", "properties": {"tile_id": 243, "average_temperature": 18.3884}, "geometry": {"type": "Polygon", "coordinates": [[[-118.43686448362138, 34.016846619986694], [-118.43578415940915, 34.01685923887506], [-118.43579931562047, 34.01775928725283], [-118.4368796512271, 34.017746667939434], [-118.43686448362138, 34.016846619986694]]]}}, {"type": "Feature", "properties": {"tile_id": 244, "average_temperature": 18.4139}, "geometry": {"type": "Polygon", "coordinates": [[[-118.43578415940915, 34.01685923887506], [-118.43470383452494, 34.01687184827824], [-118.43471897934187, 34.01777189708072], [-118.43579931562047, 34.01775928725283], [-118.43578415940915, 34.01685923887506]]]}}, {"type": "Feature", "properties": {"tile_id": 245, "average_temperature": 18.4422}, "geometry": {"type": "Polygon", "coordinates": [[[-118.43470383452494, 34.01687184827824], [-118.43362350896929, 34.01688444819622], [-118.43363864239174, 34.01778449742309], [-118.43471897934187, 34.01777189708072], [-118.43470383452494, 34.01687184827824]]]}}, {"type": "Feature", "properties": {"tile_id": 246, "average_temperature": 18.4721}, "geometry": {"type": "Polygon", "coordinates": [[[-118.43362350896929, 34.01688444819622], [-118.43254318274265, 34.016897038628976], [-118.43255830477062, 34.01779708827991], [-118.43363864239174, 34.01778449742309], [-118.43362350896929, 34.01688444819622]]]}}, {"type": "Feature", "properties": {"tile_id": 247, "average_temperature": 18.5024}, "geometry": {"type": "Polygon", "coordinates": [[[-118.43254318274265, 34.016897038628976], [-118.43146285584558, 34.0169096195765], [-118.43147796647905, 34.01780966965118], [-118.43255830477062, 34.01779708827991], [-118.43254318274265, 34.016897038628976]]]}}, {"type": "Feature", "properties": {"tile_id": 248, "average_temperature": 18.532}, "geometry": {"type": "Polygon", "coordinates": [[[-118.43146285584558, 34.0169096195765], [-118.43038252827856, 34.01692219103875], [-118.43039762751746, 34.01782224153687], [-118.43147796647905, 34.01780966965118], [-118.43146285584558, 34.0169096195765]]]}}, {"type": "Feature", "properties": {"tile_id": 249, "average_temperature": 18.5598}, "geometry": {"type": "Polygon", "coordinates": [[[-118.43038252827856, 34.01692219103875], [-118.42930220004209, 34.01693475301573], [-118.42931728788642, 34.01783480393696], [-118.43039762751746, 34.01782224153687], [-118.43038252827856, 34.01692219103875]]]}}, {"type": "Feature", "properties": {"tile_id": 250, "average_temperature": 18.5847}, "geometry": {"type": "Polygon", "coordinates": [[[-118.42930220004209, 34.01693475301573], [-118.42822187113666, 34.01694730550741], [-118.4282369475864, 34.017847356851426], [-118.42931728788642, 34.01783480393696], [-118.42930220004209, 34.01693475301573]]]}}, {"type": "Feature", "properties": {"tile_id": 251, "average_temperature": 18.6054}, "geometry": {"type": "Polygon", "coordinates": [[[-118.42822187113666, 34.01694730550741], [-118.42714154156282, 34.01695984851376], [-118.42715660661794, 34.01785990028025], [-118.4282369475864, 34.017847356851426], [-118.42822187113666, 34.01694730550741]]]}}, {"type": "Feature", "properties": {"tile_id": 252, "average_temperature": 18.6208}, "geometry": {"type": "Polygon", "coordinates": [[[-118.42714154156282, 34.01695984851376], [-118.42606121132103, 34.01697238203478], [-118.42607626498149, 34.01787243422341], [-118.42715660661794, 34.01785990028025], [-118.42714154156282, 34.01695984851376]]]}}, {"type": "Feature", "properties": {"tile_id": 253, "average_temperature": 18.6307}, "geometry": {"type": "Polygon", "coordinates": [[[-118.42606121132103, 34.01697238203478], [-118.42498088041182, 34.01698490607043], [-118.42499592267761, 34.0178849586809], [-118.42607626498149, 34.01787243422341], [-118.42606121132103, 34.01697238203478]]]}}, {"type": "Feature", "properties": {"tile_id": 254, "average_temperature": 18.636}, "geometry": {"type": "Polygon", "coordinates": [[[-118.42498088041182, 34.01698490607043], [-118.42390054883569, 34.01699742062071], [-118.42391557970677, 34.017897473652695], [-118.42499592267761, 34.0178849586809], [-118.42498088041182, 34.01698490607043]]]}}, {"type": "Feature", "properties": {"tile_id": 255, "average_temperature": 18.6375}, "geometry": {"type": "Polygon", "coordinates": [[[-118.42390054883569, 34.01699742062071], [-118.42282021659315, 34.017009925685585], [-118.4228352360695, 34.01790997913878], [-118.42391557970677, 34.017897473652695], [-118.42390054883569, 34.01699742062071]]]}}, {"type": "Feature", "properties": {"tile_id": 256, "average_temperature": 18.636}, "geometry": {"type": "Polygon", "coordinates": [[[-118.42282021659315, 34.017009925685585], [-118.4217398836847, 34.017022421265054], [-118.42175489176627, 34.01792247513911], [-118.4228352360695, 34.01790997913878], [-118.42282021659315, 34.017009925685585]]]}}, {"type": "Feature", "properties": {"tile_id": 257, "average_temperature": 18.6325}, "geometry": {"type": "Polygon", "coordinates": [[[-118.4217398836847, 34.017022421265054], [-118.42065955011083, 34.01703490735908], [-118.42067454679761, 34.0179349616537], [-118.42175489176627, 34.01792247513911], [-118.4217398836847, 34.017022421265054]]]}}, {"type": "Feature", "properties": {"tile_id": 258, "average_temperature": 18.6277}, "geometry": {"type": "Polygon", "coordinates": [[[-118.42065955011084, 34.01703490735908], [-118.41957921587209, 34.01704738396766], [-118.41959420116402, 34.017947438682505], [-118.42067454679761, 34.0179349616537], [-118.42065955011084, 34.01703490735908]]]}}, {"type": "Feature", "properties": {"tile_id": 259, "average_temperature": 18.6226}, "geometry": {"type": "Polygon", "coordinates": [[[-118.41957921587209, 34.01704738396766], [-118.41849888096891, 34.01705985109076], [-118.418513854866, 34.01795990622552], [-118.41959420116402, 34.017947438682505], [-118.41957921587209, 34.01704738396766]]]}}, {"type": "Feature", "properties": {"tile_id": 260, "average_temperature": 18.618}, "geometry": {"type": "Polygon", "coordinates": [[[-118.41849888096891, 34.01705985109076], [-118.41741854540186, 34.01707230872836], [-118.41743350790406, 34.01797236428272], [-118.418513854866, 34.01795990622552], [-118.41849888096891, 34.01705985109076]]]}}, {"type": "Feature", "properties": {"tile_id": 261, "average_temperature": 18.6148}, "geometry": {"type": "Polygon", "coordinates": [[[-118.41741854540186, 34.01707230872836], [-118.41633820917143, 34.01708475688045], [-118.41635316027873, 34.01798481285409], [-118.41743350790406, 34.01797236428272], [-118.41741854540186, 34.01707230872836]]]}}, {"type": "Feature", "properties": {"tile_id": 262, "average_temperature": 18.6137}, "geometry": {"type": "Polygon", "coordinates": [[[-118.41633820917143, 34.01708475688045], [-118.4152578722781, 34.01709719554701], [-118.41527281199046, 34.017997251939605], [-118.41635316027873, 34.01798481285409], [-118.41633820917143, 34.01708475688045]]]}}, {"type": "Feature", "properties": {"tile_id": 263, "average_temperature": 18.6153}, "geometry": {"type": "Polygon", "coordinates": [[[-118.4152578722781, 34.01709719554701], [-118.4141775347224, 34.017109624728], [-118.41419246303981, 34.01800968153925], [-118.41527281199046, 34.017997251939605], [-118.4152578722781, 34.01709719554701]]]}}, {"type": "Feature", "properties": {"tile_id": 264, "average_temperature": 18.6191}, "geometry": {"type": "Polygon", "coordinates": [[[-118.4141775347224, 34.017109624728], [-118.41309719650484, 34.017122044423445], [-118.41311211342726, 34.01802210165301], [-118.41419246303981, 34.01800968153925], [-118.4141775347224, 34.017109624728]]]}}, {"type": "Feature", "properties": {"tile_id": 265, "average_temperature": 18.6247}, "geometry": {"type": "Polygon", "coordinates": [[[-118.41309719650484, 34.017122044423445], [-118.4120168576259, 34.01713445463328], [-118.41203176315328, 34.01803451228084], [-118.41311211342726, 34.01802210165301], [-118.41309719650484, 34.017122044423445]]]}}, {"type": "Feature", "properties": {"tile_id": 266, "average_temperature": 18.6316}, "geometry": {"type": "Polygon", "coordinates": [[[-118.4120168576259, 34.01713445463328], [-118.41093651808612, 34.01714685535752], [-118.41095141221844, 34.01804691342276], [-118.41203176315328, 34.01803451228084], [-118.4120168576259, 34.01713445463328]]]}}, {"type": "Feature", "properties": {"tile_id": 267, "average_temperature": 18.6394}, "geometry": {"type": "Polygon", "coordinates": [[[-118.41093651808612, 34.01714685535752], [-118.40985617788596, 34.01715924659611], [-118.40987106062322, 34.01805930507873], [-118.41095141221844, 34.01804691342276], [-118.41093651808612, 34.01714685535752]]]}}, {"type": "Feature", "properties": {"tile_id": 268, "average_temperature": 18.6477}, "geometry": {"type": "Polygon", "coordinates": [[[-118.40985617788596, 34.01715924659611], [-118.40877583702597, 34.01717162834907], [-118.40879070836812, 34.01807168724872], [-118.40987106062322, 34.01805930507873], [-118.40985617788596, 34.01715924659611]]]}}, {"type": "Feature", "properties": {"tile_id": 269, "average_temperature": 18.6714}, "geometry": {"type": "Polygon", "coordinates": [[[-118.40661515332842, 34.01719636339796], [-118.40553481049189, 34.017208716693844], [-118.40554964764854, 34.01810877684271], [-118.40663000188026, 34.01809642313074], [-118.40661515332842, 34.01719636339796]]]}}, {"type": "Feature", "properties": {"tile_id": 270, "average_temperature": 18.6774}, "geometry": {"type": "Polygon", "coordinates": [[[-118.40553481049189, 34.017208716693844], [-118.4044544669975, 34.01722106050401], [-118.40446929275896, 34.018121121068646], [-118.40554964764854, 34.01810877684271], [-118.40553481049189, 34.017208716693844]]]}}, {"type": "Feature", "properties": {"tile_id": 271, "average_temperature": 18.3303}, "geometry": {"type": "Polygon", "coordinates": [[[-118.44444198161511, 34.017658067153256], [-118.44336165072662, 34.01767075286462], [-118.44337688737433, 34.01857079812254], [-118.44445722965753, 34.01855811198391], [-118.44444198161511, 34.017658067153256]]]}}, {"type": "Feature", "properties": {"tile_id": 272, "average_temperature": 18.3242}, "geometry": {"type": "Polygon", "coordinates": [[[-118.44336165072662, 34.01767075286462], [-118.44228131916257, 34.01768342909062], [-118.44229654441558, 34.0185834747755], [-118.44337688737433, 34.01857079812254], [-118.44336165072662, 34.01767075286462]]]}}, {"type": "Feature", "properties": {"tile_id": 273, "average_temperature": 18.3213}, "geometry": {"type": "Polygon", "coordinates": [[[-118.44228131916257, 34.01768342909062], [-118.44120098692352, 34.017696095831226], [-118.44121620078174, 34.01859614194273], [-118.44229654441558, 34.0185834747755], [-118.44228131916257, 34.01768342909062]]]}}, {"type": "Feature", "properties": {"tile_id": 274, "average_temperature": 18.3224}, "geometry": {"type": "Polygon", "coordinates": [[[-118.44120098692352, 34.017696095831226], [-118.44012065400993, 34.01770875308644], [-118.44013585647339, 34.01860879962425], [-118.44121620078174, 34.01859614194273], [-118.44120098692352, 34.017696095831226]]]}}, {"type": "Feature", "properties": {"tile_id": 275, "average_temperature": 18.328}, "geometry": {"type": "Polygon", "coordinates": [[[-118.44012065400993, 34.01770875308644], [-118.43904032042234, 34.017721400856225], [-118.43905551149096, 34.01862144782003], [-118.44013585647339, 34.01860879962425], [-118.44012065400993, 34.01770875308644]]]}}, {"type": "Feature", "properties": {"tile_id": 276, "average_temperature": 18.3389}, "geometry": {"type": "Polygon", "coordinates": [[[-118.43904032042234, 34.017721400856225], [-118.43795998616122, 34.01773403914056], [-118.43797516583501, 34.01863408653004], [-118.43905551149096, 34.01862144782003], [-118.43904032042234, 34.017721400856225]]]}}, {"type": "Feature", "properties": {"tile_id": 277, "average_temperature": 18.3555}, "geometry": {"type": "Polygon", "coordinates": [[[-118.43795998616122, 34.01773403914056], [-118.4368796512271, 34.017746667939434], [-118.43689481950601, 34.01864671575427], [-118.43797516583501, 34.01863408653004], [-118.43795998616122, 34.01773403914056]]]}}, {"type": "Feature", "properties": {"tile_id": 278, "average_temperature": 18.3775}, "geometry": {"type": "Polygon", "coordinates": [[[-118.4368796512271, 34.017746667939434], [-118.43579931562047, 34.01775928725283], [-118.43581447250448, 34.01865933549271], [-118.43689481950601, 34.01864671575427], [-118.4368796512271, 34.017746667939434]]]}}, {"type": "Feature", "properties": {"tile_id": 279, "average_temperature": 18.4037}, "geometry": {"type": "Polygon", "coordinates": [[[-118.43579931562047, 34.01775928725283], [-118.43471897934187, 34.01777189708072], [-118.43473412483092, 34.01867194574532], [-118.43581447250448, 34.01865933549271], [-118.43579931562047, 34.01775928725283]]]}}, {"type": "Feature", "properties": {"tile_id": 280, "average_temperature": 18.4327}, "geometry": {"type": "Polygon", "coordinates": [[[-118.43471897934187, 34.01777189708072], [-118.43363864239174, 34.01778449742309], [-118.43365377648584, 34.01868454651208], [-118.43473412483092, 34.01867194574532], [-118.43471897934187, 34.01777189708072]]]}}, {"type": "Feature", "properties": {"tile_id": 281, "average_temperature": 18.4636}, "geometry": {"type": "Polygon", "coordinates": [[[-118.43363864239174, 34.01778449742309], [-118.43255830477062, 34.01779708827991], [-118.43257342746973, 34.01869713779299], [-118.43365377648584, 34.01868454651208], [-118.43363864239174, 34.01778449742309]]]}}, {"type": "Feature", "properties": {"tile_id": 282, "average_temperature": 18.495}, "geometry": {"type": "Polygon", "coordinates": [[[-118.43255830477062, 34.01779708827991], [-118.43147796647905, 34.01780966965118], [-118.43149307778314, 34.01870971958801], [-118.43257342746973, 34.01869713779299], [-118.43255830477062, 34.01779708827991]]]}}, {"type": "Feature", "properties": {"tile_id": 283, "average_temperature": 18.5259}, "geometry": {"type": "Polygon", "coordinates": [[[-118.43147796647905, 34.01780966965118], [-118.43039762751746, 34.01782224153687], [-118.43041272742653, 34.018722291897134], [-118.43149307778314, 34.01870971958801], [-118.43147796647905, 34.01780966965118]]]}}, {"type": "Feature", "properties": {"tile_id": 284, "average_temperature": 18.5549}, "geometry": {"type": "Polygon", "coordinates": [[[-118.43039762751746, 34.01782224153687], [-118.42931728788642, 34.01783480393696], [-118.4293323764004, 34.01873485472034], [-118.43041272742653, 34.018722291897134], [-118.43039762751746, 34.01782224153687]]]}}, {"type": "Feature", "properties": {"tile_id": 285, "average_temperature": 18.5808}, "geometry": {"type": "Polygon", "coordinates": [[[-118.42931728788642, 34.01783480393696], [-118.4282369475864, 34.017847356851426], [-118.4282520247053, 34.01874740805761], [-118.4293323764004, 34.01873485472034], [-118.42931728788642, 34.01783480393696]]]}}, {"type": "Feature", "properties": {"tile_id": 286, "average_temperature": 18.6026}, "geometry": {"type": "Polygon", "coordinates": [[[-118.4282369475864, 34.017847356851426], [-118.42715660661794, 34.01785990028025], [-118.42717167234167, 34.018759951908926], [-118.4282520247053, 34.01874740805761], [-118.4282369475864, 34.017847356851426]]]}}, {"type": "Feature", "properties": {"tile_id": 287, "average_temperature": 18.619}, "geometry": {"type": "Polygon", "coordinates": [[[-118.42715660661794, 34.01785990028025], [-118.42607626498149, 34.01787243422341], [-118.42609131931009, 34.01877248627425], [-118.42717167234167, 34.018759951908926], [-118.42715660661794, 34.01785990028025]]]}}, {"type": "Feature", "properties": {"tile_id": 288, "average_temperature": 18.6298}, "geometry": {"type": "Polygon", "coordinates": [[[-118.42607626498149, 34.01787243422341], [-118.42499592267761, 34.0178849586809], [-118.42501096561101, 34.01878501115358], [-118.42609131931009, 34.01877248627425], [-118.42607626498149, 34.01787243422341]]]}}, {"type": "Feature", "properties": {"tile_id": 289, "average_temperature": 18.6358}, "geometry": {"type": "Polygon", "coordinates": [[[-118.42499592267761, 34.0178849586809], [-118.42391557970677, 34.017897473652695], [-118.42393061124496, 34.018797526546884], [-118.42501096561101, 34.01878501115358], [-118.42499592267761, 34.0178849586809]]]}}, {"type": "Feature", "properties": {"tile_id": 290, "average_temperature": 18.6379}, "geometry": {"type": "Polygon", "coordinates": [[[-118.42391557970677, 34.017897473652695], [-118.4228352360695, 34.01790997913878], [-118.42285025621241, 34.018810032454184], [-118.42393061124496, 34.018797526546884], [-118.42391557970677, 34.017897473652695]]]}}, {"type": "Feature", "properties": {"tile_id": 291, "average_temperature": 18.6368}, "geometry": {"type": "Polygon", "coordinates": [[[-118.4228352360695, 34.01790997913878], [-118.42175489176627, 34.01792247513911], [-118.42176990051394, 34.0188225288754], [-118.42285025621241, 34.018810032454184], [-118.4228352360695, 34.01790997913878]]]}}, {"type": "Feature", "properties": {"tile_id": 292, "average_temperature": 18.6335}, "geometry": {"type": "Polygon", "coordinates": [[[-118.42175489176627, 34.01792247513911], [-118.42067454679761, 34.0179349616537], [-118.42068954414997, 34.01883501581055], [-118.42176990051394, 34.0188225288754], [-118.42175489176627, 34.01792247513911]]]}}, {"type": "Feature", "properties": {"tile_id": 293, "average_temperature": 18.6287}, "geometry": {"type": "Polygon", "coordinates": [[[-118.42067454679761, 34.0179349616537], [-118.41959420116402, 34.017947438682505], [-118.41960918712105, 34.0188474932596], [-118.42068954414997, 34.01883501581055], [-118.42067454679761, 34.0179349616537]]]}}, {"type": "Feature", "properties": {"tile_id": 294, "average_temperature": 18.6233}, "geometry": {"type": "Polygon", "coordinates": [[[-118.41959420116402, 34.017947438682505], [-118.418513854866, 34.01795990622552], [-118.41852882942769, 34.01885996122254], [-118.41960918712105, 34.0188474932596], [-118.41959420116402, 34.017947438682505]]]}}, {"type": "Feature", "properties": {"tile_id": 295, "average_temperature": 18.6181}, "geometry": {"type": "Polygon", "coordinates": [[[-118.418513854866, 34.01795990622552], [-118.41743350790406, 34.01797236428272], [-118.41744847107037, 34.01887241969935], [-118.41852882942769, 34.01885996122254], [-118.418513854866, 34.01795990622552]]]}}, {"type": "Feature", "properties": {"tile_id": 296, "average_temperature": 18.614}, "geometry": {"type": "Polygon", "coordinates": [[[-118.41743350790406, 34.01797236428272], [-118.41635316027873, 34.01798481285409], [-118.4163681120496, 34.01888486869], [-118.41744847107037, 34.01887241969935], [-118.41743350790406, 34.01797236428272]]]}}, {"type": "Feature", "properties": {"tile_id": 297, "average_temperature": 18.6117}, "geometry": {"type": "Polygon", "coordinates": [[[-118.41635316027873, 34.01798481285409], [-118.41527281199046, 34.017997251939605], [-118.41528775236591, 34.01889730819449], [-118.4163681120496, 34.01888486869], [-118.41635316027873, 34.01798481285409]]]}}, {"type": "Feature", "properties": {"tile_id": 298, "average_temperature": 18.6118}, "geometry": {"type": "Polygon", "coordinates": [[[-118.41527281199046, 34.017997251939605], [-118.41419246303981, 34.01800968153925], [-118.41420739201979, 34.018909738212784], [-118.41528775236591, 34.01889730819449], [-118.41527281199046, 34.017997251939605]]]}}, {"type": "Feature", "properties": {"tile_id": 299, "average_temperature": 18.6138}, "geometry": {"type": "Polygon", "coordinates": [[[-118.41419246303981, 34.01800968153925], [-118.41311211342726, 34.01802210165301], [-118.41312703101171, 34.018922158744864], [-118.41420739201979, 34.018909738212784], [-118.41419246303981, 34.01800968153925]]]}}, {"type": "Feature", "properties": {"tile_id": 300, "average_temperature": 18.6176}, "geometry": {"type": "Polygon", "coordinates": [[[-118.41311211342726, 34.01802210165301], [-118.41203176315328, 34.01803451228084], [-118.41204666934222, 34.018934569790716], [-118.41312703101171, 34.018922158744864], [-118.41311211342726, 34.01802210165301]]]}}, {"type": "Feature", "properties": {"tile_id": 301, "average_temperature": 18.6227}, "geometry": {"type": "Polygon", "coordinates": [[[-118.41203176315328, 34.01803451228084], [-118.41095141221844, 34.01804691342276], [-118.41096630701183, 34.01894697135032], [-118.41204666934222, 34.018934569790716], [-118.41203176315328, 34.01803451228084]]]}}, {"type": "Feature", "properties": {"tile_id": 302, "average_temperature": 18.6289}, "geometry": {"type": "Polygon", "coordinates": [[[-118.41095141221844, 34.01804691342276], [-118.40987106062322, 34.01805930507873], [-118.40988594402101, 34.01895936342366], [-118.41096630701183, 34.01894697135032], [-118.41095141221844, 34.01804691342276]]]}}, {"type": "Feature", "properties": {"tile_id": 303, "average_temperature": 18.6358}, "geometry": {"type": "Polygon", "coordinates": [[[-118.40987106062322, 34.01805930507873], [-118.40879070836812, 34.01807168724872], [-118.40880558037028, 34.018971746010706], [-118.40988594402101, 34.01895936342366], [-118.40987106062322, 34.01805930507873]]]}}, {"type": "Feature", "properties": {"tile_id": 304, "average_temperature": 18.6432}, "geometry": {"type": "Polygon", "coordinates": [[[-118.40879070836812, 34.01807168724872], [-118.40771035545362, 34.01808405993273], [-118.40772521606017, 34.018984119111444], [-118.40880558037028, 34.018971746010706], [-118.40879070836812, 34.01807168724872]]]}}, {"type": "Feature", "properties": {"tile_id": 305, "average_temperature": 18.6507}, "geometry": {"type": "Polygon", "coordinates": [[[-118.40771035545362, 34.01808405993273], [-118.40663000188026, 34.01809642313074], [-118.40664485109114, 34.01899648272586], [-118.40772521606017, 34.018984119111444], [-118.40771035545362, 34.01808405993273]]]}}, {"type": "Feature", "properties": {"tile_id": 306, "average_temperature": 18.6581}, "geometry": {"type": "Polygon", "coordinates": [[[-118.40663000188026, 34.01809642313074], [-118.40554964764854, 34.01810877684271], [-118.40556448546371, 34.01900883685394], [-118.40664485109114, 34.01899648272586], [-118.40663000188026, 34.01809642313074]]]}}, {"type": "Feature", "properties": {"tile_id": 307, "average_temperature": 18.6651}, "geometry": {"type": "Polygon", "coordinates": [[[-118.40554964764854, 34.01810877684271], [-118.40446929275896, 34.018121121068646], [-118.40448411917842, 34.01902118149564], [-118.40556448546371, 34.01900883685394], [-118.40554964764854, 34.01810877684271]]]}}, {"type": "Feature", "properties": {"tile_id": 308, "average_temperature": 18.6715}, "geometry": {"type": "Polygon", "coordinates": [[[-118.40446929275896, 34.018121121068646], [-118.40338893721201, 34.01813345580852], [-118.40340375223572, 34.01903351665096], [-118.40448411917842, 34.01902118149564], [-118.40446929275896, 34.018121121068646]]]}}, {"type": "Feature", "properties": {"tile_id": 309, "average_temperature": 18.6774}, "geometry": {"type": "Polygon", "coordinates": [[[-118.40338893721201, 34.01813345580852], [-118.40230858100824, 34.0181457810623], [-118.40232338463615, 34.01904584231988], [-118.40340375223572, 34.01903351665096], [-118.40338893721201, 34.01813345580852]]]}}, {"type": "Feature", "properties": {"tile_id": 310, "average_temperature": 18.3392}, "geometry": {"type": "Polygon", "coordinates": [[[-118.44553757126467, 34.01854541635961], [-118.44445722965753, 34.01855811198391], [-118.44447247837668, 34.019458156676585], [-118.445552831379, 34.01944546062469], [-118.44553757126467, 34.01854541635961]]]}}, {"type": "Feature", "properties": {"tile_id": 311, "average_temperature": 18.3304}, "geometry": {"type": "Polygon", "coordinates": [[[-118.44445722965753, 34.01855811198391], [-118.44337688737433, 34.01857079812254], [-118.44339212469829, 34.0194708432425], [-118.44447247837668, 34.019458156676585], [-118.44445722965753, 34.01855811198391]]]}}, {"type": "Feature", "properties": {"tile_id": 312, "average_temperature": 18.3243}, "geometry": {"type": "Polygon", "coordinates": [[[-118.44337688737433, 34.01857079812254], [-118.44229654441558, 34.0185834747755], [-118.44231177034428, 34.0194835203224], [-118.44339212469829, 34.0194708432425], [-118.44337688737433, 34.01857079812254]]]}}, {"type": "Feature", "properties": {"tile_id": 313, "average_temperature": 18.3215}, "geometry": {"type": "Polygon", "coordinates": [[[-118.44229654441558, 34.0185834747755], [-118.44121620078174, 34.01859614194273], [-118.4412314153152, 34.01949618791629], [-118.44231177034428, 34.0194835203224], [-118.44229654441558, 34.0185834747755]]]}}, {"type": "Feature", "properties": {"tile_id": 314, "average_temperature": 18.3226}, "geometry": {"type": "Polygon", "coordinates": [[[-118.44121620078174, 34.01859614194273], [-118.44013585647339, 34.01860879962425], [-118.44015105961154, 34.01950884602413], [-118.4412314153152, 34.01949618791629], [-118.44121620078174, 34.01859614194273]]]}}, {"type": "Feature", "properties": {"tile_id": 315, "average_temperature": 18.3283}, "geometry": {"type": "Polygon", "coordinates": [[[-118.44013585647339, 34.01860879962425], [-118.43905551149096, 34.01862144782003], [-118.4390707032338, 34.01952149464591], [-118.44015105961154, 34.01950884602413], [-118.44013585647339, 34.01860879962425]]]}}, {"type": "Feature", "properties": {"tile_id": 316, "average_temperature": 18.3391}, "geometry": {"type": "Polygon", "coordinates": [[[-118.43905551149096, 34.01862144782003], [-118.43797516583501, 34.01863408653004], [-118.43799034618249, 34.01953413378161], [-118.4390707032338, 34.01952149464591], [-118.43905551149096, 34.01862144782003]]]}}, {"type": "Feature", "properties": {"tile_id": 317, "average_temperature": 18.3557}, "geometry": {"type": "Polygon", "coordinates": [[[-118.43797516583501, 34.01863408653004], [-118.43689481950601, 34.01864671575427], [-118.43690998845811, 34.01954676343121], [-118.43799034618249, 34.01953413378161], [-118.43797516583501, 34.01863408653004]]]}}, {"type": "Feature", "properties": {"tile_id": 318, "average_temperature": 18.3776}, "geometry": {"type": "Polygon", "coordinates": [[[-118.43689481950601, 34.01864671575427], [-118.43581447250448, 34.01865933549271], [-118.43582963006118, 34.01955938359468], [-118.43690998845811, 34.01954676343121], [-118.43689481950601, 34.01864671575427]]]}}, {"type": "Feature", "properties": {"tile_id": 319, "average_temperature": 18.4037}, "geometry": {"type": "Polygon", "coordinates": [[[-118.43581447250448, 34.01865933549271], [-118.43473412483092, 34.01867194574532], [-118.43474927099217, 34.01957199427202], [-118.43582963006118, 34.01955938359468], [-118.43581447250448, 34.01865933549271]]]}}, {"type": "Feature", "properties": {"tile_id": 320, "average_temperature": 18.4327}, "geometry": {"type": "Polygon", "coordinates": [[[-118.43473412483092, 34.01867194574532], [-118.43365377648584, 34.01868454651208], [-118.43366891125164, 34.01958459546319], [-118.43474927099217, 34.01957199427202], [-118.43473412483092, 34.01867194574532]]]}}, {"type": "Feature", "properties": {"tile_id": 321, "average_temperature": 18.4634}, "geometry": {"type": "Polygon", "coordinates": [[[-118.43365377648584, 34.01868454651208], [-118.43257342746973, 34.01869713779299], [-118.43258855084005, 34.01959718716818], [-118.43366891125164, 34.01958459546319], [-118.43365377648584, 34.01868454651208]]]}}, {"type": "Feature", "properties": {"tile_id": 322, "average_temperature": 18.4948}, "geometry": {"type": "Polygon", "coordinates": [[[-118.43257342746973, 34.01869713779299], [-118.43149307778314, 34.01870971958801], [-118.43150818975792, 34.019609769386975], [-118.43258855084005, 34.01959718716818], [-118.43257342746973, 34.01869713779299]]]}}, {"type": "Feature", "properties": {"tile_id": 323, "average_temperature": 18.5255}, "geometry": {"type": "Polygon", "coordinates": [[[-118.43149307778314, 34.01870971958801], [-118.43041272742653, 34.018722291897134], [-118.43042782800576, 34.019622342119554], [-118.43150818975792, 34.019609769386975], [-118.43149307778314, 34.01870971958801]]]}}, {"type": "Feature", "properties": {"tile_id": 324, "average_temperature": 18.5545}, "geometry": {"type": "Polygon", "coordinates": [[[-118.43041272742653, 34.018722291897134], [-118.4293323764004, 34.01873485472034], [-118.42934746558404, 34.019634905365876], [-118.43042782800576, 34.019622342119554], [-118.43041272742653, 34.018722291897134]]]}}, {"type": "Feature", "properties": {"tile_id": 325, "average_temperature": 18.5806}, "geometry": {"type": "Polygon", "coordinates": [[[-118.4293323764004, 34.01873485472034], [-118.4282520247053, 34.01874740805761], [-118.42826710249332, 34.019647459125956], [-118.42934746558404, 34.019634905365876], [-118.4293323764004, 34.01873485472034]]]}}, {"type": "Feature", "properties": {"tile_id": 326, "average_temperature": 18.6026}, "geometry": {"type": "Polygon", "coordinates": [[[-118.4282520247053, 34.01874740805761], [-118.42717167234167, 34.018759951908926], [-118.42718673873408, 34.01966000339975], [-118.42826710249332, 34.019647459125956], [-118.4282520247053, 34.01874740805761]]]}}, {"type": "Feature", "properties": {"tile_id": 327, "average_temperature": 18.6194}, "geometry": {"type": "Polygon", "coordinates": [[[-118.42717167234167, 34.018759951908926], [-118.42609131931009, 34.01877248627425], [-118.42610637430684, 34.01967253818725], [-118.42718673873408, 34.01966000339975], [-118.42717167234167, 34.018759951908926]]]}}, {"type": "Feature", "properties": {"tile_id": 328, "average_temperature": 18.6306}, "geometry": {"type": "Polygon", "coordinates": [[[-118.42609131931009, 34.01877248627425], [-118.42501096561101, 34.01878501115358], [-118.42502600921208, 34.01968506348844], [-118.42610637430684, 34.01967253818725], [-118.42609131931009, 34.01877248627425]]]}}, {"type": "Feature", "properties": {"tile_id": 329, "average_temperature": 18.6372}, "geometry": {"type": "Polygon", "coordinates": [[[-118.42501096561101, 34.01878501115358], [-118.42393061124496, 34.018797526546884], [-118.42394564345027, 34.01969757930328], [-118.42502600921208, 34.01968506348844], [-118.42501096561101, 34.01878501115358]]]}}, {"type": "Feature", "properties": {"tile_id": 330, "average_temperature": 18.6398}, "geometry": {"type": "Polygon", "coordinates": [[[-118.42393061124496, 34.018797526546884], [-118.42285025621241, 34.018810032454184], [-118.42286527702201, 34.019710085631786], [-118.42394564345027, 34.01969757930328], [-118.42393061124496, 34.018797526546884]]]}}, {"type": "Feature", "properties": {"tile_id": 331, "average_temperature": 18.6391}, "geometry": {"type": "Polygon", "coordinates": [[[-118.42285025621241, 34.018810032454184], [-118.42176990051394, 34.0188225288754], [-118.42178490992774, 34.0197225824739], [-118.42286527702201, 34.019710085631786], [-118.42285025621241, 34.018810032454184]]]}}, {"type": "Feature", "properties": {"tile_id": 332, "average_temperature": 18.6361}, "geometry": {"type": "Polygon", "coordinates": [[[-118.42176990051394, 34.0188225288754], [-118.42068954414997, 34.01883501581055], [-118.42070454216795, 34.019735069829615], [-118.42178490992774, 34.0197225824739], [-118.42176990051394, 34.0188225288754]]]}}, {"type": "Feature", "properties": {"tile_id": 333, "average_temperature": 18.6315}, "geometry": {"type": "Polygon", "coordinates": [[[-118.42068954414997, 34.01883501581055], [-118.41960918712105, 34.0188474932596], [-118.41962417374322, 34.01974754769893], [-118.42070454216795, 34.019735069829615], [-118.42068954414997, 34.01883501581055]]]}}, {"type": "Feature", "properties": {"tile_id": 334, "average_temperature": 18.626}, "geometry": {"type": "Polygon", "coordinates": [[[-118.41960918712105, 34.0188474932596], [-118.41852882942769, 34.01885996122254], [-118.41854380465398, 34.019760016081804], [-118.41962417374322, 34.01974754769893], [-118.41960918712105, 34.0188474932596]]]}}, {"type": "Feature", "properties": {"tile_id": 335, "average_temperature": 18.6204}, "geometry": {"type": "Polygon", "coordinates": [[[-118.41852882942769, 34.01885996122254], [-118.41744847107037, 34.01887241969935], [-118.41746343490075, 34.019772474978225], [-118.41854380465398, 34.019760016081804], [-118.41852882942769, 34.01885996122254]]]}}, {"type": "Feature", "properties": {"tile_id": 336, "average_temperature": 18.6155}, "geometry": {"type": "Polygon", "coordinates": [[[-118.41744847107037, 34.01887241969935], [-118.4163681120496, 34.01888486869], [-118.41638306448408, 34.019784924388176], [-118.41746343490075, 34.019772474978225], [-118.41744847107037, 34.01887241969935]]]}}, {"type": "Feature", "properties": {"tile_id": 337, "average_temperature": 18.6119}, "geometry": {"type": "Polygon", "coordinates": [[[-118.4163681120496, 34.01888486869], [-118.41528775236591, 34.01889730819449], [-118.41530269340444, 34.01979736431163], [-118.41638306448408, 34.019784924388176], [-118.4163681120496, 34.01888486869]]]}}, {"type": "Feature", "properties": {"tile_id": 338, "average_temperature": 18.6103}, "geometry": {"type": "Polygon", "coordinates": [[[-118.41528775236591, 34.01889730819449], [-118.41420739201979, 34.018909738212784], [-118.41422232166234, 34.01980979474859], [-118.41530269340444, 34.01979736431163], [-118.41528775236591, 34.01889730819449]]]}}, {"type": "Feature", "properties": {"tile_id": 339, "average_temperature": 18.6103}, "geometry": {"type": "Polygon", "coordinates": [[[-118.41420739201979, 34.018909738212784], [-118.41312703101171, 34.018922158744864], [-118.41314194925826, 34.01982221569901], [-118.41422232166234, 34.01980979474859], [-118.41420739201979, 34.018909738212784]]]}}, {"type": "Feature", "properties": {"tile_id": 340, "average_temperature": 18.6119}, "geometry": {"type": "Polygon", "coordinates": [[[-118.41312703101171, 34.018922158744864], [-118.41204666934222, 34.018934569790716], [-118.41206157619274, 34.01983462716287], [-118.41314194925826, 34.01982221569901], [-118.41312703101171, 34.018922158744864]]]}}, {"type": "Feature", "properties": {"tile_id": 341, "average_temperature": 18.6148}, "geometry": {"type": "Polygon", "coordinates": [[[-118.41204666934222, 34.018934569790716], [-118.41096630701183, 34.01894697135032], [-118.41098120246627, 34.01984702914018], [-118.41206157619274, 34.01983462716287], [-118.41204666934222, 34.018934569790716]]]}}, {"type": "Feature", "properties": {"tile_id": 342, "average_temperature": 18.6189}, "geometry": {"type": "Polygon", "coordinates": [[[-118.41096630701183, 34.01894697135032], [-118.40988594402101, 34.01895936342366], [-118.40990082807937, 34.01985942163089], [-118.41098120246627, 34.01984702914018], [-118.41096630701183, 34.01894697135032]]]}}, {"type": "Feature", "properties": {"tile_id": 343, "average_temperature": 18.624}, "geometry": {"type": "Polygon", "coordinates": [[[-118.40988594402101, 34.01895936342366], [-118.40880558037028, 34.018971746010706], [-118.40882045303253, 34.01987180463501], [-118.40990082807937, 34.01985942163089], [-118.40988594402101, 34.01895936342366]]]}}, {"type": "Feature", "properties": {"tile_id": 344, "average_temperature": 18.63}, "geometry": {"type": "Polygon", "coordinates": [[[-118.40880558037028, 34.018971746010706], [-118.40772521606017, 34.018984119111444], [-118.40774007732627, 34.019884178152495], [-118.40882045303253, 34.01987180463501], [-118.40880558037028, 34.018971746010706]]]}}, {"type": "Feature", "properties": {"tile_id": 345, "average_temperature": 18.6367}, "geometry": {"type": "Polygon", "coordinates": [[[-118.40772521606017, 34.018984119111444], [-118.40664485109114, 34.01899648272586], [-118.40665970096106, 34.01989654218332], [-118.40774007732627, 34.019884178152495], [-118.40772521606017, 34.018984119111444]]]}}, {"type": "Feature", "properties": {"tile_id": 346, "average_temperature": 18.644}, "geometry": {"type": "Polygon", "coordinates": [[[-118.40664485109114, 34.01899648272586], [-118.40556448546371, 34.01900883685394], [-118.40557932393745, 34.0199088967275], [-118.40665970096106, 34.01989654218332], [-118.40664485109114, 34.01899648272586]]]}}, {"type": "Feature", "properties": {"tile_id": 347, "average_temperature": 18.6517}, "geometry": {"type": "Polygon", "coordinates": [[[-118.40556448546371, 34.01900883685394], [-118.40448411917842, 34.01902118149564], [-118.4044989462559, 34.019921241784985], [-118.40557932393745, 34.0199088967275], [-118.40556448546371, 34.01900883685394]]]}}, {"type": "Feature", "properties": {"tile_id": 348, "average_temperature": 18.6599}, "geometry": {"type": "Polygon", "coordinates": [[[-118.40448411917842, 34.01902118149564], [-118.40340375223572, 34.01903351665096], [-118.40341856791696, 34.01993357735577], [-118.4044989462559, 34.019921241784985], [-118.40448411917842, 34.01902118149564]]]}}, {"type": "Feature", "properties": {"tile_id": 349, "average_temperature": 18.6683}, "geometry": {"type": "Polygon", "coordinates": [[[-118.40340375223572, 34.01903351665096], [-118.40232338463615, 34.01904584231988], [-118.4023381889211, 34.01994590343984], [-118.40341856791696, 34.01993357735577], [-118.40340375223572, 34.01903351665096]]]}}, {"type": "Feature", "properties": {"tile_id": 350, "average_temperature": 18.6769}, "geometry": {"type": "Polygon", "coordinates": [[[-118.40232338463615, 34.01904584231988], [-118.4012430163802, 34.01905815850238], [-118.40125780926886, 34.01995822003716], [-118.4023381889211, 34.01994590343984], [-118.40232338463615, 34.01904584231988]]]}}, {"type": "Feature", "properties": {"tile_id": 351, "average_temperature": 18.3522}, "geometry": {"type": "Polygon", "coordinates": [[[-118.44663318370472, 34.01943275508682], [-118.445552831379, 34.019445460624674], [-118.4455680921706, 34.02034550475178], [-118.44664845589199, 34.020332798786], [-118.44663318370472, 34.01943275508682]]]}}, {"type": "Feature", "properties": {"tile_id": 352, "average_temperature": 18.3425}, "geometry": {"type": "Polygon", "coordinates": [[[-118.445552831379, 34.019445460624674], [-118.44447247837668, 34.01945815667657], [-118.44448772777264, 34.02035820123129], [-118.4455680921706, 34.02034550475178], [-118.445552831379, 34.019445460624674]]]}}, {"type": "Feature", "properties": {"tile_id": 353, "average_temperature": 18.3349}, "geometry": {"type": "Polygon", "coordinates": [[[-118.44447247837668, 34.01945815667657], [-118.44339212469829, 34.019470843242495], [-118.4434073626985, 34.0203708882245], [-118.44448772777264, 34.02035820123129], [-118.44447247837668, 34.01945815667657]]]}}, {"type": "Feature", "properties": {"tile_id": 354, "average_temperature": 18.3299}, "geometry": {"type": "Polygon", "coordinates": [[[-118.44339212469829, 34.019470843242495], [-118.44231177034428, 34.019483520322396], [-118.44232699694875, 34.020383565731365], [-118.4434073626985, 34.0203708882245], [-118.44339212469829, 34.019470843242495]]]}}, {"type": "Feature", "properties": {"tile_id": 355, "average_temperature": 18.328}, "geometry": {"type": "Polygon", "coordinates": [[[-118.44231177034428, 34.019483520322396], [-118.4412314153152, 34.01949618791628], [-118.4412466305239, 34.0203962337519], [-118.44232699694875, 34.020383565731365], [-118.44231177034428, 34.019483520322396]]]}}, {"type": "Feature", "properties": {"tile_id": 356, "average_temperature": 18.3298}, "geometry": {"type": "Polygon", "coordinates": [[[-118.4412314153152, 34.01949618791628], [-118.44015105961154, 34.01950884602413], [-118.44016626342446, 34.02040889228608], [-118.4412466305239, 34.0203962337519], [-118.4412314153152, 34.01949618791628]]]}}, {"type": "Feature", "properties": {"tile_id": 357, "average_temperature": 18.336}, "geometry": {"type": "Polygon", "coordinates": [[[-118.44015105961154, 34.01950884602413], [-118.4390707032338, 34.01952149464591], [-118.43908589565088, 34.020421541333874], [-118.44016626342446, 34.02040889228608], [-118.44015105961154, 34.01950884602413]]]}}, {"type": "Feature", "properties": {"tile_id": 358, "average_temperature": 18.3471}, "geometry": {"type": "Polygon", "coordinates": [[[-118.4390707032338, 34.01952149464591], [-118.43799034618249, 34.01953413378161], [-118.43800552720371, 34.02043418089526], [-118.43908589565088, 34.020421541333874], [-118.4390707032338, 34.01952149464591]]]}}, {"type": "Feature", "properties": {"tile_id": 359, "average_temperature": 18.3637}, "geometry": {"type": "Polygon", "coordinates": [[[-118.43799034618249, 34.01953413378161], [-118.43690998845811, 34.01954676343121], [-118.43692515808345, 34.02044681097023], [-118.43800552720371, 34.02043418089526], [-118.43799034618249, 34.01953413378161]]]}}, {"type": "Feature", "properties": {"tile_id": 360, "average_temperature": 18.3852}, "geometry": {"type": "Polygon", "coordinates": [[[-118.43690998845811, 34.01954676343121], [-118.43582963006118, 34.019559383594675], [-118.4358447882906, 34.02045943155876], [-118.43692515808345, 34.02044681097023], [-118.43690998845811, 34.01954676343121]]]}}, {"type": "Feature", "properties": {"tile_id": 361, "average_temperature": 18.4107}, "geometry": {"type": "Polygon", "coordinates": [[[-118.43582963006118, 34.019559383594675], [-118.43474927099217, 34.019571994272006], [-118.43476441782568, 34.02047204266082], [-118.4358447882906, 34.02045943155876], [-118.43582963006118, 34.019559383594675]]]}}, {"type": "Feature", "properties": {"tile_id": 362, "average_temperature": 18.4389}, "geometry": {"type": "Polygon", "coordinates": [[[-118.43474927099217, 34.019571994272006], [-118.43366891125164, 34.019584595463186], [-118.43368404668917, 34.020484644276415], [-118.43476441782568, 34.02047204266082], [-118.43474927099217, 34.019571994272006]]]}}, {"type": "Feature", "properties": {"tile_id": 363, "average_temperature": 18.4688}, "geometry": {"type": "Polygon", "coordinates": [[[-118.43366891125164, 34.019584595463186], [-118.43258855084005, 34.019597187168166], [-118.43260367488156, 34.0204972364055], [-118.43368404668917, 34.020484644276415], [-118.43366891125164, 34.019584595463186]]]}}, {"type": "Feature", "properties": {"tile_id": 364, "average_temperature": 18.4993}, "geometry": {"type": "Polygon", "coordinates": [[[-118.43258855084005, 34.019597187168166], [-118.43150818975792, 34.01960976938697], [-118.4315233024034, 34.020509819048065], [-118.43260367488156, 34.0204972364055], [-118.43258855084005, 34.019597187168166]]]}}, {"type": "Feature", "properties": {"tile_id": 365, "average_temperature": 18.5292}, "geometry": {"type": "Polygon", "coordinates": [[[-118.43150818975792, 34.01960976938697], [-118.43042782800576, 34.01962234211954], [-118.43044292925518, 34.02052239220409], [-118.4315233024034, 34.020509819048065], [-118.43150818975792, 34.01960976938697]]]}}, {"type": "Feature", "properties": {"tile_id": 366, "average_temperature": 18.5574}, "geometry": {"type": "Polygon", "coordinates": [[[-118.43042782800576, 34.01962234211954], [-118.42934746558404, 34.019634905365876], [-118.4293625554374, 34.02053495587357], [-118.43044292925518, 34.02052239220409], [-118.43042782800576, 34.01962234211954]]]}}, {"type": "Feature", "properties": {"tile_id": 367, "average_temperature": 18.5828}, "geometry": {"type": "Polygon", "coordinates": [[[-118.42934746558404, 34.019634905365876], [-118.42826710249332, 34.01964745912594], [-118.42828218095057, 34.02054751005647], [-118.4293625554374, 34.02053495587357], [-118.42934746558404, 34.019634905365876]]]}}, {"type": "Feature", "properties": {"tile_id": 368, "average_temperature": 18.6044}, "geometry": {"type": "Polygon", "coordinates": [[[-118.42826710249332, 34.01964745912594], [-118.42718673873408, 34.01966000339974], [-118.42720180579519, 34.020560054752764], [-118.42828218095057, 34.02054751005647], [-118.42826710249332, 34.01964745912594]]]}}, {"type": "Feature", "properties": {"tile_id": 369, "average_temperature": 18.6211}, "geometry": {"type": "Polygon", "coordinates": [[[-118.42718673873408, 34.01966000339974], [-118.42610637430684, 34.01967253818725], [-118.42612142997174, 34.02057258996244], [-118.42720180579519, 34.020560054752764], [-118.42718673873408, 34.01966000339974]]]}}, {"type": "Feature", "properties": {"tile_id": 370, "average_temperature": 18.6325}, "geometry": {"type": "Polygon", "coordinates": [[[-118.42610637430684, 34.01967253818725], [-118.42502600921208, 34.01968506348844], [-118.4250410534808, 34.020585115685485], [-118.42612142997174, 34.02057258996244], [-118.42610637430684, 34.01967253818725]]]}}, {"type": "Feature", "properties": {"tile_id": 371, "average_temperature": 18.6394}, "geometry": {"type": "Polygon", "coordinates": [[[-118.42502600921208, 34.01968506348844], [-118.42394564345027, 34.019697579303276], [-118.42396067632279, 34.02059763192188], [-118.4250410534808, 34.020585115685485], [-118.42502600921208, 34.01968506348844]]]}}, {"type": "Feature", "properties": {"tile_id": 372, "average_temperature": 18.6425}, "geometry": {"type": "Polygon", "coordinates": [[[-118.42394564345027, 34.019697579303276], [-118.42286527702201, 34.01971008563177], [-118.42288029849824, 34.02061013867159], [-118.42396067632279, 34.02059763192188], [-118.42394564345027, 34.019697579303276]]]}}, {"type": "Feature", "properties": {"tile_id": 373, "average_temperature": 18.6424}, "geometry": {"type": "Polygon", "coordinates": [[[-118.42286527702201, 34.01971008563177], [-118.42178490992774, 34.01972258247389], [-118.42179992000769, 34.02062263593461], [-118.42288029849824, 34.02061013867159], [-118.42286527702201, 34.01971008563177]]]}}, {"type": "Feature", "properties": {"tile_id": 374, "average_temperature": 18.6398}, "geometry": {"type": "Polygon", "coordinates": [[[-118.42178490992774, 34.01972258247389], [-118.42070454216795, 34.01973506982961], [-118.4207195408516, 34.02063512371091], [-118.42179992000769, 34.02062263593461], [-118.42178490992774, 34.01972258247389]]]}}, {"type": "Feature", "properties": {"tile_id": 375, "average_temperature": 18.6354}, "geometry": {"type": "Polygon", "coordinates": [[[-118.42070454216795, 34.01973506982961], [-118.41962417374322, 34.01974754769892], [-118.4196391610305, 34.02064760200048], [-118.4207195408516, 34.02063512371091], [-118.42070454216795, 34.01973506982961]]]}}, {"type": "Feature", "properties": {"tile_id": 376, "average_temperature": 18.63}, "geometry": {"type": "Polygon", "coordinates": [[[-118.41962417374322, 34.01974754769892], [-118.41854380465398, 34.0197600160818], [-118.41855878054493, 34.0206600708033], [-118.4196391610305, 34.02064760200048], [-118.41962417374322, 34.01974754769892]]]}}, {"type": "Feature", "properties": {"tile_id": 377, "average_temperature": 18.6241}, "geometry": {"type": "Polygon", "coordinates": [[[-118.41854380465398, 34.0197600160818], [-118.41746343490075, 34.01977247497822], [-118.41747839939529, 34.02067253011935], [-118.41855878054493, 34.0206600708033], [-118.41854380465398, 34.0197600160818]]]}}, {"type": "Feature", "properties": {"tile_id": 378, "average_temperature": 18.6184}, "geometry": {"type": "Polygon", "coordinates": [[[-118.41746343490075, 34.01977247497822], [-118.41638306448408, 34.01978492438817], [-118.4163980175822, 34.0206849799486], [-118.41747839939529, 34.02067253011935], [-118.41746343490075, 34.01977247497822]]]}}, {"type": "Feature", "properties": {"tile_id": 379, "average_temperature": 18.6137}, "geometry": {"type": "Polygon", "coordinates": [[[-118.41638306448408, 34.01978492438817], [-118.41530269340444, 34.01979736431162], [-118.4153176351061, 34.02069742029104], [-118.4163980175822, 34.0206849799486], [-118.41638306448408, 34.01978492438817]]]}}, {"type": "Feature", "properties": {"tile_id": 380, "average_temperature": 18.6103}, "geometry": {"type": "Polygon", "coordinates": [[[-118.41530269340444, 34.01979736431162], [-118.41422232166234, 34.01980979474858], [-118.4142372519675, 34.02070985114667], [-118.4153176351061, 34.02069742029104], [-118.41530269340444, 34.01979736431162]]]}}, {"type": "Feature", "properties": {"tile_id": 381, "average_temperature": 18.6083}, "geometry": {"type": "Polygon", "coordinates": [[[-118.41422232166234, 34.01980979474858], [-118.41314194925826, 34.019822215699], [-118.41315686816692, 34.02072227251543], [-118.4142372519675, 34.02070985114667], [-118.41422232166234, 34.01980979474858]]]}}, {"type": "Feature", "properties": {"tile_id": 382, "average_temperature": 18.6075}, "geometry": {"type": "Polygon", "coordinates": [[[-118.41314194925826, 34.019822215699], [-118.41206157619274, 34.01983462716287], [-118.41207648370487, 34.020734684397326], [-118.41315686816692, 34.02072227251543], [-118.41314194925826, 34.019822215699]]]}}, {"type": "Feature", "properties": {"tile_id": 383, "average_temperature": 18.6081}, "geometry": {"type": "Polygon", "coordinates": [[[-118.41206157619274, 34.01983462716287], [-118.41098120246627, 34.01984702914018], [-118.41099609858183, 34.02074708679233], [-118.41207648370487, 34.020734684397326], [-118.41206157619274, 34.01983462716287]]]}}, {"type": "Feature", "properties": {"tile_id": 384, "average_temperature": 18.61}, "geometry": {"type": "Polygon", "coordinates": [[[-118.41098120246627, 34.01984702914018], [-118.40990082807937, 34.01985942163088], [-118.40991571279834, 34.020759479700445], [-118.41099609858183, 34.02074708679233], [-118.41098120246627, 34.01984702914018]]]}}, {"type": "Feature", "properties": {"tile_id": 385, "average_temperature": 18.6131}, "geometry": {"type": "Polygon", "coordinates": [[[-118.40990082807937, 34.01985942163088], [-118.40882045303253, 34.019871804634995], [-118.40883532635488, 34.02077186312162], [-118.40991571279834, 34.020759479700445], [-118.40990082807937, 34.01985942163088]]]}}, {"type": "Feature", "properties": {"tile_id": 386, "average_temperature": 18.6175}, "geometry": {"type": "Polygon", "coordinates": [[[-118.40882045303253, 34.019871804634995], [-118.40774007732627, 34.01988417815248], [-118.40775493925196, 34.02078423705585], [-118.40883532635488, 34.02077186312162], [-118.40882045303253, 34.019871804634995]]]}}, {"type": "Feature", "properties": {"tile_id": 387, "average_temperature": 18.6232}, "geometry": {"type": "Polygon", "coordinates": [[[-118.40774007732627, 34.01988417815248], [-118.40665970096106, 34.01989654218332], [-118.40667455149008, 34.02079660150312], [-118.40775493925196, 34.02078423705585], [-118.40774007732627, 34.01988417815248]]]}}, {"type": "Feature", "properties": {"tile_id": 388, "average_temperature": 18.6303}, "geometry": {"type": "Polygon", "coordinates": [[[-118.40665970096106, 34.01989654218332], [-118.40557932393745, 34.01990889672749], [-118.40559416306974, 34.02080895646341], [-118.40667455149008, 34.02079660150312], [-118.40665970096106, 34.01989654218332]]]}}, {"type": "Feature", "properties": {"tile_id": 389, "average_temperature": 18.6387}, "geometry": {"type": "Polygon", "coordinates": [[[-118.40557932393745, 34.01990889672749], [-118.4044989462559, 34.01992124178497], [-118.40451377399147, 34.020821301936685], [-118.40559416306974, 34.02080895646341], [-118.40557932393745, 34.01990889672749]]]}}, {"type": "Feature", "properties": {"tile_id": 390, "average_temperature": 18.6484}, "geometry": {"type": "Polygon", "coordinates": [[[-118.4044989462559, 34.01992124178497], [-118.40341856791696, 34.01993357735577], [-118.40343338425576, 34.02083363792294], [-118.40451377399147, 34.020821301936685], [-118.4044989462559, 34.01992124178497]]]}}, {"type": "Feature", "properties": {"tile_id": 391, "average_temperature": 18.6593}, "geometry": {"type": "Polygon", "coordinates": [[[-118.40341856791696, 34.01993357735577], [-118.4023381889211, 34.01994590343983], [-118.40235299386312, 34.020845964422165], [-118.40343338425576, 34.02083363792294], [-118.40341856791696, 34.01993357735577]]]}}, {"type": "Feature", "properties": {"tile_id": 392, "average_temperature": 18.671}, "geometry": {"type": "Polygon", "coordinates": [[[-118.4023381889211, 34.01994590343983], [-118.40125780926886, 34.019958220037154], [-118.40127260281405, 34.020858281434315], [-118.40235299386312, 34.020845964422165], [-118.4023381889211, 34.01994590343983]]]}}, {"type": "Feature", "properties": {"tile_id": 393, "average_temperature": 18.3555}, "geometry": {"type": "Polygon", "coordinates": [[[-118.44664845589199, 34.020332798786], [-118.4455680921706, 34.02034550475178], [-118.44558335363953, 34.0212455487409], [-118.44666372875709, 34.021232842347175], [-118.44664845589199, 34.020332798786]]]}}, {"type": "Feature", "properties": {"tile_id": 394, "average_temperature": 18.3477}, "geometry": {"type": "Polygon", "coordinates": [[[-118.4455680921706, 34.02034550475178], [-118.44448772777264, 34.02035820123129], [-118.44450297784536, 34.02125824564803], [-118.44558335363953, 34.0212455487409], [-118.4455680921706, 34.02034550475178]]]}}, {"type": "Feature", "properties": {"tile_id": 395, "average_temperature": 18.3419}, "geometry": {"type": "Polygon", "coordinates": [[[-118.44448772777264, 34.02035820123129], [-118.4434073626985, 34.0203708882245], [-118.443422601375, 34.02127093306852], [-118.44450297784536, 34.02125824564803], [-118.44448772777264, 34.02035820123129]]]}}, {"type": "Feature", "properties": {"tile_id": 396, "average_temperature": 18.3384}, "geometry": {"type": "Polygon", "coordinates": [[[-118.4434073626985, 34.0203708882245], [-118.44232699694875, 34.020383565731365], [-118.44234222422904, 34.021283611002374], [-118.443422601375, 34.02127093306852], [-118.4434073626985, 34.0203708882245]]]}}, {"type": "Feature", "properties": {"tile_id": 397, "average_temperature": 18.3379}, "geometry": {"type": "Polygon", "coordinates": [[[-118.44232699694875, 34.020383565731365], [-118.4412466305239, 34.0203962337519], [-118.4412618464079, 34.02129627944958], [-118.44234222422904, 34.021283611002374], [-118.44232699694875, 34.020383565731365]]]}}, {"type": "Feature", "properties": {"tile_id": 398, "average_temperature": 18.3409}, "geometry": {"type": "Polygon", "coordinates": [[[-118.4412466305239, 34.0203962337519], [-118.44016626342446, 34.02040889228608], [-118.44018146791215, 34.021308938410094], [-118.4412618464079, 34.02129627944958], [-118.4412466305239, 34.0203962337519]]]}}, {"type": "Feature", "properties": {"tile_id": 399, "average_temperature": 18.3478}, "geometry": {"type": "Polygon", "coordinates": [[[-118.44016626342446, 34.02040889228608], [-118.43908589565088, 34.020421541333874], [-118.43910108874223, 34.021321587883904], [-118.44018146791215, 34.021308938410094], [-118.44016626342446, 34.02040889228608]]]}}, {"type": "Feature", "properties": {"tile_id": 400, "average_temperature": 18.3593}, "geometry": {"type": "Polygon", "coordinates": [[[-118.43908589565088, 34.020421541333874], [-118.43800552720371, 34.02043418089526], [-118.43802070889872, 34.021334227871], [-118.43910108874225, 34.021321587883904], [-118.43908589565088, 34.020421541333874]]]}}, {"type": "Feature", "properties": {"tile_id": 401, "average_temperature": 18.3758}, "geometry": {"type": "Polygon", "coordinates": [[[-118.43800552720371, 34.02043418089526], [-118.43692515808345, 34.02044681097023], [-118.43694032838206, 34.02134685837135], [-118.43802070889872, 34.021334227871], [-118.43800552720371, 34.02043418089526]]]}}, {"type": "Feature", "properties": {"tile_id": 402, "average_temperature": 18.3968}, "geometry": {"type": "Polygon", "coordinates": [[[-118.43692515808345, 34.02044681097023], [-118.4358447882906, 34.02045943155876], [-118.4358599471928, 34.02135947938494], [-118.43694032838206, 34.02134685837135], [-118.43692515808345, 34.02044681097023]]]}}, {"type": "Feature", "properties": {"tile_id": 403, "average_temperature": 18.4214}, "geometry": {"type": "Polygon", "coordinates": [[[-118.4358447882906, 34.02045943155876], [-118.43476441782568, 34.02047204266082], [-118.43477956533141, 34.02137209091174], [-118.4358599471928, 34.02135947938494], [-118.4358447882906, 34.02045943155876]]]}}, {"type": "Feature", "properties": {"tile_id": 404, "average_temperature": 18.4486}, "geometry": {"type": "Polygon", "coordinates": [[[-118.43476441782568, 34.02047204266082], [-118.43368404668917, 34.020484644276415], [-118.43369918279842, 34.021384692951756], [-118.43477956533141, 34.02137209091174], [-118.43476441782568, 34.02047204266082]]]}}, {"type": "Feature", "properties": {"tile_id": 405, "average_temperature": 18.4772}, "geometry": {"type": "Polygon", "coordinates": [[[-118.43368404668917, 34.020484644276415], [-118.43260367488156, 34.0204972364055], [-118.43261879959434, 34.021397285504946], [-118.43369918279842, 34.021384692951756], [-118.43368404668917, 34.020484644276415]]]}}, {"type": "Feature", "properties": {"tile_id": 406, "average_temperature": 18.5064}, "geometry": {"type": "Polygon", "coordinates": [[[-118.43260367488156, 34.0204972364055], [-118.4315233024034, 34.020509819048065], [-118.43153841571963, 34.0214098685713], [-118.43261879959434, 34.021397285504946], [-118.43260367488156, 34.0204972364055]]]}}, {"type": "Feature", "properties": {"tile_id": 407, "average_temperature": 18.535}, "geometry": {"type": "Polygon", "coordinates": [[[-118.4315233024034, 34.020509819048065], [-118.43044292925518, 34.02052239220409], [-118.43045803117485, 34.021422442150794], [-118.43153841571963, 34.0214098685713], [-118.4315233024034, 34.020509819048065]]]}}, {"type": "Feature", "properties": {"tile_id": 408, "average_temperature": 18.562}, "geometry": {"type": "Polygon", "coordinates": [[[-118.43044292925518, 34.02052239220409], [-118.4293625554374, 34.02053495587357], [-118.42937764596047, 34.02143500624341], [-118.43045803117485, 34.021422442150794], [-118.43044292925518, 34.02052239220409]]]}}, {"type": "Feature", "properties": {"tile_id": 409, "average_temperature": 18.5864}, "geometry": {"type": "Polygon", "coordinates": [[[-118.4293625554374, 34.02053495587357], [-118.42828218095057, 34.02054751005647], [-118.42829726007703, 34.02144756084913], [-118.42937764596047, 34.02143500624341], [-118.4293625554374, 34.02053495587357]]]}}, {"type": "Feature", "properties": {"tile_id": 410, "average_temperature": 18.6073}, "geometry": {"type": "Polygon", "coordinates": [[[-118.42828218095057, 34.02054751005647], [-118.42720180579519, 34.020560054752764], [-118.42721687352498, 34.02146010596794], [-118.42829726007703, 34.02144756084913], [-118.42828218095057, 34.02054751005647]]]}}, {"type": "Feature", "properties": {"tile_id": 411, "average_temperature": 18.6235}, "geometry": {"type": "Polygon", "coordinates": [[[-118.42720180579519, 34.020560054752764], [-118.42612142997174, 34.02057258996244], [-118.42613648630488, 34.02147264159981], [-118.42721687352498, 34.02146010596794], [-118.42720180579519, 34.020560054752764]]]}}, {"type": "Feature", "properties": {"tile_id": 412, "average_temperature": 18.635}, "geometry": {"type": "Polygon", "coordinates": [[[-118.42612142997174, 34.02057258996244], [-118.4250410534808, 34.020585115685485], [-118.4250560984172, 34.02148516774472], [-118.42613648630488, 34.02147264159981], [-118.42612142997174, 34.02057258996244]]]}}, {"type": "Feature", "properties": {"tile_id": 413, "average_temperature": 18.6421}, "geometry": {"type": "Polygon", "coordinates": [[[-118.4250410534808, 34.020585115685485], [-118.42396067632279, 34.02059763192188], [-118.42397570986249, 34.02149768440266], [-118.4250560984172, 34.02148516774472], [-118.4250410534808, 34.020585115685485]]]}}, {"type": "Feature", "properties": {"tile_id": 414, "average_temperature": 18.6455}, "geometry": {"type": "Polygon", "coordinates": [[[-118.42396067632279, 34.02059763192188], [-118.42288029849824, 34.02061013867159], [-118.42289532064116, 34.0215101915736], [-118.42397570986249, 34.02149768440266], [-118.42396067632279, 34.02059763192188]]]}}, {"type": "Feature", "properties": {"tile_id": 415, "average_temperature": 18.6459}, "geometry": {"type": "Polygon", "coordinates": [[[-118.42288029849824, 34.02061013867159], [-118.42179992000769, 34.02062263593461], [-118.42181493075381, 34.02152268925752], [-118.42289532064116, 34.0215101915736], [-118.42288029849824, 34.02061013867159]]]}}, {"type": "Feature", "properties": {"tile_id": 416, "average_temperature": 18.6437}, "geometry": {"type": "Polygon", "coordinates": [[[-118.42179992000769, 34.02062263593461], [-118.4207195408516, 34.02063512371091], [-118.42073454020091, 34.02153517745442], [-118.42181493075381, 34.02152268925752], [-118.42179992000769, 34.02062263593461]]]}}, {"type": "Feature", "properties": {"tile_id": 417, "average_temperature": 18.6397}, "geometry": {"type": "Polygon", "coordinates": [[[-118.4207195408516, 34.02063512371091], [-118.4196391610305, 34.02064760200048], [-118.419654148983, 34.02154765616427], [-118.42073454020094, 34.02153517745442], [-118.4207195408516, 34.02063512371091]]]}}, {"type": "Feature", "properties": {"tile_id": 418, "average_temperature": 18.6343}, "geometry": {"type": "Polygon", "coordinates": [[[-118.4196391610305, 34.02064760200048], [-118.41855878054493, 34.0206600708033], [-118.4185737571005, 34.02156012538704], [-118.419654148983, 34.02154765616427], [-118.4196391610305, 34.02064760200048]]]}}, {"type": "Feature", "properties": {"tile_id": 419, "average_temperature": 18.6283}, "geometry": {"type": "Polygon", "coordinates": [[[-118.41855878054493, 34.0206600708033], [-118.41747839939529, 34.02067253011935], [-118.417493364554, 34.02157258512272], [-118.4185737571005, 34.02156012538704], [-118.41855878054493, 34.0206600708033]]]}}, {"type": "Feature", "properties": {"tile_id": 420, "average_temperature": 18.622}, "geometry": {"type": "Polygon", "coordinates": [[[-118.41747839939529, 34.02067253011935], [-118.4163980175822, 34.0206849799486], [-118.41641297134397, 34.021585035371295], [-118.417493364554, 34.02157258512272], [-118.41747839939529, 34.02067253011935]]]}}, {"type": "Feature", "properties": {"tile_id": 421, "average_temperature": 18.6162}, "geometry": {"type": "Polygon", "coordinates": [[[-118.4163980175822, 34.0206849799486], [-118.4153176351061, 34.02069742029104], [-118.4153325774709, 34.021597476132726], [-118.41641297134397, 34.021585035371295], [-118.4163980175822, 34.0206849799486]]]}}, {"type": "Feature", "properties": {"tile_id": 422, "average_temperature": 18.6113}, "geometry": {"type": "Polygon", "coordinates": [[[-118.4153176351061, 34.02069742029104], [-118.4142372519675, 34.02070985114667], [-118.41425218293533, 34.02160990740702], [-118.4153325774709, 34.021597476132726], [-118.4153176351061, 34.02069742029104]]]}}, {"type": "Feature", "properties": {"tile_id": 423, "average_temperature": 18.6074}, "geometry": {"type": "Polygon", "coordinates": [[[-118.4142372519675, 34.02070985114667], [-118.41315686816692, 34.02072227251543], [-118.41317178773772, 34.021622329194145], [-118.41425218293533, 34.02160990740702], [-118.4142372519675, 34.02070985114667]]]}}, {"type": "Feature", "properties": {"tile_id": 424, "average_temperature": 18.6045}, "geometry": {"type": "Polygon", "coordinates": [[[-118.41315686816692, 34.02072227251543], [-118.41207648370487, 34.020734684397326], [-118.41209139187862, 34.021634741494076], [-118.41317178773772, 34.021622329194145], [-118.41315686816692, 34.02072227251543]]]}}, {"type": "Feature", "properties": {"tile_id": 425, "average_temperature": 18.6029}, "geometry": {"type": "Polygon", "coordinates": [[[-118.41207648370487, 34.020734684397326], [-118.41099609858183, 34.02074708679233], [-118.41101099535852, 34.0216471443068], [-118.41209139187862, 34.021634741494076], [-118.41207648370487, 34.020734684397326]]]}}, {"type": "Feature", "properties": {"tile_id": 426, "average_temperature": 18.6027}, "geometry": {"type": "Polygon", "coordinates": [[[-118.41099609858183, 34.02074708679233], [-118.40991571279834, 34.020759479700445], [-118.40993059817792, 34.0216595376323], [-118.41101099535852, 34.0216471443068], [-118.41099609858183, 34.02074708679233]]]}}, {"type": "Feature", "properties": {"tile_id": 427, "average_temperature": 18.604}, "geometry": {"type": "Polygon", "coordinates": [[[-118.40991571279834, 34.020759479700445], [-118.40883532635488, 34.02077186312162], [-118.40885020033734, 34.02167192147055], [-118.40993059817792, 34.0216595376323], [-118.40991571279834, 34.020759479700445]]]}}, {"type": "Feature", "properties": {"tile_id": 428, "average_temperature": 18.6069}, "geometry": {"type": "Polygon", "coordinates": [[[-118.40883532635488, 34.02077186312162], [-118.40775493925196, 34.02078423705585], [-118.40776980183725, 34.021684295821544], [-118.40885020033734, 34.02167192147055], [-118.40883532635488, 34.02077186312162]]]}}, {"type": "Feature", "properties": {"tile_id": 429, "average_temperature": 18.6117}, "geometry": {"type": "Polygon", "coordinates": [[[-118.40775493925196, 34.02078423705585], [-118.40667455149008, 34.02079660150312], [-118.4066894026782, 34.02169666068525], [-118.40776980183725, 34.021684295821544], [-118.40775493925196, 34.02078423705585]]]}}, {"type": "Feature", "properties": {"tile_id": 430, "average_temperature": 18.6184}, "geometry": {"type": "Polygon", "coordinates": [[[-118.40667455149008, 34.02079660150312], [-118.40559416306974, 34.02080895646341], [-118.40560900286064, 34.021709016061656], [-118.4066894026782, 34.02169666068525], [-118.40667455149008, 34.02079660150312]]]}}, {"type": "Feature", "properties": {"tile_id": 431, "average_temperature": 18.6273}, "geometry": {"type": "Polygon", "coordinates": [[[-118.40559416306974, 34.02080895646341], [-118.40451377399147, 34.020821301936685], [-118.40452860238513, 34.02172136195074], [-118.40560900286064, 34.021709016061656], [-118.40559416306974, 34.02080895646341]]]}}, {"type": "Feature", "properties": {"tile_id": 432, "average_temperature": 18.6384}, "geometry": {"type": "Polygon", "coordinates": [[[-118.40451377399147, 34.020821301936685], [-118.40343338425576, 34.02083363792294], [-118.40344820125215, 34.02173369835248], [-118.40452860238513, 34.02172136195074], [-118.40451377399147, 34.020821301936685]]]}}, {"type": "Feature", "properties": {"tile_id": 433, "average_temperature": 18.6513}, "geometry": {"type": "Polygon", "coordinates": [[[-118.40343338425576, 34.02083363792294], [-118.40235299386312, 34.020845964422165], [-118.4023677994622, 34.02174602526685], [-118.40344820125215, 34.02173369835248], [-118.40343338425576, 34.02083363792294]]]}}, {"type": "Feature", "properties": {"tile_id": 434, "average_temperature": 18.6655}, "geometry": {"type": "Polygon", "coordinates": [[[-118.40235299386312, 34.020845964422165], [-118.40127260281405, 34.020858281434315], [-118.4012873970158, 34.02175834269385], [-118.4023677994622, 34.02174602526685], [-118.40235299386312, 34.020845964422165]]]}}, {"type": "Feature", "properties": {"tile_id": 435, "average_temperature": 18.6963}, "geometry": {"type": "Polygon", "coordinates": [[[-118.40019221110902, 34.0208705889594], [-118.39911181874862, 34.02088288699738], [-118.39912659015566, 34.02178294908564], [-118.40020699391346, 34.021770650633464], [-118.40019221110902, 34.0208705889594]]]}}, {"type": "Feature", "properties": {"tile_id": 436, "average_temperature": 18.7119}, "geometry": {"type": "Polygon", "coordinates": [[[-118.39911181874862, 34.02088288699738], [-118.3980314257333, 34.02089517554824], [-118.39804618574291, 34.02179523805039], [-118.39912659015566, 34.02178294908564], [-118.39911181874862, 34.02088288699738]]]}}, {"type": "Feature", "properties": {"tile_id": 437, "average_temperature": 18.3664}, "geometry": {"type": "Polygon", "coordinates": [[[-118.44774410319745, 34.02122012646686], [-118.44666372875709, 34.021232842347175], [-118.4466790023, 34.02213288577036], [-118.44775938813699, 34.0221201694618], [-118.44774410319745, 34.02122012646686]]]}}, {"type": "Feature", "properties": {"tile_id": 438, "average_temperature": 18.3592}, "geometry": {"type": "Polygon", "coordinates": [[[-118.44666372875709, 34.021232842347175], [-118.44558335363953, 34.0212455487409], [-118.4455986157858, 34.02214559259204], [-118.4466790023, 34.02213288577036], [-118.44666372875709, 34.021232842347175]]]}}, {"type": "Feature", "properties": {"tile_id": 439, "average_temperature": 18.3533}, "geometry": {"type": "Polygon", "coordinates": [[[-118.44558335363953, 34.0212455487409], [-118.44450297784536, 34.02125824564803], [-118.44451822859493, 34.02215828992679], [-118.4455986157858, 34.02214559259204], [-118.44558335363953, 34.0212455487409]]]}}, {"type": "Feature", "properties": {"tile_id": 440, "average_temperature": 18.3492}, "geometry": {"type": "Polygon", "coordinates": [[[-118.44450297784536, 34.02125824564803], [-118.443422601375, 34.02127093306852], [-118.44343784072787, 34.0221709777746], [-118.44451822859493, 34.02215828992679], [-118.44450297784536, 34.02125824564803]]]}}, {"type": "Feature", "properties": {"tile_id": 441, "average_temperature": 18.3474}, "geometry": {"type": "Polygon", "coordinates": [[[-118.443422601375, 34.02127093306852], [-118.44234222422904, 34.021283611002374], [-118.44235745218512, 34.02218365613545], [-118.44343784072787, 34.0221709777746], [-118.443422601375, 34.02127093306852]]]}}, {"type": "Feature", "properties": {"tile_id": 442, "average_temperature": 18.3483}, "geometry": {"type": "Polygon", "coordinates": [[[-118.44234222422904, 34.021283611002374], [-118.4412618464079, 34.02129627944958], [-118.44127706296722, 34.02219632500931], [-118.44235745218512, 34.02218365613545], [-118.44234222422904, 34.021283611002374]]]}}, {"type": "Feature", "properties": {"tile_id": 443, "average_temperature": 18.3524}, "geometry": {"type": "Polygon", "coordinates": [[[-118.4412618464079, 34.02129627944958], [-118.44018146791215, 34.021308938410094], [-118.44019667307462, 34.02220898439617], [-118.44127706296722, 34.02219632500931], [-118.4412618464079, 34.02129627944958]]]}}, {"type": "Feature", "properties": {"tile_id": 444, "average_temperature": 18.3602}, "geometry": {"type": "Polygon", "coordinates": [[[-118.44018146791215, 34.021308938410094], [-118.43910108874223, 34.021321587883904], [-118.43911628250791, 34.02222163429602], [-118.44019667307462, 34.02220898439617], [-118.44018146791215, 34.021308938410094]]]}}, {"type": "Feature", "properties": {"tile_id": 445, "average_temperature": 18.372}, "geometry": {"type": "Polygon", "coordinates": [[[-118.43910108874225, 34.021321587883904], [-118.43802070889872, 34.021334227871], [-118.4380358912675, 34.02223427470881], [-118.43911628250791, 34.02222163429602], [-118.43910108874225, 34.021321587883904]]]}}, {"type": "Feature", "properties": {"tile_id": 446, "average_temperature": 18.3883}, "geometry": {"type": "Polygon", "coordinates": [[[-118.43802070889872, 34.021334227871], [-118.43694032838206, 34.02134685837135], [-118.43695549935396, 34.02224690563456], [-118.4380358912675, 34.02223427470881], [-118.43802070889872, 34.021334227871]]]}}, {"type": "Feature", "properties": {"tile_id": 447, "average_temperature": 18.4088}, "geometry": {"type": "Polygon", "coordinates": [[[-118.43694032838206, 34.02134685837135], [-118.4358599471928, 34.02135947938494], [-118.43587510676777, 34.02225952707322], [-118.43695549935396, 34.02224690563456], [-118.43694032838206, 34.02134685837135]]]}}, {"type": "Feature", "properties": {"tile_id": 448, "average_temperature": 18.4326}, "geometry": {"type": "Polygon", "coordinates": [[[-118.4358599471928, 34.02135947938494], [-118.43477956533141, 34.02137209091174], [-118.43479471350945, 34.02227213902478], [-118.43587510676777, 34.02225952707322], [-118.4358599471928, 34.02135947938494]]]}}, {"type": "Feature", "properties": {"tile_id": 449, "average_temperature": 18.4586}, "geometry": {"type": "Polygon", "coordinates": [[[-118.43477956533141, 34.02137209091174], [-118.43369918279842, 34.021384692951756], [-118.43371431957945, 34.02228474148923], [-118.43479471350945, 34.02227213902478], [-118.43477956533141, 34.02137209091174]]]}}, {"type": "Feature", "properties": {"tile_id": 450, "average_temperature": 18.486}, "geometry": {"type": "Polygon", "coordinates": [[[-118.43369918279842, 34.021384692951756], [-118.43261879959434, 34.021397285504946], [-118.43263392497835, 34.02229733446652], [-118.43371431957945, 34.02228474148923], [-118.43369918279842, 34.021384692951756]]]}}, {"type": "Feature", "properties": {"tile_id": 451, "average_temperature": 18.5138}, "geometry": {"type": "Polygon", "coordinates": [[[-118.43261879959434, 34.021397285504946], [-118.43153841571963, 34.0214098685713], [-118.43155352970662, 34.022309917956676], [-118.43263392497835, 34.02229733446652], [-118.43261879959434, 34.021397285504946]]]}}, {"type": "Feature", "properties": {"tile_id": 452, "average_temperature": 18.541}, "geometry": {"type": "Polygon", "coordinates": [[[-118.43153841571963, 34.0214098685713], [-118.43045803117485, 34.021422442150794], [-118.43047313376476, 34.02232249195964], [-118.43155352970662, 34.022309917956676], [-118.43153841571963, 34.0214098685713]]]}}, {"type": "Feature", "properties": {"tile_id": 453, "average_temperature": 18.5668}, "geometry": {"type": "Polygon", "coordinates": [[[-118.43045803117485, 34.021422442150794], [-118.42937764596047, 34.02143500624341], [-118.42939273715332, 34.02233505647542], [-118.43047313376476, 34.02232249195964], [-118.43045803117485, 34.021422442150794]]]}}, {"type": "Feature", "properties": {"tile_id": 454, "average_temperature": 18.5902}, "geometry": {"type": "Polygon", "coordinates": [[[-118.42937764596047, 34.02143500624341], [-118.42829726007703, 34.02144756084913], [-118.42831233987273, 34.02234761150398], [-118.42939273715332, 34.02233505647542], [-118.42937764596047, 34.02143500624341]]]}}, {"type": "Feature", "properties": {"tile_id": 455, "average_temperature": 18.6102}, "geometry": {"type": "Polygon", "coordinates": [[[-118.42829726007703, 34.02144756084913], [-118.42721687352498, 34.02146010596794], [-118.42723194192354, 34.02236015704529], [-118.42831233987273, 34.02234761150398], [-118.42829726007703, 34.02144756084913]]]}}, {"type": "Feature", "properties": {"tile_id": 456, "average_temperature": 18.626}, "geometry": {"type": "Polygon", "coordinates": [[[-118.42721687352498, 34.02146010596794], [-118.42613648630488, 34.02147264159981], [-118.42615154330625, 34.022372693099356], [-118.42723194192354, 34.02236015704529], [-118.42721687352498, 34.02146010596794]]]}}, {"type": "Feature", "properties": {"tile_id": 457, "average_temperature": 18.6373}, "geometry": {"type": "Polygon", "coordinates": [[[-118.42613648630488, 34.02147264159981], [-118.4250560984172, 34.02148516774472], [-118.42507114402136, 34.02238521966614], [-118.42615154330625, 34.022372693099356], [-118.42613648630488, 34.02147264159981]]]}}, {"type": "Feature", "properties": {"tile_id": 458, "average_temperature": 18.6445}, "geometry": {"type": "Polygon", "coordinates": [[[-118.4250560984172, 34.02148516774472], [-118.42397570986249, 34.02149768440266], [-118.42399074406939, 34.02239773674564], [-118.42507114402136, 34.02238521966614], [-118.4250560984172, 34.02148516774472]]]}}, {"type": "Feature", "properties": {"tile_id": 459, "average_temperature": 18.6483}, "geometry": {"type": "Polygon", "coordinates": [[[-118.42397570986249, 34.02149768440266], [-118.42289532064116, 34.0215101915736], [-118.42291034345081, 34.02241024433782], [-118.42399074406939, 34.02239773674564], [-118.42397570986249, 34.02149768440266]]]}}, {"type": "Feature", "properties": {"tile_id": 460, "average_temperature": 18.649}, "geometry": {"type": "Polygon", "coordinates": [[[-118.42289532064116, 34.0215101915736], [-118.42181493075381, 34.02152268925752], [-118.42182994216618, 34.02242274244266], [-118.42291034345081, 34.02241024433782], [-118.42289532064116, 34.0215101915736]]]}}, {"type": "Feature", "properties": {"tile_id": 461, "average_temperature": 18.6472}, "geometry": {"type": "Polygon", "coordinates": [[[-118.42181493075381, 34.02152268925752], [-118.42073454020091, 34.02153517745442], [-118.42074954021597, 34.02243523106017], [-118.42182994216618, 34.02242274244266], [-118.42181493075381, 34.02152268925752]]]}}, {"type": "Feature", "properties": {"tile_id": 462, "average_temperature": 18.6434}, "geometry": {"type": "Polygon", "coordinates": [[[-118.42073454020094, 34.02153517745442], [-118.419654148983, 34.02154765616427], [-118.41966913760066, 34.022447710190285], [-118.42074954021597, 34.02243523106017], [-118.42073454020094, 34.02153517745442]]]}}, {"type": "Feature", "properties": {"tile_id": 463, "average_temperature": 18.6382}, "geometry": {"type": "Polygon", "coordinates": [[[-118.419654148983, 34.02154765616427], [-118.4185737571005, 34.02156012538704], [-118.41858873432082, 34.022460179833026], [-118.41966913760066, 34.022447710190285], [-118.419654148983, 34.02154765616427]]]}}, {"type": "Feature", "properties": {"tile_id": 464, "average_temperature": 18.6321}, "geometry": {"type": "Polygon", "coordinates": [[[-118.4185737571005, 34.02156012538704], [-118.417493364554, 34.02157258512272], [-118.41750833037689, 34.02247263998834], [-118.41858873432082, 34.022460179833026], [-118.4185737571005, 34.02156012538704]]]}}, {"type": "Feature", "properties": {"tile_id": 465, "average_temperature": 18.6254}, "geometry": {"type": "Polygon", "coordinates": [[[-118.417493364554, 34.02157258512272], [-118.41641297134397, 34.021585035371295], [-118.41642792576943, 34.02248509065624], [-118.41750833037689, 34.02247263998834], [-118.417493364554, 34.02157258512272]]]}}, {"type": "Feature", "properties": {"tile_id": 466, "average_temperature": 18.6189}, "geometry": {"type": "Polygon", "coordinates": [[[-118.41641297134397, 34.021585035371295], [-118.4153325774709, 34.021597476132726], [-118.4153475204989, 34.02249753183667], [-118.41642792576943, 34.02248509065624], [-118.41641297134397, 34.021585035371295]]]}}, {"type": "Feature", "properties": {"tile_id": 467, "average_temperature": 18.6127}, "geometry": {"type": "Polygon", "coordinates": [[[-118.4153325774709, 34.021597476132726], [-118.41425218293533, 34.02160990740702], [-118.4142671145658, 34.02250996352966], [-118.4153475204989, 34.02249753183667], [-118.4153325774709, 34.021597476132726]]]}}, {"type": "Feature", "properties": {"tile_id": 468, "average_temperature": 18.6073}, "geometry": {"type": "Polygon", "coordinates": [[[-118.41425218293533, 34.02160990740702], [-118.41317178773772, 34.021622329194145], [-118.4131867079707, 34.02252238573514], [-118.4142671145658, 34.02250996352966], [-118.41425218293533, 34.02160990740702]]]}}, {"type": "Feature", "properties": {"tile_id": 469, "average_temperature": 18.6028}, "geometry": {"type": "Polygon", "coordinates": [[[-118.41317178773772, 34.021622329194145], [-118.41209139187862, 34.021634741494076], [-118.41210630071406, 34.02253479845311], [-118.4131867079707, 34.02252238573514], [-118.41317178773772, 34.021622329194145]]]}}, {"type": "Feature", "properties": {"tile_id": 470, "average_temperature": 18.5995}, "geometry": {"type": "Polygon", "coordinates": [[[-118.41209139187862, 34.021634741494076], [-118.41101099535852, 34.0216471443068], [-118.41102589279637, 34.022547201683565], [-118.41210630071406, 34.02253479845311], [-118.41209139187862, 34.021634741494076]]]}}, {"type": "Feature", "properties": {"tile_id": 471, "average_temperature": 18.5977}, "geometry": {"type": "Polygon", "coordinates": [[[-118.41101099535852, 34.0216471443068], [-118.40993059817792, 34.0216595376323], [-118.40994548421818, 34.02255959542647], [-118.41102589279637, 34.022547201683565], [-118.41101099535852, 34.0216471443068]]]}}, {"type": "Feature", "properties": {"tile_id": 472, "average_temperature": 18.5975}, "geometry": {"type": "Polygon", "coordinates": [[[-118.40993059817792, 34.0216595376323], [-118.40885020033734, 34.02167192147055], [-118.40886507497996, 34.022571979681814], [-118.40994548421818, 34.02255959542647], [-118.40993059817792, 34.0216595376323]]]}}, {"type": "Feature", "properties": {"tile_id": 473, "average_temperature": 18.5992}, "geometry": {"type": "Polygon", "coordinates": [[[-118.40885020033734, 34.02167192147055], [-118.40776980183725, 34.021684295821544], [-118.4077846650822, 34.02258435444957], [-118.40886507497996, 34.022571979681814], [-118.40885020033734, 34.02167192147055]]]}}, {"type": "Feature", "properties": {"tile_id": 474, "average_temperature": 18.6032}, "geometry": {"type": "Polygon", "coordinates": [[[-118.40776980183725, 34.021684295821544], [-118.4066894026782, 34.02169666068525], [-118.40670425452545, 34.02259671972972], [-118.4077846650822, 34.02258435444957], [-118.40776980183725, 34.021684295821544]]]}}, {"type": "Feature", "properties": {"tile_id": 475, "average_temperature": 18.6096}, "geometry": {"type": "Polygon", "coordinates": [[[-118.4066894026782, 34.02169666068525], [-118.40560900286064, 34.021709016061656], [-118.4056238433102, 34.02260907552226], [-118.40670425452545, 34.02259671972972], [-118.4066894026782, 34.02169666068525]]]}}, {"type": "Feature", "properties": {"tile_id": 476, "average_temperature": 18.6188}, "geometry": {"type": "Polygon", "coordinates": [[[-118.40560900286064, 34.021709016061656], [-118.40452860238513, 34.02172136195074], [-118.4045434314369, 34.02262142182714], [-118.4056238433102, 34.02260907552226], [-118.40560900286064, 34.021709016061656]]]}}, {"type": "Feature", "properties": {"tile_id": 477, "average_temperature": 18.6308}, "geometry": {"type": "Polygon", "coordinates": [[[-118.40452860238513, 34.02172136195074], [-118.40344820125215, 34.02173369835248], [-118.40346301890618, 34.02263375864438], [-118.4045434314369, 34.02262142182714], [-118.40452860238513, 34.02172136195074]]]}}, {"type": "Feature", "properties": {"tile_id": 478, "average_temperature": 18.6452}, "geometry": {"type": "Polygon", "coordinates": [[[-118.40344820125215, 34.02173369835248], [-118.4023677994622, 34.02174602526685], [-118.40238260571842, 34.02264608597393], [-118.40346301890618, 34.02263375864438], [-118.40344820125215, 34.02173369835248]]]}}, {"type": "Feature", "properties": {"tile_id": 479, "average_temperature": 18.6613}, "geometry": {"type": "Polygon", "coordinates": [[[-118.4023677994622, 34.02174602526685], [-118.4012873970158, 34.02175834269385], [-118.40130219187418, 34.02265840381578], [-118.40238260571842, 34.02264608597393], [-118.4023677994622, 34.02174602526685]]]}}, {"type": "Feature", "properties": {"tile_id": 480, "average_temperature": 18.6786}, "geometry": {"type": "Polygon", "coordinates": [[[-118.4012873970158, 34.02175834269385], [-118.40020699391346, 34.021770650633464], [-118.40022177737397, 34.022670712169905], [-118.40130219187418, 34.02265840381578], [-118.4012873970158, 34.02175834269385]]]}}, {"type": "Feature", "properties": {"tile_id": 481, "average_temperature": 18.6964}, "geometry": {"type": "Polygon", "coordinates": [[[-118.40020699391346, 34.021770650633464], [-118.39912659015566, 34.02178294908564], [-118.39914136221829, 34.0226830110363], [-118.40022177737397, 34.022670712169905], [-118.40020699391346, 34.021770650633464]]]}}, {"type": "Feature", "properties": {"tile_id": 482, "average_temperature": 18.7142}, "geometry": {"type": "Polygon", "coordinates": [[[-118.39912659015566, 34.02178294908564], [-118.39804618574291, 34.02179523805039], [-118.39806094640764, 34.022695300414945], [-118.39914136221829, 34.0226830110363], [-118.39912659015566, 34.02178294908564]]]}}, {"type": "Feature", "properties": {"tile_id": 483, "average_temperature": 18.3745}, "geometry": {"type": "Polygon", "coordinates": [[[-118.4488397732963, 34.022107443666336], [-118.44775938813699, 34.0221201694618], [-118.44777467375492, 34.02302021231871], [-118.44885507031134, 34.02300748609466], [-118.4488397732963, 34.022107443666336]]]}}, {"type": "Feature", "properties": {"tile_id": 484, "average_temperature": 18.368}, "geometry": {"type": "Polygon", "coordinates": [[[-118.44775938813699, 34.0221201694618], [-118.4466790023, 34.02213288577036], [-118.4466942765208, 34.02303292905557], [-118.44777467375492, 34.02302021231871], [-118.44775938813699, 34.0221201694618]]]}}, {"type": "Feature", "properties": {"tile_id": 485, "average_temperature": 18.3623}, "geometry": {"type": "Polygon", "coordinates": [[[-118.4466790023, 34.02213288577036], [-118.4455986157858, 34.02214559259204], [-118.44561387860942, 34.0230456363052], [-118.4466942765208, 34.02303292905557], [-118.4466790023, 34.02213288577036]]]}}, {"type": "Feature", "properties": {"tile_id": 486, "average_temperature": 18.358}, "geometry": {"type": "Polygon", "coordinates": [[[-118.4455986157858, 34.02214559259204], [-118.44451822859493, 34.02215828992679], [-118.44453348002135, 34.02305833406758], [-118.44561387860942, 34.0230456363052], [-118.4455986157858, 34.02214559259204]]]}}, {"type": "Feature", "properties": {"tile_id": 487, "average_temperature": 18.3553}, "geometry": {"type": "Polygon", "coordinates": [[[-118.44451822859493, 34.02215828992679], [-118.44343784072787, 34.0221709777746], [-118.44345308075705, 34.0230710223427], [-118.44453348002135, 34.02305833406758], [-118.44451822859493, 34.02215828992679]]]}}, {"type": "Feature", "properties": {"tile_id": 488, "average_temperature": 18.3547}, "geometry": {"type": "Polygon", "coordinates": [[[-118.44343784072787, 34.0221709777746], [-118.44235745218512, 34.02218365613545], [-118.44237268081707, 34.02308370113054], [-118.44345308075705, 34.0230710223427], [-118.44343784072787, 34.0221709777746]]]}}, {"type": "Feature", "properties": {"tile_id": 489, "average_temperature": 18.3567}, "geometry": {"type": "Polygon", "coordinates": [[[-118.44235745218512, 34.02218365613545], [-118.44127706296722, 34.02219632500931], [-118.44129228020186, 34.02309637043108], [-118.44237268081707, 34.02308370113054], [-118.44235745218512, 34.02218365613545]]]}}, {"type": "Feature", "properties": {"tile_id": 490, "average_temperature": 18.3616}, "geometry": {"type": "Polygon", "coordinates": [[[-118.44127706296722, 34.02219632500931], [-118.44019667307462, 34.02220898439617], [-118.44021187891197, 34.023109030244306], [-118.44129228020186, 34.02309637043108], [-118.44127706296722, 34.02219632500931]]]}}, {"type": "Feature", "properties": {"tile_id": 491, "average_temperature": 18.3699}, "geometry": {"type": "Polygon", "coordinates": [[[-118.44019667307462, 34.02220898439617], [-118.43911628250791, 34.02222163429602], [-118.43913147694789, 34.02312168057019], [-118.44021187891197, 34.023109030244306], [-118.44019667307462, 34.02220898439617]]]}}, {"type": "Feature", "properties": {"tile_id": 492, "average_temperature": 18.3819}, "geometry": {"type": "Polygon", "coordinates": [[[-118.43911628250791, 34.02222163429602], [-118.4380358912675, 34.02223427470881], [-118.43805107431014, 34.023134321408705], [-118.43913147694789, 34.02312168057019], [-118.43911628250791, 34.02222163429602]]]}}, {"type": "Feature", "properties": {"tile_id": 493, "average_temperature": 18.3981}, "geometry": {"type": "Polygon", "coordinates": [[[-118.4380358912675, 34.02223427470881], [-118.43695549935396, 34.02224690563456], [-118.43697067099917, 34.023146952759845], [-118.43805107431014, 34.023134321408705], [-118.4380358912675, 34.02223427470881]]]}}, {"type": "Feature", "properties": {"tile_id": 494, "average_temperature": 18.4182}, "geometry": {"type": "Polygon", "coordinates": [[[-118.43695549935396, 34.02224690563456], [-118.43587510676777, 34.02225952707322], [-118.43589026701555, 34.02315957462359], [-118.43697067099917, 34.023146952759845], [-118.43695549935396, 34.02224690563456]]]}}, {"type": "Feature", "properties": {"tile_id": 495, "average_temperature": 18.4413}, "geometry": {"type": "Polygon", "coordinates": [[[-118.43587510676777, 34.02225952707322], [-118.43479471350945, 34.02227213902478], [-118.43480986235977, 34.02317218699991], [-118.43589026701555, 34.02315957462359], [-118.43587510676777, 34.02225952707322]]]}}, {"type": "Feature", "properties": {"tile_id": 496, "average_temperature": 18.4664}, "geometry": {"type": "Polygon", "coordinates": [[[-118.43479471350945, 34.02227213902478], [-118.43371431957945, 34.02228474148923], [-118.4337294570323, 34.0231847898888], [-118.43480986235977, 34.02317218699991], [-118.43479471350945, 34.02227213902478]]]}}, {"type": "Feature", "properties": {"tile_id": 497, "average_temperature": 18.4928}, "geometry": {"type": "Polygon", "coordinates": [[[-118.43371431957945, 34.02228474148923], [-118.43263392497835, 34.02229733446652], [-118.43264905103368, 34.023197383290224], [-118.4337294570323, 34.0231847898888], [-118.43371431957945, 34.02228474148923]]]}}, {"type": "Feature", "properties": {"tile_id": 498, "average_temperature": 18.5195}, "geometry": {"type": "Polygon", "coordinates": [[[-118.43263392497835, 34.02229733446652], [-118.43155352970662, 34.022309917956676], [-118.4315686443644, 34.02320996720417], [-118.43264905103368, 34.023197383290224], [-118.43263392497835, 34.02229733446652]]]}}, {"type": "Feature", "properties": {"tile_id": 499, "average_temperature": 18.5457}, "geometry": {"type": "Polygon", "coordinates": [[[-118.43155352970662, 34.022309917956676], [-118.43047313376476, 34.02232249195964], [-118.43048823702499, 34.023222541630616], [-118.4315686443644, 34.02320996720417], [-118.43155352970662, 34.022309917956676]]]}}, {"type": "Feature", "properties": {"tile_id": 500, "average_temperature": 18.5705}, "geometry": {"type": "Polygon", "coordinates": [[[-118.43047313376476, 34.02232249195964], [-118.42939273715332, 34.02233505647542], [-118.42940782901591, 34.02323510656956], [-118.43048823702499, 34.023222541630616], [-118.43047313376476, 34.02232249195964]]]}}, {"type": "Feature", "properties": {"tile_id": 501, "average_temperature": 18.5931}, "geometry": {"type": "Polygon", "coordinates": [[[-118.42939273715332, 34.02233505647542], [-118.42831233987273, 34.02234761150398], [-118.4283274203377, 34.023247662020964], [-118.42940782901591, 34.02323510656956], [-118.42939273715332, 34.02233505647542]]]}}, {"type": "Feature", "properties": {"tile_id": 502, "average_temperature": 18.6125}, "geometry": {"type": "Polygon", "coordinates": [[[-118.42831233987273, 34.02234761150398], [-118.42723194192354, 34.02236015704529], [-118.42724701099087, 34.023260207984805], [-118.4283274203377, 34.023247662020964], [-118.42831233987273, 34.02234761150398]]]}}, {"type": "Feature", "properties": {"tile_id": 503, "average_temperature": 18.6279}, "geometry": {"type": "Polygon", "coordinates": [[[-118.42723194192354, 34.02236015704529], [-118.42615154330625, 34.022372693099356], [-118.42616660097588, 34.023272744461075], [-118.42724701099087, 34.023260207984805], [-118.42723194192354, 34.02236015704529]]]}}, {"type": "Feature", "properties": {"tile_id": 504, "average_temperature": 18.6391}, "geometry": {"type": "Polygon", "coordinates": [[[-118.42615154330625, 34.022372693099356], [-118.42507114402136, 34.02238521966614], [-118.4250861902933, 34.023285271449744], [-118.42616660097588, 34.023272744461075], [-118.42615154330625, 34.022372693099356]]]}}, {"type": "Feature", "properties": {"tile_id": 505, "average_temperature": 18.6464}, "geometry": {"type": "Polygon", "coordinates": [[[-118.42507114402136, 34.02238521966614], [-118.42399074406939, 34.02239773674564], [-118.42400577894357, 34.023297788950806], [-118.4250861902933, 34.023285271449744], [-118.42507114402136, 34.02238521966614]]]}}, {"type": "Feature", "properties": {"tile_id": 506, "average_temperature": 18.6503}, "geometry": {"type": "Polygon", "coordinates": [[[-118.42399074406939, 34.02239773674564], [-118.42291034345081, 34.02241024433782], [-118.42292536692723, 34.02331029696423], [-118.42400577894357, 34.023297788950806], [-118.42399074406939, 34.02239773674564]]]}}, {"type": "Feature", "properties": {"tile_id": 507, "average_temperature": 18.6512}, "geometry": {"type": "Polygon", "coordinates": [[[-118.42291034345081, 34.02241024433782], [-118.42182994216618, 34.02242274244266], [-118.42184495424478, 34.02332279549002], [-118.42292536692723, 34.02331029696423], [-118.42291034345081, 34.02241024433782]]]}}, {"type": "Feature", "properties": {"tile_id": 508, "average_temperature": 18.6497}, "geometry": {"type": "Polygon", "coordinates": [[[-118.42182994216618, 34.02242274244266], [-118.42074954021597, 34.02243523106017], [-118.42076454089674, 34.02333528452811], [-118.42184495424478, 34.02332279549002], [-118.42182994216618, 34.02242274244266]]]}}, {"type": "Feature", "properties": {"tile_id": 509, "average_temperature": 18.6462}, "geometry": {"type": "Polygon", "coordinates": [[[-118.42074954021597, 34.02243523106017], [-118.41966913760066, 34.022447710190285], [-118.41968412688358, 34.02334776407853], [-118.42076454089674, 34.02333528452811], [-118.42074954021597, 34.02243523106017]]]}}, {"type": "Feature", "properties": {"tile_id": 510, "average_temperature": 18.6411}, "geometry": {"type": "Polygon", "coordinates": [[[-118.41966913760066, 34.022447710190285], [-118.41858873432082, 34.022460179833026], [-118.41860371220585, 34.023360234141236], [-118.41968412688358, 34.02334776407853], [-118.41966913760066, 34.022447710190285]]]}}, {"type": "Feature", "properties": {"tile_id": 511, "average_temperature": 18.6349}, "geometry": {"type": "Polygon", "coordinates": [[[-118.41858873432082, 34.022460179833026], [-118.41750833037689, 34.02247263998834], [-118.417523296864, 34.0233726947162], [-118.41860371220585, 34.023360234141236], [-118.41858873432082, 34.022460179833026]]]}}, {"type": "Feature", "properties": {"tile_id": 512, "average_temperature": 18.628}, "geometry": {"type": "Polygon", "coordinates": [[[-118.41750833037689, 34.02247263998834], [-118.41642792576943, 34.02248509065624], [-118.41644288085858, 34.02338514580343], [-118.417523296864, 34.0233726947162], [-118.41750833037689, 34.02247263998834]]]}}, {"type": "Feature", "properties": {"tile_id": 513, "average_temperature": 18.621}, "geometry": {"type": "Polygon", "coordinates": [[[-118.41642792576943, 34.02248509065624], [-118.4153475204989, 34.02249753183667], [-118.4153624641901, 34.023397587402876], [-118.41644288085858, 34.02338514580343], [-118.41642792576943, 34.02248509065624]]]}}, {"type": "Feature", "properties": {"tile_id": 514, "average_temperature": 18.6141}, "geometry": {"type": "Polygon", "coordinates": [[[-118.4153475204989, 34.02249753183667], [-118.4142671145658, 34.02250996352966], [-118.41428204685901, 34.02341001951454], [-118.4153624641901, 34.023397587402876], [-118.4153475204989, 34.02249753183667]]]}}, {"type": "Feature", "properties": {"tile_id": 515, "average_temperature": 18.6078}, "geometry": {"type": "Polygon", "coordinates": [[[-118.4142671145658, 34.02250996352966], [-118.4131867079707, 34.02252238573514], [-118.41320162886589, 34.0234224421384], [-118.41428204685901, 34.02341001951454], [-118.4142671145658, 34.02250996352966]]]}}, {"type": "Feature", "properties": {"tile_id": 516, "average_temperature": 18.6023}, "geometry": {"type": "Polygon", "coordinates": [[[-118.4131867079707, 34.02252238573514], [-118.41210630071406, 34.02253479845311], [-118.41212121021118, 34.02343485527444], [-118.41320162886589, 34.0234224421384], [-118.4131867079707, 34.02252238573514]]]}}, {"type": "Feature", "properties": {"tile_id": 517, "average_temperature": 18.598}, "geometry": {"type": "Polygon", "coordinates": [[[-118.41210630071406, 34.02253479845311], [-118.41102589279637, 34.022547201683565], [-118.41104079089541, 34.02344725892263], [-118.41212121021118, 34.02343485527444], [-118.41210630071406, 34.02253479845311]]]}}, {"type": "Feature", "properties": {"tile_id": 518, "average_temperature": 18.5951}, "geometry": {"type": "Polygon", "coordinates": [[[-118.41102589279637, 34.022547201683565], [-118.40994548421818, 34.02255959542647], [-118.4099603709191, 34.023459653082945], [-118.41104079089541, 34.02344725892263], [-118.41102589279637, 34.022547201683565]]]}}, {"type": "Feature", "properties": {"tile_id": 519, "average_temperature": 18.594}, "geometry": {"type": "Polygon", "coordinates": [[[-118.40994548421818, 34.02255959542647], [-118.40886507497996, 34.022571979681814], [-118.40887995028272, 34.02347203775538], [-118.4099603709191, 34.023459653082945], [-118.40994548421818, 34.02255959542647]]]}}, {"type": "Feature", "properties": {"tile_id": 520, "average_temperature": 18.595}, "geometry": {"type": "Polygon", "coordinates": [[[-118.40886507497996, 34.022571979681814], [-118.4077846650822, 34.02258435444957], [-118.40779952898681, 34.02348441293992], [-118.40887995028272, 34.02347203775538], [-118.40886507497996, 34.022571979681814]]]}}, {"type": "Feature", "properties": {"tile_id": 521, "average_temperature": 18.5984}, "geometry": {"type": "Polygon", "coordinates": [[[-118.4077846650822, 34.02258435444957], [-118.40670425452545, 34.02259671972972], [-118.40671910703186, 34.02349677863652], [-118.40779952898681, 34.02348441293992], [-118.4077846650822, 34.02258435444957]]]}}, {"type": "Feature", "properties": {"tile_id": 522, "average_temperature": 18.6046}, "geometry": {"type": "Polygon", "coordinates": [[[-118.40670425452545, 34.02259671972972], [-118.4056238433102, 34.02260907552226], [-118.40563868441839, 34.02350913484519], [-118.40671910703186, 34.02349677863652], [-118.40670425452545, 34.02259671972972]]]}}, {"type": "Feature", "properties": {"tile_id": 523, "average_temperature": 18.6139}, "geometry": {"type": "Polygon", "coordinates": [[[-118.4056238433102, 34.02260907552226], [-118.4045434314369, 34.02262142182714], [-118.40455826114687, 34.02352148156589], [-118.40563868441839, 34.02350913484519], [-118.4056238433102, 34.02260907552226]]]}}, {"type": "Feature", "properties": {"tile_id": 524, "average_temperature": 18.6263}, "geometry": {"type": "Polygon", "coordinates": [[[-118.4045434314369, 34.02262142182714], [-118.40346301890618, 34.02263375864438], [-118.40347783721784, 34.023533818798626], [-118.40455826114687, 34.02352148156589], [-118.4045434314369, 34.02262142182714]]]}}, {"type": "Feature", "properties": {"tile_id": 525, "average_temperature": 18.6415}, "geometry": {"type": "Polygon", "coordinates": [[[-118.40346301890618, 34.02263375864438], [-118.40238260571842, 34.02264608597393], [-118.40239741263179, 34.02354614654335], [-118.40347783721784, 34.023533818798626], [-118.40346301890618, 34.02263375864438]]]}}, {"type": "Feature", "properties": {"tile_id": 526, "average_temperature": 18.6586}, "geometry": {"type": "Polygon", "coordinates": [[[-118.40238260571842, 34.02264608597393], [-118.40130219187418, 34.02265840381578], [-118.40131698738921, 34.02355846480007], [-118.40239741263179, 34.02354614654335], [-118.40238260571842, 34.02264608597393]]]}}, {"type": "Feature", "properties": {"tile_id": 527, "average_temperature": 18.677}, "geometry": {"type": "Polygon", "coordinates": [[[-118.40130219187418, 34.02265840381578], [-118.40022177737397, 34.022670712169905], [-118.40023656149063, 34.02357077356873], [-118.40131698738921, 34.02355846480007], [-118.40130219187418, 34.02265840381578]]]}}, {"type": "Feature", "properties": {"tile_id": 528, "average_temperature": 18.6961}, "geometry": {"type": "Polygon", "coordinates": [[[-118.40022177737397, 34.022670712169905], [-118.39914136221829, 34.0226830110363], [-118.39915613493655, 34.02358307284935], [-118.40023656149063, 34.02357077356873], [-118.40022177737397, 34.022670712169905]]]}}, {"type": "Feature", "properties": {"tile_id": 529, "average_temperature": 18.715}, "geometry": {"type": "Polygon", "coordinates": [[[-118.39914136221829, 34.0226830110363], [-118.39806094640764, 34.022695300414945], [-118.39807570772747, 34.02359536264188], [-118.39915613493655, 34.02358307284935], [-118.39914136221829, 34.0226830110363]]]}}, {"type": "Feature", "properties": {"tile_id": 530, "average_temperature": 18.3749}, "geometry": {"type": "Polygon", "coordinates": [[[-118.44885507031134, 34.02300748609466], [-118.44777467375492, 34.02302021231871], [-118.44778996005127, 34.02392025503764], [-118.44887036800532, 34.02390752838499], [-118.44885507031134, 34.02300748609466]]]}}, {"type": "Feature", "properties": {"tile_id": 531, "average_temperature": 18.3693}, "geometry": {"type": "Polygon", "coordinates": [[[-118.44777467375492, 34.02302021231871], [-118.4466942765208, 34.02303292905556], [-118.44670955141949, 34.02393297220277], [-118.44778996005127, 34.02392025503764], [-118.44777467375492, 34.02302021231871]]]}}, {"type": "Feature", "properties": {"tile_id": 532, "average_temperature": 18.3646}, "geometry": {"type": "Polygon", "coordinates": [[[-118.4466942765208, 34.02303292905556], [-118.44561387860942, 34.023045636305184], [-118.44562914211045, 34.02394567988036], [-118.44670955141949, 34.02393297220277], [-118.4466942765208, 34.02303292905556]]]}}, {"type": "Feature", "properties": {"tile_id": 533, "average_temperature": 18.3611}, "geometry": {"type": "Polygon", "coordinates": [[[-118.44561387860942, 34.023045636305184], [-118.44453348002135, 34.02305833406757], [-118.44454873212466, 34.02395837807039], [-118.44562914211045, 34.02394567988036], [-118.44561387860942, 34.023045636305184]]]}}, {"type": "Feature", "properties": {"tile_id": 534, "average_temperature": 18.3593}, "geometry": {"type": "Polygon", "coordinates": [[[-118.44453348002135, 34.02305833406757], [-118.44345308075705, 34.0230710223427], [-118.44346832146265, 34.02397106677284], [-118.44454873212466, 34.02395837807039], [-118.44453348002135, 34.02305833406757]]]}}, {"type": "Feature", "properties": {"tile_id": 535, "average_temperature": 18.3594}, "geometry": {"type": "Polygon", "coordinates": [[[-118.44345308075705, 34.0230710223427], [-118.44237268081707, 34.02308370113054], [-118.44238791012486, 34.02398374598769], [-118.44346832146265, 34.02397106677284], [-118.44345308075705, 34.0230710223427]]]}}, {"type": "Feature", "properties": {"tile_id": 536, "average_temperature": 18.362}, "geometry": {"type": "Polygon", "coordinates": [[[-118.44237268081707, 34.02308370113054], [-118.44129228020186, 34.02309637043107], [-118.4413074981119, 34.02399641571492], [-118.44238791012486, 34.02398374598769], [-118.44237268081707, 34.02308370113054]]]}}, {"type": "Feature", "properties": {"tile_id": 537, "average_temperature": 18.3674}, "geometry": {"type": "Polygon", "coordinates": [[[-118.44129228020186, 34.02309637043107], [-118.44021187891197, 34.0231090302443], [-118.44022708542417, 34.02400907595449], [-118.4413074981119, 34.02399641571492], [-118.44129228020186, 34.02309637043107]]]}}, {"type": "Feature", "properties": {"tile_id": 538, "average_temperature": 18.376}, "geometry": {"type": "Polygon", "coordinates": [[[-118.44021187891197, 34.0231090302443], [-118.43913147694789, 34.023121680570185], [-118.43914667206224, 34.02402172670643], [-118.44022708542417, 34.02400907595449], [-118.44021187891197, 34.0231090302443]]]}}, {"type": "Feature", "properties": {"tile_id": 539, "average_temperature": 18.3882}, "geometry": {"type": "Polygon", "coordinates": [[[-118.43913147694789, 34.023121680570185], [-118.43805107431014, 34.0231343214087], [-118.4380662580266, 34.02403436797068], [-118.43914667206224, 34.02402172670643], [-118.43913147694789, 34.023121680570185]]]}}, {"type": "Feature", "properties": {"tile_id": 540, "average_temperature": 18.4042}, "geometry": {"type": "Polygon", "coordinates": [[[-118.43805107431014, 34.0231343214087], [-118.43697067099917, 34.023146952759845], [-118.43698584331774, 34.02404699974722], [-118.4380662580266, 34.02403436797068], [-118.43805107431014, 34.0231343214087]]]}}, {"type": "Feature", "properties": {"tile_id": 541, "average_temperature": 18.424}, "geometry": {"type": "Polygon", "coordinates": [[[-118.43697067099917, 34.023146952759845], [-118.43589026701555, 34.023159574623584], [-118.43590542793618, 34.02405962203605], [-118.43698584331774, 34.02404699974722], [-118.43697067099917, 34.023146952759845]]]}}, {"type": "Feature", "properties": {"tile_id": 542, "average_temperature": 18.4466}, "geometry": {"type": "Polygon", "coordinates": [[[-118.43589026701555, 34.023159574623584], [-118.43480986235977, 34.02317218699991], [-118.43482501188244, 34.02407223483714], [-118.43590542793618, 34.02405962203605], [-118.43589026701555, 34.023159574623584]]]}}, {"type": "Feature", "properties": {"tile_id": 543, "average_temperature": 18.4712}, "geometry": {"type": "Polygon", "coordinates": [[[-118.43480986235977, 34.02317218699991], [-118.4337294570323, 34.023184789888795], [-118.43374459515698, 34.02408483815047], [-118.43482501188244, 34.02407223483714], [-118.43480986235977, 34.02317218699991]]]}}, {"type": "Feature", "properties": {"tile_id": 544, "average_temperature": 18.497}, "geometry": {"type": "Polygon", "coordinates": [[[-118.4337294570323, 34.023184789888795], [-118.43264905103368, 34.02319738329021], [-118.43266417776034, 34.02409743197604], [-118.43374459515698, 34.02408483815047], [-118.4337294570323, 34.023184789888795]]]}}, {"type": "Feature", "properties": {"tile_id": 545, "average_temperature": 18.5231}, "geometry": {"type": "Polygon", "coordinates": [[[-118.43264905103368, 34.02319738329021], [-118.4315686443644, 34.02320996720417], [-118.431583759693, 34.024110016313806], [-118.43266417776034, 34.02409743197604], [-118.43264905103368, 34.02319738329021]]]}}, {"type": "Feature", "properties": {"tile_id": 546, "average_temperature": 18.5486}, "geometry": {"type": "Polygon", "coordinates": [[[-118.4315686443644, 34.02320996720417], [-118.43048823702499, 34.023222541630616], [-118.43050334095551, 34.02412259116374], [-118.431583759693, 34.024110016313806], [-118.4315686443644, 34.02320996720417]]]}}, {"type": "Feature", "properties": {"tile_id": 547, "average_temperature": 18.5728}, "geometry": {"type": "Polygon", "coordinates": [[[-118.43048823702499, 34.023222541630616], [-118.42940782901591, 34.02323510656955], [-118.42942292154834, 34.02413515652585], [-118.43050334095551, 34.02412259116374], [-118.43048823702499, 34.023222541630616]]]}}, {"type": "Feature", "properties": {"tile_id": 548, "average_temperature": 18.5949}, "geometry": {"type": "Polygon", "coordinates": [[[-118.42940782901591, 34.02323510656955], [-118.4283274203377, 34.02324766202096], [-118.428342501472, 34.024147712400094], [-118.42942292154834, 34.02413515652585], [-118.42940782901591, 34.02323510656955]]]}}, {"type": "Feature", "properties": {"tile_id": 549, "average_temperature": 18.6139}, "geometry": {"type": "Polygon", "coordinates": [[[-118.4283274203377, 34.02324766202096], [-118.42724701099087, 34.0232602079848], [-118.42726208072698, 34.02416025878647], [-118.428342501472, 34.024147712400094], [-118.4283274203377, 34.02324766202096]]]}}, {"type": "Feature", "properties": {"tile_id": 550, "average_temperature": 18.6291}, "geometry": {"type": "Polygon", "coordinates": [[[-118.42724701099087, 34.0232602079848], [-118.42616660097588, 34.02327274446106], [-118.42618165931383, 34.02417279568497], [-118.42726208072698, 34.02416025878647], [-118.42724701099087, 34.0232602079848]]]}}, {"type": "Feature", "properties": {"tile_id": 551, "average_temperature": 18.6402}, "geometry": {"type": "Polygon", "coordinates": [[[-118.42616660097588, 34.02327274446106], [-118.4250861902933, 34.02328527144974], [-118.425101237233, 34.02418532309553], [-118.42618165931383, 34.02417279568497], [-118.42616660097588, 34.02327274446106]]]}}, {"type": "Feature", "properties": {"tile_id": 552, "average_temperature": 18.6475}, "geometry": {"type": "Polygon", "coordinates": [[[-118.4250861902933, 34.02328527144974], [-118.42400577894357, 34.023297788950806], [-118.42402081448502, 34.024197841018164], [-118.425101237233, 34.02418532309553], [-118.4250861902933, 34.02328527144974]]]}}, {"type": "Feature", "properties": {"tile_id": 553, "average_temperature": 18.6514}, "geometry": {"type": "Polygon", "coordinates": [[[-118.42400577894357, 34.023297788950806], [-118.42292536692723, 34.023310296964226], [-118.4229403910704, 34.02421034945286], [-118.42402081448502, 34.024197841018164], [-118.42400577894357, 34.023297788950806]]]}}, {"type": "Feature", "properties": {"tile_id": 554, "average_temperature": 18.6525}, "geometry": {"type": "Polygon", "coordinates": [[[-118.42292536692723, 34.023310296964226], [-118.42184495424478, 34.02332279549001], [-118.42185996698964, 34.02422284839956], [-118.4229403910704, 34.02421034945286], [-118.42292536692723, 34.023310296964226]]]}}, {"type": "Feature", "properties": {"tile_id": 555, "average_temperature": 18.6511}, "geometry": {"type": "Polygon", "coordinates": [[[-118.42184495424478, 34.02332279549001], [-118.42076454089674, 34.0233352845281], [-118.42077954224327, 34.024235337858286], [-118.42185996698964, 34.02422284839956], [-118.42184495424478, 34.02332279549001]]]}}, {"type": "Feature", "properties": {"tile_id": 556, "average_temperature": 18.6477}, "geometry": {"type": "Polygon", "coordinates": [[[-118.42076454089674, 34.0233352845281], [-118.41968412688358, 34.02334776407852], [-118.41969911683177, 34.02424781782899], [-118.42077954224327, 34.024235337858286], [-118.42076454089674, 34.0233352845281]]]}}, {"type": "Feature", "properties": {"tile_id": 557, "average_temperature": 18.6427}, "geometry": {"type": "Polygon", "coordinates": [[[-118.41968412688358, 34.02334776407852], [-118.41860371220585, 34.02336023414123], [-118.41861869075564, 34.02426028831168], [-118.41969911683177, 34.02424781782899], [-118.41968412688358, 34.02334776407852]]]}}, {"type": "Feature", "properties": {"tile_id": 558, "average_temperature": 18.6365}, "geometry": {"type": "Polygon", "coordinates": [[[-118.41860371220585, 34.02336023414123], [-118.417523296864, 34.0233726947162], [-118.41753826401538, 34.02427274930631], [-118.41861869075564, 34.02426028831168], [-118.41860371220585, 34.02336023414123]]]}}, {"type": "Feature", "properties": {"tile_id": 559, "average_temperature": 18.6296}, "geometry": {"type": "Polygon", "coordinates": [[[-118.417523296864, 34.0233726947162], [-118.41644288085858, 34.023385145803424], [-118.4164578366115, 34.02428520081287], [-118.41753826401538, 34.02427274930631], [-118.417523296864, 34.0233726947162]]]}}, {"type": "Feature", "properties": {"tile_id": 560, "average_temperature": 18.6224}, "geometry": {"type": "Polygon", "coordinates": [[[-118.41644288085858, 34.023385145803424], [-118.4153624641901, 34.02339758740287], [-118.41537740854454, 34.02429764283135], [-118.4164578366115, 34.02428520081287], [-118.41644288085858, 34.023385145803424]]]}}, {"type": "Feature", "properties": {"tile_id": 561, "average_temperature": 18.6152}, "geometry": {"type": "Polygon", "coordinates": [[[-118.4153624641901, 34.02339758740287], [-118.41428204685901, 34.02341001951454], [-118.41429697981496, 34.024310075361704], [-118.41537740854454, 34.02429764283135], [-118.4153624641901, 34.02339758740287]]]}}, {"type": "Feature", "properties": {"tile_id": 562, "average_temperature": 18.6085}, "geometry": {"type": "Polygon", "coordinates": [[[-118.41428204685901, 34.02341001951454], [-118.41320162886589, 34.02342244213839], [-118.41321655042329, 34.02432249840395], [-118.41429697981496, 34.024310075361704], [-118.41428204685901, 34.02341001951454]]]}}, {"type": "Feature", "properties": {"tile_id": 563, "average_temperature": 18.6026}, "geometry": {"type": "Polygon", "coordinates": [[[-118.41320162886589, 34.02342244213839], [-118.41212121021118, 34.02343485527443], [-118.41213612037001, 34.02433491195804], [-118.41321655042329, 34.02432249840395], [-118.41320162886589, 34.02342244213839]]]}}, {"type": "Feature", "properties": {"tile_id": 564, "average_temperature": 18.5978}, "geometry": {"type": "Polygon", "coordinates": [[[-118.41212121021118, 34.02343485527443], [-118.41104079089541, 34.023447258922616], [-118.41105568965567, 34.02434731602397], [-118.41213612037001, 34.02433491195804], [-118.41212121021118, 34.02343485527443]]]}}, {"type": "Feature", "properties": {"tile_id": 565, "average_temperature": 18.5944}, "geometry": {"type": "Polygon", "coordinates": [[[-118.41104079089541, 34.023447258922616], [-118.4099603709191, 34.02345965308294], [-118.40997525828072, 34.024359710601715], [-118.41105568965567, 34.02434731602397], [-118.41104079089541, 34.023447258922616]]]}}, {"type": "Feature", "properties": {"tile_id": 566, "average_temperature": 18.5929}, "geometry": {"type": "Polygon", "coordinates": [[[-118.4099603709191, 34.02345965308294], [-118.40887995028272, 34.023472037755376], [-118.40889482624571, 34.02437209569126], [-118.40997525828072, 34.024359710601715], [-118.4099603709191, 34.02345965308294]]]}}, {"type": "Feature", "properties": {"tile_id": 567, "average_temperature": 18.5936}, "geometry": {"type": "Polygon", "coordinates": [[[-118.40887995028272, 34.023472037755376], [-118.40779952898681, 34.02348441293991], [-118.40781439355112, 34.02438447129257], [-118.40889482624571, 34.02437209569126], [-118.40887995028272, 34.023472037755376]]]}}, {"type": "Feature", "properties": {"tile_id": 568, "average_temperature": 18.5967}, "geometry": {"type": "Polygon", "coordinates": [[[-118.40779952898681, 34.02348441293991], [-118.40671910703186, 34.02349677863652], [-118.40673396019747, 34.02439683740565], [-118.40781439355112, 34.02438447129257], [-118.40779952898681, 34.02348441293991]]]}}, {"type": "Feature", "properties": {"tile_id": 569, "average_temperature": 18.6027}, "geometry": {"type": "Polygon", "coordinates": [[[-118.40671910703186, 34.02349677863652], [-118.40563868441839, 34.02350913484518], [-118.40565352618526, 34.024409194030454], [-118.40673396019747, 34.02439683740565], [-118.40671910703186, 34.02349677863652]]]}}, {"type": "Feature", "properties": {"tile_id": 570, "average_temperature": 18.6119}, "geometry": {"type": "Polygon", "coordinates": [[[-118.40563868441839, 34.02350913484518], [-118.40455826114687, 34.023521481565886], [-118.40457309151499, 34.02442154116699], [-118.40565352618526, 34.024409194030454], [-118.40563868441839, 34.02350913484518]]]}}, {"type": "Feature", "properties": {"tile_id": 571, "average_temperature": 18.6245}, "geometry": {"type": "Polygon", "coordinates": [[[-118.40455826114687, 34.023521481565886], [-118.40347783721784, 34.02353381879862], [-118.40349265618717, 34.02443387881523], [-118.40457309151499, 34.02442154116699], [-118.40455826114687, 34.023521481565886]]]}}, {"type": "Feature", "properties": {"tile_id": 572, "average_temperature": 18.6398}, "geometry": {"type": "Polygon", "coordinates": [[[-118.40347783721784, 34.02353381879862], [-118.40239741263179, 34.023546146543346], [-118.40241222020231, 34.02444620697514], [-118.40349265618717, 34.02443387881523], [-118.40347783721784, 34.02353381879862]]]}}, {"type": "Feature", "properties": {"tile_id": 573, "average_temperature": 18.6572}, "geometry": {"type": "Polygon", "coordinates": [[[-118.40239741263179, 34.023546146543346], [-118.40131698738921, 34.02355846480006], [-118.4013317835609, 34.02445852564672], [-118.40241222020231, 34.02444620697514], [-118.40239741263179, 34.023546146543346]]]}}, {"type": "Feature", "properties": {"tile_id": 574, "average_temperature": 18.676}, "geometry": {"type": "Polygon", "coordinates": [[[-118.40131698738921, 34.02355846480006], [-118.40023656149063, 34.02357077356872], [-118.40025134626345, 34.024470834829934], [-118.4013317835609, 34.02445852564672], [-118.40131698738921, 34.02355846480006]]]}}, {"type": "Feature", "properties": {"tile_id": 575, "average_temperature": 18.6954}, "geometry": {"type": "Polygon", "coordinates": [[[-118.40023656149063, 34.02357077356872], [-118.39915613493655, 34.02358307284934], [-118.39917090831048, 34.02448313452478], [-118.40025134626345, 34.024470834829934], [-118.40023656149063, 34.02357077356872]]]}}, {"type": "Feature", "properties": {"tile_id": 576, "average_temperature": 18.7148}, "geometry": {"type": "Polygon", "coordinates": [[[-118.39915613493655, 34.02358307284934], [-118.39807570772747, 34.02359536264188], [-118.39809046970248, 34.02449542473123], [-118.39917090831048, 34.02448313452478], [-118.39915613493655, 34.02358307284934]]]}}, {"type": "Feature", "properties": {"tile_id": 577, "average_temperature": 18.7333}, "geometry": {"type": "Polygon", "coordinates": [[[-118.39807570772747, 34.02359536264188], [-118.39699527986392, 34.02360764294632], [-118.39701003043994, 34.02450770544926], [-118.39809046970248, 34.02449542473123], [-118.39807570772747, 34.02359536264188]]]}}, {"type": "Feature", "properties": {"tile_id": 578, "average_temperature": 18.381}, "geometry": {"type": "Polygon", "coordinates": [[[-118.44995077528108, 34.02389479224483], [-118.44887036800532, 34.02390752838499], [-118.44888566637822, 34.024807570537284], [-118.44996608505208, 34.02479483396821], [-118.44995077528108, 34.02389479224483]]]}}, {"type": "Feature", "properties": {"tile_id": 579, "average_temperature": 18.3754}, "geometry": {"type": "Polygon", "coordinates": [[[-118.44887036800532, 34.02390752838499], [-118.44778996005127, 34.02392025503764], [-118.44780524702605, 34.024820297618554], [-118.44888566637822, 34.024807570537284], [-118.44887036800532, 34.02390752838499]]]}}, {"type": "Feature", "properties": {"tile_id": 580, "average_temperature": 18.3702}, "geometry": {"type": "Polygon", "coordinates": [[[-118.44778996005127, 34.02392025503764], [-118.44670955141949, 34.02393297220277], [-118.4467248269961, 34.02483301521198], [-118.44780524702605, 34.024820297618554], [-118.44778996005127, 34.02392025503764]]]}}, {"type": "Feature", "properties": {"tile_id": 581, "average_temperature": 18.3658}, "geometry": {"type": "Polygon", "coordinates": [[[-118.44670955141949, 34.02393297220277], [-118.44562914211045, 34.02394567988036], [-118.44564440628888, 34.02484572331754], [-118.4467248269961, 34.02483301521198], [-118.44670955141949, 34.02393297220277]]]}}, {"type": "Feature", "properties": {"tile_id": 582, "average_temperature": 18.3627}, "geometry": {"type": "Polygon", "coordinates": [[[-118.44562914211045, 34.02394567988036], [-118.44454873212466, 34.02395837807039], [-118.44456398490487, 34.02485842193522], [-118.44564440628888, 34.02484572331754], [-118.44562914211045, 34.02394567988036]]]}}, {"type": "Feature", "properties": {"tile_id": 583, "average_temperature": 18.3612}, "geometry": {"type": "Polygon", "coordinates": [[[-118.44454873212466, 34.02395837807039], [-118.44346832146265, 34.02397106677284], [-118.44348356284462, 34.024871111065], [-118.44456398490487, 34.02485842193522], [-118.44454873212466, 34.02395837807039]]]}}, {"type": "Feature", "properties": {"tile_id": 584, "average_temperature": 18.3616}, "geometry": {"type": "Polygon", "coordinates": [[[-118.44346832146265, 34.02397106677284], [-118.44238791012486, 34.02398374598769], [-118.4424031401086, 34.024883790706866], [-118.44348356284462, 34.024871111065], [-118.44346832146265, 34.02397106677284]]]}}, {"type": "Feature", "properties": {"tile_id": 585, "average_temperature": 18.3644}, "geometry": {"type": "Polygon", "coordinates": [[[-118.44238791012486, 34.02398374598769], [-118.4413074981119, 34.02399641571492], [-118.44132271669731, 34.02489646086079], [-118.4424031401086, 34.024883790706866], [-118.44238791012486, 34.02398374598769]]]}}, {"type": "Feature", "properties": {"tile_id": 586, "average_temperature": 18.3699}, "geometry": {"type": "Polygon", "coordinates": [[[-118.4413074981119, 34.02399641571492], [-118.44022708542417, 34.02400907595449], [-118.44024229261126, 34.02490912152675], [-118.44132271669731, 34.02489646086079], [-118.4413074981119, 34.02399641571492]]]}}, {"type": "Feature", "properties": {"tile_id": 587, "average_temperature": 18.3785}, "geometry": {"type": "Polygon", "coordinates": [[[-118.44022708542417, 34.02400907595449], [-118.43914667206224, 34.02402172670643], [-118.43916186785098, 34.02492177270473], [-118.44024229261126, 34.02490912152675], [-118.44022708542417, 34.02400907595449]]]}}, {"type": "Feature", "properties": {"tile_id": 588, "average_temperature": 18.3907}, "geometry": {"type": "Polygon", "coordinates": [[[-118.43914667206224, 34.02402172670643], [-118.4380662580266, 34.02403436797068], [-118.43808144241697, 34.024934414394714], [-118.43916186785098, 34.02492177270473], [-118.43914667206224, 34.02402172670643]]]}}, {"type": "Feature", "properties": {"tile_id": 589, "average_temperature": 18.4066}, "geometry": {"type": "Polygon", "coordinates": [[[-118.4380662580266, 34.02403436797068], [-118.43698584331774, 34.02404699974722], [-118.4370010163097, 34.02494704659668], [-118.43808144241697, 34.024934414394714], [-118.4380662580266, 34.02403436797068]]]}}, {"type": "Feature", "properties": {"tile_id": 590, "average_temperature": 18.4262}, "geometry": {"type": "Polygon", "coordinates": [[[-118.43698584331774, 34.02404699974722], [-118.43590542793618, 34.02405962203605], [-118.43592058952969, 34.02495966931061], [-118.4370010163097, 34.02494704659668], [-118.43698584331774, 34.02404699974722]]]}}, {"type": "Feature", "properties": {"tile_id": 591, "average_temperature": 18.4486}, "geometry": {"type": "Polygon", "coordinates": [[[-118.43590542793618, 34.02405962203605], [-118.43482501188244, 34.02407223483714], [-118.43484016207746, 34.02497228253648], [-118.43592058952969, 34.02495966931061], [-118.43590542793618, 34.02405962203605]]]}}, {"type": "Feature", "properties": {"tile_id": 592, "average_temperature": 18.473}, "geometry": {"type": "Polygon", "coordinates": [[[-118.43482501188244, 34.02407223483714], [-118.43374459515698, 34.02408483815047], [-118.43375973395352, 34.024984886274275], [-118.43484016207746, 34.02497228253648], [-118.43482501188244, 34.02407223483714]]]}}, {"type": "Feature", "properties": {"tile_id": 593, "average_temperature": 18.4984}, "geometry": {"type": "Polygon", "coordinates": [[[-118.43374459515698, 34.02408483815047], [-118.43266417776034, 34.02409743197604], [-118.43267930515835, 34.024997480523965], [-118.43375973395352, 34.024984886274275], [-118.43374459515698, 34.02408483815047]]]}}, {"type": "Feature", "properties": {"tile_id": 594, "average_temperature": 18.5243}, "geometry": {"type": "Polygon", "coordinates": [[[-118.43266417776034, 34.02409743197604], [-118.431583759693, 34.024110016313806], [-118.43159887569247, 34.02501006528554], [-118.43267930515835, 34.024997480523965], [-118.43266417776034, 34.02409743197604]]]}}, {"type": "Feature", "properties": {"tile_id": 595, "average_temperature": 18.5496}, "geometry": {"type": "Polygon", "coordinates": [[[-118.431583759693, 34.024110016313806], [-118.43050334095551, 34.02412259116374], [-118.43051844555637, 34.02502264055899], [-118.43159887569247, 34.02501006528554], [-118.431583759693, 34.024110016313806]]]}}, {"type": "Feature", "properties": {"tile_id": 596, "average_temperature": 18.5736}, "geometry": {"type": "Polygon", "coordinates": [[[-118.43050334095551, 34.02412259116374], [-118.42942292154834, 34.02413515652585], [-118.42943801475057, 34.025035206344285], [-118.43051844555637, 34.02502264055899], [-118.43050334095551, 34.02412259116374]]]}}, {"type": "Feature", "properties": {"tile_id": 597, "average_temperature": 18.5955}, "geometry": {"type": "Polygon", "coordinates": [[[-118.42942292154834, 34.02413515652585], [-118.428342501472, 34.024147712400094], [-118.4283575832756, 34.02504776264139], [-118.42943801475057, 34.025035206344285], [-118.42942292154834, 34.02413515652585]]]}}, {"type": "Feature", "properties": {"tile_id": 598, "average_temperature": 18.6144}, "geometry": {"type": "Polygon", "coordinates": [[[-118.428342501472, 34.024147712400094], [-118.42726208072698, 34.02416025878647], [-118.42727715113193, 34.02506030945032], [-118.4283575832756, 34.02504776264139], [-118.428342501472, 34.024147712400094]]]}}, {"type": "Feature", "properties": {"tile_id": 599, "average_temperature": 18.6295}, "geometry": {"type": "Polygon", "coordinates": [[[-118.42726208072698, 34.02416025878647], [-118.42618165931383, 34.02417279568497], [-118.42619671832007, 34.025072846771025], [-118.42727715113193, 34.02506030945032], [-118.42726208072698, 34.02416025878647]]]}}, {"type": "Feature", "properties": {"tile_id": 600, "average_temperature": 18.6405}, "geometry": {"type": "Polygon", "coordinates": [[[-118.42618165931383, 34.02417279568497], [-118.425101237233, 34.02418532309553], [-118.42511628484051, 34.0250853746035], [-118.42619671832007, 34.025072846771025], [-118.42618165931383, 34.02417279568497]]]}}, {"type": "Feature", "properties": {"tile_id": 601, "average_temperature": 18.6478}, "geometry": {"type": "Polygon", "coordinates": [[[-118.425101237233, 34.02418532309553], [-118.42402081448502, 34.024197841018164], [-118.42403585069378, 34.02509789294772], [-118.42511628484051, 34.0250853746035], [-118.425101237233, 34.02418532309553]]]}}, {"type": "Feature", "properties": {"tile_id": 602, "average_temperature": 18.6518}, "geometry": {"type": "Polygon", "coordinates": [[[-118.42402081448502, 34.024197841018164], [-118.4229403910704, 34.02421034945286], [-118.4229554158804, 34.025110401803666], [-118.42403585069378, 34.02509789294772], [-118.42402081448502, 34.024197841018164]]]}}, {"type": "Feature", "properties": {"tile_id": 603, "average_temperature": 18.6529}, "geometry": {"type": "Polygon", "coordinates": [[[-118.4229403910704, 34.02421034945286], [-118.42185996698964, 34.02422284839956], [-118.42187498040083, 34.02512290117133], [-118.4229554158804, 34.025110401803666], [-118.4229403910704, 34.02421034945286]]]}}, {"type": "Feature", "properties": {"tile_id": 604, "average_temperature": 18.6516}, "geometry": {"type": "Polygon", "coordinates": [[[-118.42185996698964, 34.02422284839956], [-118.42077954224327, 34.024235337858286], [-118.4207945442556, 34.02513539105067], [-118.42187498040083, 34.02512290117133], [-118.42185996698964, 34.02422284839956]]]}}, {"type": "Feature", "properties": {"tile_id": 605, "average_temperature": 18.6482}, "geometry": {"type": "Polygon", "coordinates": [[[-118.42077954224327, 34.024235337858286], [-118.41969911683177, 34.02424781782899], [-118.41971410744522, 34.02514787144169], [-118.4207945442556, 34.02513539105067], [-118.42077954224327, 34.024235337858286]]]}}, {"type": "Feature", "properties": {"tile_id": 606, "average_temperature": 18.6432}, "geometry": {"type": "Polygon", "coordinates": [[[-118.41969911683177, 34.02424781782899], [-118.41861869075564, 34.02426028831168], [-118.41863366997018, 34.02516034234436], [-118.41971410744522, 34.02514787144169], [-118.41969911683177, 34.02424781782899]]]}}, {"type": "Feature", "properties": {"tile_id": 607, "average_temperature": 18.6371}, "geometry": {"type": "Polygon", "coordinates": [[[-118.41861869075564, 34.02426028831168], [-118.41753826401538, 34.02427274930631], [-118.41755323183102, 34.02517280375866], [-118.41863366997018, 34.02516034234436], [-118.41861869075564, 34.02426028831168]]]}}, {"type": "Feature", "properties": {"tile_id": 608, "average_temperature": 18.6302}, "geometry": {"type": "Polygon", "coordinates": [[[-118.41753826401538, 34.02427274930631], [-118.4164578366115, 34.02428520081287], [-118.41647279302819, 34.02518525568456], [-118.41755323183102, 34.02517280375866], [-118.41753826401538, 34.02427274930631]]]}}, {"type": "Feature", "properties": {"tile_id": 609, "average_temperature": 18.623}, "geometry": {"type": "Polygon", "coordinates": [[[-118.4164578366115, 34.02428520081287], [-118.41537740854454, 34.02429764283135], [-118.41539235356223, 34.025197698122064], [-118.41647279302819, 34.02518525568456], [-118.4164578366115, 34.02428520081287]]]}}, {"type": "Feature", "properties": {"tile_id": 610, "average_temperature": 18.6158}, "geometry": {"type": "Polygon", "coordinates": [[[-118.41537740854454, 34.02429764283135], [-118.41429697981496, 34.024310075361704], [-118.41431191343364, 34.02521013107115], [-118.41539235356223, 34.025197698122064], [-118.41537740854454, 34.02429764283135]]]}}, {"type": "Feature", "properties": {"tile_id": 611, "average_temperature": 18.6091}, "geometry": {"type": "Polygon", "coordinates": [[[-118.41429697981496, 34.024310075361704], [-118.41321655042329, 34.02432249840395], [-118.41323147264293, 34.02522255453177], [-118.41431191343364, 34.02521013107115], [-118.41429697981496, 34.024310075361704]]]}}, {"type": "Feature", "properties": {"tile_id": 612, "average_temperature": 18.6032}, "geometry": {"type": "Polygon", "coordinates": [[[-118.41321655042329, 34.02432249840395], [-118.41213612037001, 34.02433491195804], [-118.4121510311906, 34.02523496850394], [-118.41323147264293, 34.02522255453177], [-118.41321655042329, 34.02432249840395]]]}}, {"type": "Feature", "properties": {"tile_id": 613, "average_temperature": 18.5984}, "geometry": {"type": "Polygon", "coordinates": [[[-118.41213612037001, 34.02433491195804], [-118.41105568965567, 34.02434731602397], [-118.41107058907717, 34.025247372987614], [-118.4121510311906, 34.02523496850394], [-118.41213612037001, 34.02433491195804]]]}}, {"type": "Feature", "properties": {"tile_id": 614, "average_temperature": 18.5951}, "geometry": {"type": "Polygon", "coordinates": [[[-118.41105568965567, 34.02434731602397], [-118.40997525828072, 34.024359710601715], [-118.4099901463031, 34.02525976798278], [-118.41107058907717, 34.025247372987614], [-118.41105568965567, 34.02434731602397]]]}}, {"type": "Feature", "properties": {"tile_id": 615, "average_temperature": 18.5935}, "geometry": {"type": "Polygon", "coordinates": [[[-118.40997525828072, 34.024359710601715], [-118.40889482624571, 34.02437209569126], [-118.40890970286893, 34.02527215348944], [-118.4099901463031, 34.02525976798278], [-118.40997525828072, 34.024359710601715]]]}}, {"type": "Feature", "properties": {"tile_id": 616, "average_temperature": 18.5942}, "geometry": {"type": "Polygon", "coordinates": [[[-118.40889482624571, 34.02437209569126], [-118.40781439355112, 34.02438447129257], [-118.40782925877518, 34.02528452950756], [-118.40890970286893, 34.02527215348944], [-118.40889482624571, 34.02437209569126]]]}}, {"type": "Feature", "properties": {"tile_id": 617, "average_temperature": 18.5973}, "geometry": {"type": "Polygon", "coordinates": [[[-118.40781439355112, 34.02438447129257], [-118.40673396019747, 34.02439683740565], [-118.40674881402232, 34.02529689603709], [-118.40782925877518, 34.02528452950756], [-118.40781439355112, 34.02438447129257]]]}}, {"type": "Feature", "properties": {"tile_id": 618, "average_temperature": 18.6032}, "geometry": {"type": "Polygon", "coordinates": [[[-118.40673396019747, 34.02439683740565], [-118.40565352618526, 34.024409194030454], [-118.40566836861085, 34.02530925307806], [-118.40674881402232, 34.02529689603709], [-118.40673396019747, 34.02439683740565]]]}}, {"type": "Feature", "properties": {"tile_id": 619, "average_temperature": 18.6123}, "geometry": {"type": "Polygon", "coordinates": [[[-118.40565352618526, 34.024409194030454], [-118.40457309151499, 34.02442154116699], [-118.40458792254132, 34.025321600630434], [-118.40566836861085, 34.02530925307806], [-118.40565352618526, 34.024409194030454]]]}}, {"type": "Feature", "properties": {"tile_id": 620, "average_temperature": 18.6247}, "geometry": {"type": "Polygon", "coordinates": [[[-118.40457309151499, 34.02442154116699], [-118.40349265618717, 34.02443387881523], [-118.40350747581422, 34.025333938694175], [-118.40458792254132, 34.025321600630434], [-118.40457309151499, 34.02442154116699]]]}}, {"type": "Feature", "properties": {"tile_id": 621, "average_temperature": 18.6399}, "geometry": {"type": "Polygon", "coordinates": [[[-118.40349265618717, 34.02443387881523], [-118.40241222020231, 34.02444620697514], [-118.40242702843003, 34.0253462672693], [-118.40350747581422, 34.025333938694175], [-118.40349265618717, 34.02443387881523]]]}}, {"type": "Feature", "properties": {"tile_id": 622, "average_temperature": 18.6571}, "geometry": {"type": "Polygon", "coordinates": [[[-118.40241222020231, 34.02444620697514], [-118.4013317835609, 34.02445852564672], [-118.40134658038926, 34.025358586355736], [-118.40242702843003, 34.0253462672693], [-118.40241222020231, 34.02444620697514]]]}}, {"type": "Feature", "properties": {"tile_id": 623, "average_temperature": 18.6756}, "geometry": {"type": "Polygon", "coordinates": [[[-118.4013317835609, 34.02445852564672], [-118.40025134626345, 34.024470834829934], [-118.40026613169245, 34.02537089595352], [-118.40134658038926, 34.025358586355736], [-118.4013317835609, 34.02445852564672]]]}}, {"type": "Feature", "properties": {"tile_id": 624, "average_temperature": 18.6948}, "geometry": {"type": "Polygon", "coordinates": [[[-118.40025134626345, 34.024470834829934], [-118.39917090831048, 34.02448313452478], [-118.39918568234006, 34.025383196062606], [-118.40026613169245, 34.02537089595352], [-118.40025134626345, 34.024470834829934]]]}}, {"type": "Feature", "properties": {"tile_id": 625, "average_temperature": 18.714}, "geometry": {"type": "Polygon", "coordinates": [[[-118.39917090831048, 34.02448313452478], [-118.39809046970248, 34.02449542473123], [-118.39810523233263, 34.02539548668295], [-118.39918568234006, 34.025383196062606], [-118.39917090831048, 34.02448313452478]]]}}, {"type": "Feature", "properties": {"tile_id": 626, "average_temperature": 18.7323}, "geometry": {"type": "Polygon", "coordinates": [[[-118.39809046970248, 34.02449542473123], [-118.39701003043994, 34.02450770544926], [-118.39702478167065, 34.025407767814606], [-118.39810523233263, 34.02539548668295], [-118.39809046970248, 34.02449542473123]]]}}, {"type": "Feature", "properties": {"tile_id": 627, "average_temperature": 18.7492}, "geometry": {"type": "Polygon", "coordinates": [[[-118.39701003043994, 34.02450770544926], [-118.39592959052341, 34.02451997667885], [-118.39594433035462, 34.02542003945748], [-118.39702478167065, 34.025407767814606], [-118.39701003043994, 34.02450770544926]]]}}, {"type": "Feature", "properties": {"tile_id": 628, "average_temperature": 18.7639}, "geometry": {"type": "Polygon", "coordinates": [[[-118.39592959052341, 34.02451997667885], [-118.39484914995336, 34.02453223842001], [-118.39486387838507, 34.02543230161158], [-118.39594433035462, 34.02542003945748], [-118.39592959052341, 34.02451997667885]]]}}, {"type": "Feature", "properties": {"tile_id": 629, "average_temperature": 18.3814}, "geometry": {"type": "Polygon", "coordinates": [[[-118.44996608505208, 34.02479483396821], [-118.44888566637822, 34.024807570537284], [-118.44890096543008, 34.02570761255159], [-118.44998139550255, 34.02569487555357], [-118.44996608505208, 34.02479483396821]]]}}, {"type": "Feature", "properties": {"tile_id": 630, "average_temperature": 18.3757}, "geometry": {"type": "Polygon", "coordinates": [[[-118.44888566637822, 34.024807570537284], [-118.44780524702605, 34.024820297618554], [-118.4478205346793, 34.02572034006147], [-118.44890096543008, 34.02570761255159], [-118.44888566637822, 34.024807570537284]]]}}, {"type": "Feature", "properties": {"tile_id": 631, "average_temperature": 18.3704}, "geometry": {"type": "Polygon", "coordinates": [[[-118.44780524702605, 34.024820297618554], [-118.4467248269961, 34.02483301521198], [-118.44674010325068, 34.02573305808319], [-118.4478205346793, 34.02572034006147], [-118.44780524702605, 34.024820297618554]]]}}, {"type": "Feature", "properties": {"tile_id": 632, "average_temperature": 18.3659}, "geometry": {"type": "Polygon", "coordinates": [[[-118.4467248269961, 34.02483301521198], [-118.44564440628888, 34.02484572331754], [-118.44565967114477, 34.02574576661674], [-118.44674010325068, 34.02573305808319], [-118.4467248269961, 34.02483301521198]]]}}, {"type": "Feature", "properties": {"tile_id": 633, "average_temperature": 18.3625}, "geometry": {"type": "Polygon", "coordinates": [[[-118.44564440628888, 34.02484572331754], [-118.44456398490487, 34.02485842193522], [-118.44457923836207, 34.02575846566208], [-118.44565967114477, 34.02574576661674], [-118.44564440628888, 34.02484572331754]]]}}, {"type": "Feature", "properties": {"tile_id": 634, "average_temperature": 18.3608}, "geometry": {"type": "Polygon", "coordinates": [[[-118.44456398490487, 34.02485842193522], [-118.44348356284462, 34.024871111065], [-118.44349880490304, 34.02577115521921], [-118.44457923836207, 34.02575846566208], [-118.44456398490487, 34.02485842193522]]]}}, {"type": "Feature", "properties": {"tile_id": 635, "average_temperature": 18.361}, "geometry": {"type": "Polygon", "coordinates": [[[-118.44348356284462, 34.024871111065], [-118.4424031401086, 34.024883790706866], [-118.44241837076825, 34.02578383528809], [-118.44349880490304, 34.02577115521921], [-118.44348356284462, 34.024871111065]]]}}, {"type": "Feature", "properties": {"tile_id": 636, "average_temperature": 18.3636}, "geometry": {"type": "Polygon", "coordinates": [[[-118.4424031401086, 34.024883790706866], [-118.44132271669731, 34.02489646086079], [-118.44133793595817, 34.02579650586872], [-118.44241837076825, 34.02578383528809], [-118.4424031401086, 34.024883790706866]]]}}, {"type": "Feature", "properties": {"tile_id": 637, "average_temperature": 18.369}, "geometry": {"type": "Polygon", "coordinates": [[[-118.44132271669731, 34.02489646086079], [-118.44024229261126, 34.02490912152675], [-118.4402575004733, 34.02580916696106], [-118.44133793595817, 34.02579650586872], [-118.44132271669731, 34.02489646086079]]]}}, {"type": "Feature", "properties": {"tile_id": 638, "average_temperature": 18.3774}, "geometry": {"type": "Polygon", "coordinates": [[[-118.44024229261126, 34.02490912152675], [-118.43916186785098, 34.02492177270473], [-118.43917706431414, 34.025821818565106], [-118.4402575004733, 34.02580916696106], [-118.44024229261126, 34.02490912152675]]]}}, {"type": "Feature", "properties": {"tile_id": 639, "average_temperature": 18.3894}, "geometry": {"type": "Polygon", "coordinates": [[[-118.43916186785098, 34.02492177270473], [-118.43808144241697, 34.024934414394714], [-118.43809662748122, 34.02583446068084], [-118.43917706431414, 34.025821818565106], [-118.43916186785098, 34.02492177270473]]]}}, {"type": "Feature", "properties": {"tile_id": 640, "average_temperature": 18.4053}, "geometry": {"type": "Polygon", "coordinates": [[[-118.43808144241697, 34.024934414394714], [-118.4370010163097, 34.02494704659668], [-118.43701618997504, 34.02584709330823], [-118.43809662748122, 34.02583446068084], [-118.43808144241697, 34.024934414394714]]]}}, {"type": "Feature", "properties": {"tile_id": 641, "average_temperature": 18.4248}, "geometry": {"type": "Polygon", "coordinates": [[[-118.4370010163097, 34.02494704659668], [-118.43592058952969, 34.02495966931061], [-118.4359357517961, 34.025859716447265], [-118.43701618997504, 34.02584709330823], [-118.4370010163097, 34.02494704659668]]]}}, {"type": "Feature", "properties": {"tile_id": 642, "average_temperature": 18.4472}, "geometry": {"type": "Polygon", "coordinates": [[[-118.43592058952969, 34.02495966931061], [-118.43484016207746, 34.02497228253648], [-118.4348553129449, 34.02587233009792], [-118.4359357517961, 34.025859716447265], [-118.43592058952969, 34.02495966931061]]]}}, {"type": "Feature", "properties": {"tile_id": 643, "average_temperature": 18.4716}, "geometry": {"type": "Polygon", "coordinates": [[[-118.43484016207746, 34.02497228253648], [-118.43375973395352, 34.024984886274275], [-118.43377487342194, 34.02588493426018], [-118.4348553129449, 34.02587233009792], [-118.43484016207746, 34.02497228253648]]]}}, {"type": "Feature", "properties": {"tile_id": 644, "average_temperature": 18.4972}, "geometry": {"type": "Polygon", "coordinates": [[[-118.43375973395352, 34.024984886274275], [-118.43267930515835, 34.024997480523965], [-118.43269443322774, 34.02589752893404], [-118.43377487342194, 34.02588493426018], [-118.43375973395352, 34.024984886274275]]]}}, {"type": "Feature", "properties": {"tile_id": 645, "average_temperature": 18.5231}, "geometry": {"type": "Polygon", "coordinates": [[[-118.43267930515835, 34.024997480523965], [-118.43159887569247, 34.02501006528554], [-118.43161399236281, 34.02591011411944], [-118.43269443322774, 34.02589752893404], [-118.43267930515835, 34.024997480523965]]]}}, {"type": "Feature", "properties": {"tile_id": 646, "average_temperature": 18.5485}, "geometry": {"type": "Polygon", "coordinates": [[[-118.43159887569247, 34.02501006528554], [-118.43051844555637, 34.02502264055899], [-118.43053355082763, 34.0259226898164], [-118.43161399236281, 34.02591011411944], [-118.43159887569247, 34.02501006528554]]]}}, {"type": "Feature", "properties": {"tile_id": 647, "average_temperature": 18.5727}, "geometry": {"type": "Polygon", "coordinates": [[[-118.43051844555637, 34.02502264055899], [-118.42943801475057, 34.025035206344285], [-118.42945310862272, 34.02593525602487], [-118.43053355082763, 34.0259226898164], [-118.43051844555637, 34.02502264055899]]]}}, {"type": "Feature", "properties": {"tile_id": 648, "average_temperature": 18.5947}, "geometry": {"type": "Polygon", "coordinates": [[[-118.42943801475057, 34.025035206344285], [-118.4283575832756, 34.02504776264139], [-118.42837266574858, 34.02594781274485], [-118.42945310862272, 34.02593525602487], [-118.42943801475057, 34.025035206344285]]]}}, {"type": "Feature", "properties": {"tile_id": 649, "average_temperature": 18.6137}, "geometry": {"type": "Polygon", "coordinates": [[[-118.4283575832756, 34.02504776264139], [-118.42727715113193, 34.02506030945032], [-118.42729222220574, 34.02596035997633], [-118.42837266574858, 34.02594781274485], [-118.4283575832756, 34.02504776264139]]]}}, {"type": "Feature", "properties": {"tile_id": 650, "average_temperature": 18.629}, "geometry": {"type": "Polygon", "coordinates": [[[-118.42727715113193, 34.02506030945032], [-118.42619671832007, 34.025072846771025], [-118.42621177799465, 34.02597289771926], [-118.42729222220574, 34.02596035997633], [-118.42727715113193, 34.02506030945032]]]}}, {"type": "Feature", "properties": {"tile_id": 651, "average_temperature": 18.6401}, "geometry": {"type": "Polygon", "coordinates": [[[-118.42619671832007, 34.025072846771025], [-118.42511628484051, 34.0250853746035], [-118.42513133311587, 34.02598542597365], [-118.42621177799465, 34.02597289771926], [-118.42619671832007, 34.025072846771025]]]}}, {"type": "Feature", "properties": {"tile_id": 652, "average_temperature": 18.6474}, "geometry": {"type": "Polygon", "coordinates": [[[-118.42511628484051, 34.0250853746035], [-118.42403585069378, 34.02509789294772], [-118.42405088756989, 34.025997944739466], [-118.42513133311587, 34.02598542597365], [-118.42511628484051, 34.0250853746035]]]}}, {"type": "Feature", "properties": {"tile_id": 653, "average_temperature": 18.6513}, "geometry": {"type": "Polygon", "coordinates": [[[-118.42403585069378, 34.02509789294772], [-118.4229554158804, 34.025110401803666], [-118.42297044135721, 34.026010454016685], [-118.42405088756989, 34.025997944739466], [-118.42403585069378, 34.02509789294772]]]}}, {"type": "Feature", "properties": {"tile_id": 654, "average_temperature": 18.6524}, "geometry": {"type": "Polygon", "coordinates": [[[-118.4229554158804, 34.025110401803666], [-118.42187498040083, 34.02512290117133], [-118.42188999447833, 34.026022953805295], [-118.42297044135721, 34.026010454016685], [-118.4229554158804, 34.025110401803666]]]}}, {"type": "Feature", "properties": {"tile_id": 655, "average_temperature": 18.651}, "geometry": {"type": "Polygon", "coordinates": [[[-118.42187498040083, 34.02512290117133], [-118.4207945442556, 34.02513539105067], [-118.42080954693377, 34.02603544410529], [-118.42188999447833, 34.026022953805295], [-118.42187498040083, 34.02512290117133]]]}}, {"type": "Feature", "properties": {"tile_id": 656, "average_temperature": 18.6476}, "geometry": {"type": "Polygon", "coordinates": [[[-118.4207945442556, 34.02513539105067], [-118.41971410744522, 34.02514787144169], [-118.41972909872399, 34.02604792491661], [-118.42080954693377, 34.02603544410529], [-118.4207945442556, 34.02513539105067]]]}}, {"type": "Feature", "properties": {"tile_id": 657, "average_temperature": 18.6426}, "geometry": {"type": "Polygon", "coordinates": [[[-118.41971410744522, 34.02514787144169], [-118.41863366997018, 34.02516034234436], [-118.41864864984957, 34.026060396239274], [-118.41972909872399, 34.02604792491661], [-118.41971410744522, 34.02514787144169]]]}}, {"type": "Feature", "properties": {"tile_id": 658, "average_temperature": 18.6365}, "geometry": {"type": "Polygon", "coordinates": [[[-118.41863366997018, 34.02516034234436], [-118.41755323183102, 34.02517280375866], [-118.41756820031097, 34.02607285807325], [-118.41864864984957, 34.026060396239274], [-118.41863366997018, 34.02516034234436]]]}}, {"type": "Feature", "properties": {"tile_id": 659, "average_temperature": 18.6297}, "geometry": {"type": "Polygon", "coordinates": [[[-118.41755323183102, 34.02517280375866], [-118.41647279302819, 34.02518525568456], [-118.41648775010867, 34.026085310418516], [-118.41756820031097, 34.02607285807325], [-118.41755323183102, 34.02517280375866]]]}}, {"type": "Feature", "properties": {"tile_id": 660, "average_temperature": 18.6227}, "geometry": {"type": "Polygon", "coordinates": [[[-118.41647279302819, 34.02518525568456], [-118.41539235356223, 34.025197698122064], [-118.41540729924324, 34.02609775327506], [-118.41648775010867, 34.026085310418516], [-118.41647279302819, 34.02518525568456]]]}}, {"type": "Feature", "properties": {"tile_id": 661, "average_temperature": 18.6158}, "geometry": {"type": "Polygon", "coordinates": [[[-118.41539235356223, 34.025197698122064], [-118.41431191343364, 34.02521013107115], [-118.41432684771515, 34.02611018664285], [-118.41540729924324, 34.02609775327506], [-118.41539235356223, 34.025197698122064]]]}}, {"type": "Feature", "properties": {"tile_id": 662, "average_temperature": 18.6094}, "geometry": {"type": "Polygon", "coordinates": [[[-118.41431191343364, 34.02521013107115], [-118.41323147264293, 34.02522255453177], [-118.41324639552488, 34.026122610521874], [-118.41432684771515, 34.02611018664285], [-118.41431191343364, 34.02521013107115]]]}}, {"type": "Feature", "properties": {"tile_id": 663, "average_temperature": 18.6038}, "geometry": {"type": "Polygon", "coordinates": [[[-118.41323147264293, 34.02522255453177], [-118.4121510311906, 34.02523496850394], [-118.41216594267297, 34.02613502491213], [-118.41324639552488, 34.026122610521874], [-118.41323147264293, 34.02522255453177]]]}}, {"type": "Feature", "properties": {"tile_id": 664, "average_temperature": 18.5994}, "geometry": {"type": "Polygon", "coordinates": [[[-118.4121510311906, 34.02523496850394], [-118.41107058907717, 34.025247372987614], [-118.41108548915993, 34.026147429813555], [-118.41216594267297, 34.02613502491213], [-118.4121510311906, 34.02523496850394]]]}}, {"type": "Feature", "properties": {"tile_id": 665, "average_temperature": 18.5964}, "geometry": {"type": "Polygon", "coordinates": [[[-118.41107058907717, 34.025247372987614], [-118.4099901463031, 34.02525976798278], [-118.41000503498624, 34.02615982522617], [-118.41108548915993, 34.026147429813555], [-118.41107058907717, 34.025247372987614]]]}}, {"type": "Feature", "properties": {"tile_id": 666, "average_temperature": 18.5952}, "geometry": {"type": "Polygon", "coordinates": [[[-118.4099901463031, 34.02525976798278], [-118.40890970286893, 34.02527215348944], [-118.40892458015242, 34.02617221114994], [-118.41000503498624, 34.02615982522617], [-118.4099901463031, 34.02525976798278]]]}}, {"type": "Feature", "properties": {"tile_id": 667, "average_temperature": 18.5961}, "geometry": {"type": "Polygon", "coordinates": [[[-118.40890970286893, 34.02527215348944], [-118.40782925877518, 34.02528452950756], [-118.40784412465898, 34.02618458758486], [-118.40892458015242, 34.02617221114994], [-118.40890970286893, 34.02527215348944]]]}}, {"type": "Feature", "properties": {"tile_id": 668, "average_temperature": 18.5993}, "geometry": {"type": "Polygon", "coordinates": [[[-118.40782925877518, 34.02528452950756], [-118.40674881402232, 34.02529689603709], [-118.4067636685064, 34.02619695453089], [-118.40784412465898, 34.02618458758486], [-118.40782925877518, 34.02528452950756]]]}}, {"type": "Feature", "properties": {"tile_id": 669, "average_temperature": 18.6053}, "geometry": {"type": "Polygon", "coordinates": [[[-118.40674881402232, 34.02529689603709], [-118.40566836861085, 34.02530925307806], [-118.40568321169522, 34.02620931198802], [-118.4067636685064, 34.02619695453089], [-118.40674881402232, 34.02529689603709]]]}}, {"type": "Feature", "properties": {"tile_id": 670, "average_temperature": 18.6143}, "geometry": {"type": "Polygon", "coordinates": [[[-118.40566836861085, 34.02530925307806], [-118.40458792254132, 34.025321600630434], [-118.40460275422592, 34.02622165995622], [-118.40568321169522, 34.02620931198802], [-118.40566836861085, 34.02530925307806]]]}}, {"type": "Feature", "properties": {"tile_id": 671, "average_temperature": 18.6264}, "geometry": {"type": "Polygon", "coordinates": [[[-118.40458792254132, 34.025321600630434], [-118.40350747581422, 34.025333938694175], [-118.403522296099, 34.02623399843551], [-118.40460275422592, 34.02622165995622], [-118.40458792254132, 34.025321600630434]]]}}, {"type": "Feature", "properties": {"tile_id": 672, "average_temperature": 18.6412}, "geometry": {"type": "Polygon", "coordinates": [[[-118.40350747581422, 34.025333938694175], [-118.40242702843003, 34.0253462672693], [-118.40244183731498, 34.02624632742581], [-118.403522296099, 34.02623399843551], [-118.40350747581422, 34.025333938694175]]]}}, {"type": "Feature", "properties": {"tile_id": 673, "average_temperature": 18.6579}, "geometry": {"type": "Polygon", "coordinates": [[[-118.40242702843003, 34.0253462672693], [-118.40134658038926, 34.025358586355736], [-118.40136137787438, 34.02625864692715], [-118.40244183731498, 34.02624632742581], [-118.40242702843003, 34.0253462672693]]]}}, {"type": "Feature", "properties": {"tile_id": 674, "average_temperature": 18.6759}, "geometry": {"type": "Polygon", "coordinates": [[[-118.40134658038926, 34.025358586355736], [-118.40026613169245, 34.02537089595352], [-118.40028091777768, 34.02627095693949], [-118.40136137787438, 34.02625864692715], [-118.40134658038926, 34.025358586355736]]]}}, {"type": "Feature", "properties": {"tile_id": 675, "average_temperature": 18.6945}, "geometry": {"type": "Polygon", "coordinates": [[[-118.40026613169245, 34.02537089595352], [-118.39918568234006, 34.025383196062606], [-118.39920045702539, 34.026283257462815], [-118.40028091777768, 34.02627095693949], [-118.40026613169245, 34.02537089595352]]]}}, {"type": "Feature", "properties": {"tile_id": 676, "average_temperature": 18.713}, "geometry": {"type": "Polygon", "coordinates": [[[-118.39918568234006, 34.025383196062606], [-118.39810523233263, 34.02539548668295], [-118.39811999561802, 34.02629554849711], [-118.39920045702539, 34.026283257462815], [-118.39918568234006, 34.025383196062606]]]}}, {"type": "Feature", "properties": {"tile_id": 677, "average_temperature": 18.7308}, "geometry": {"type": "Polygon", "coordinates": [[[-118.39810523233263, 34.02539548668295], [-118.39702478167065, 34.025407767814606], [-118.39703953355605, 34.02630783004235], [-118.39811999561802, 34.02629554849711], [-118.39810523233263, 34.02539548668295]]]}}, {"type": "Feature", "properties": {"tile_id": 678, "average_temperature": 18.7471}, "geometry": {"type": "Polygon", "coordinates": [[[-118.39702478167065, 34.025407767814606], [-118.39594433035462, 34.02542003945748], [-118.39595907084005, 34.02632010209852], [-118.39703953355605, 34.02630783004235], [-118.39702478167065, 34.025407767814606]]]}}, {"type": "Feature", "properties": {"tile_id": 679, "average_temperature": 18.7614}, "geometry": {"type": "Polygon", "coordinates": [[[-118.39594433035462, 34.02542003945748], [-118.39486387838507, 34.02543230161158], [-118.39487860747046, 34.02633236466559], [-118.39595907084005, 34.02632010209852], [-118.39594433035462, 34.02542003945748]]]}}, {"type": "Feature", "properties": {"tile_id": 680, "average_temperature": 18.773}, "geometry": {"type": "Polygon", "coordinates": [[[-118.39486387838507, 34.02543230161158], [-118.39378342576246, 34.025444554276895], [-118.39379814344782, 34.026344617743554], [-118.39487860747046, 34.02633236466559], [-118.39486387838507, 34.02543230161158]]]}}, {"type": "Feature", "properties": {"tile_id": 681, "average_temperature": 18.7813}, "geometry": {"type": "Polygon", "coordinates": [[[-118.39378342576246, 34.025444554276895], [-118.39270297248733, 34.02545679745341], [-118.3927176787726, 34.02635686133239], [-118.39379814344782, 34.026344617743554], [-118.39378342576246, 34.025444554276895]]]}}, {"type": "Feature", "properties": {"tile_id": 682, "average_temperature": 18.382}, "geometry": {"type": "Polygon", "coordinates": [[[-118.44998139550255, 34.02569487555356], [-118.44890096543008, 34.025707612551585], [-118.44891626516093, 34.02660765442785], [-118.44999670663253, 34.02659491700087], [-118.44998139550255, 34.02569487555356]]]}}, {"type": "Feature", "properties": {"tile_id": 683, "average_temperature": 18.3757}, "geometry": {"type": "Polygon", "coordinates": [[[-118.44890096543008, 34.025707612551585], [-118.4478205346793, 34.02572034006146], [-118.44783582301102, 34.02662038236636], [-118.44891626516093, 34.02660765442785], [-118.44890096543008, 34.025707612551585]]]}}, {"type": "Feature", "properties": {"tile_id": 684, "average_temperature": 18.3697}, "geometry": {"type": "Polygon", "coordinates": [[[-118.4478205346793, 34.02572034006146], [-118.44674010325068, 34.02573305808319], [-118.44675538018326, 34.026633100816404], [-118.44783582301102, 34.02662038236636], [-118.4478205346793, 34.02572034006146]]]}}, {"type": "Feature", "properties": {"tile_id": 685, "average_temperature": 18.3645}, "geometry": {"type": "Polygon", "coordinates": [[[-118.44674010325068, 34.02573305808319], [-118.44565967114477, 34.02574576661674], [-118.44567493667815, 34.02664580977793], [-118.44675538018326, 34.026633100816404], [-118.44674010325068, 34.02573305808319]]]}}, {"type": "Feature", "properties": {"tile_id": 686, "average_temperature": 18.3605}, "geometry": {"type": "Polygon", "coordinates": [[[-118.44565967114477, 34.02574576661674], [-118.44457923836207, 34.02575846566207], [-118.44459449249621, 34.02665850925094], [-118.44567493667815, 34.02664580977793], [-118.44565967114477, 34.02574576661674]]]}}, {"type": "Feature", "properties": {"tile_id": 687, "average_temperature": 18.3581}, "geometry": {"type": "Polygon", "coordinates": [[[-118.44457923836207, 34.02575846566207], [-118.44349880490304, 34.0257711552192], [-118.44351404763795, 34.026671199235416], [-118.44459449249621, 34.02665850925094], [-118.44457923836207, 34.02575846566207]]]}}, {"type": "Feature", "properties": {"tile_id": 688, "average_temperature": 18.3577}, "geometry": {"type": "Polygon", "coordinates": [[[-118.44349880490304, 34.0257711552192], [-118.44241837076825, 34.02578383528808], [-118.44243360210388, 34.02668387973133], [-118.44351404763795, 34.026671199235416], [-118.44349880490304, 34.0257711552192]]]}}, {"type": "Feature", "properties": {"tile_id": 689, "average_temperature": 18.3597}, "geometry": {"type": "Polygon", "coordinates": [[[-118.44241837076825, 34.02578383528808], [-118.44133793595817, 34.02579650586871], [-118.44135315589448, 34.02669655073867], [-118.44243360210388, 34.02668387973133], [-118.44241837076825, 34.02578383528808]]]}}, {"type": "Feature", "properties": {"tile_id": 690, "average_temperature": 18.3646}, "geometry": {"type": "Polygon", "coordinates": [[[-118.44133793595817, 34.02579650586871], [-118.4402575004733, 34.025809166961054], [-118.44027270901026, 34.02670921225741], [-118.44135315589448, 34.02669655073867], [-118.44133793595817, 34.02579650586871]]]}}, {"type": "Feature", "properties": {"tile_id": 691, "average_temperature": 18.3726}, "geometry": {"type": "Polygon", "coordinates": [[[-118.4402575004733, 34.025809166961054], [-118.43917706431414, 34.0258218185651], [-118.43919226145175, 34.02672186428753], [-118.44027270901026, 34.02670921225741], [-118.4402575004733, 34.025809166961054]]]}}, {"type": "Feature", "properties": {"tile_id": 692, "average_temperature": 18.3843}, "geometry": {"type": "Polygon", "coordinates": [[[-118.43917706431414, 34.0258218185651], [-118.43809662748122, 34.025834460680834], [-118.43811181321944, 34.02673450682902], [-118.43919226145175, 34.02672186428753], [-118.43917706431414, 34.0258218185651]]]}}, {"type": "Feature", "properties": {"tile_id": 693, "average_temperature": 18.4001}, "geometry": {"type": "Polygon", "coordinates": [[[-118.43809662748122, 34.025834460680834], [-118.43701618997504, 34.02584709330822], [-118.43703136431384, 34.02674713988184], [-118.43811181321944, 34.02673450682902], [-118.43809662748122, 34.025834460680834]]]}}, {"type": "Feature", "properties": {"tile_id": 694, "average_temperature": 18.4197}, "geometry": {"type": "Polygon", "coordinates": [[[-118.43701618997504, 34.02584709330822], [-118.4359357517961, 34.02585971644726], [-118.43595091473544, 34.026759763445995], [-118.43703136431384, 34.02674713988184], [-118.43701618997504, 34.02584709330822]]]}}, {"type": "Feature", "properties": {"tile_id": 695, "average_temperature": 18.4423}, "geometry": {"type": "Polygon", "coordinates": [[[-118.4359357517961, 34.02585971644726], [-118.4348553129449, 34.02587233009792], [-118.43487046448475, 34.02677237752145], [-118.43595091473544, 34.026759763445995], [-118.4359357517961, 34.02585971644726]]]}}, {"type": "Feature", "properties": {"tile_id": 696, "average_temperature": 18.467}, "geometry": {"type": "Polygon", "coordinates": [[[-118.4348553129449, 34.02587233009792], [-118.43377487342194, 34.025884934260176], [-118.43379001356227, 34.026784982108175], [-118.43487046448475, 34.02677237752145], [-118.4348553129449, 34.02587233009792]]]}}, {"type": "Feature", "properties": {"tile_id": 697, "average_temperature": 18.493}, "geometry": {"type": "Polygon", "coordinates": [[[-118.43377487342194, 34.025884934260176], [-118.43269443322774, 34.025897528934024], [-118.43270956196855, 34.02679757720618], [-118.43379001356227, 34.026784982108175], [-118.43377487342194, 34.025884934260176]]]}}, {"type": "Feature", "properties": {"tile_id": 698, "average_temperature": 18.5194}, "geometry": {"type": "Polygon", "coordinates": [[[-118.43269443322774, 34.025897528934024], [-118.43161399236281, 34.025910114119434], [-118.43162910970403, 34.02681016281544], [-118.43270956196855, 34.02679757720618], [-118.43269443322774, 34.025897528934024]]]}}, {"type": "Feature", "properties": {"tile_id": 699, "average_temperature": 18.5454}, "geometry": {"type": "Polygon", "coordinates": [[[-118.43161399236281, 34.025910114119434], [-118.43053355082763, 34.02592268981638], [-118.43054865676926, 34.026822738935905], [-118.43162910970403, 34.02681016281544], [-118.43161399236281, 34.025910114119434]]]}}, {"type": "Feature", "properties": {"tile_id": 700, "average_temperature": 18.5701}, "geometry": {"type": "Polygon", "coordinates": [[[-118.43053355082763, 34.02592268981638], [-118.42945310862272, 34.025935256024866], [-118.42946820316475, 34.02683530556758], [-118.43054865676926, 34.026822738935905], [-118.43053355082763, 34.02592268981638]]]}}, {"type": "Feature", "properties": {"tile_id": 701, "average_temperature": 18.5925}, "geometry": {"type": "Polygon", "coordinates": [[[-118.42945310862272, 34.025935256024866], [-118.42837266574858, 34.025947812744846], [-118.42838774889096, 34.02684786271045], [-118.42946820316475, 34.02683530556758], [-118.42945310862272, 34.025935256024866]]]}}, {"type": "Feature", "properties": {"tile_id": 702, "average_temperature": 18.612}, "geometry": {"type": "Polygon", "coordinates": [[[-118.42837266574858, 34.025947812744846], [-118.42729222220574, 34.025960359976324], [-118.42730729394842, 34.02686041036448], [-118.42838774889096, 34.02684786271045], [-118.42837266574858, 34.025947812744846]]]}}, {"type": "Feature", "properties": {"tile_id": 703, "average_temperature": 18.6275}, "geometry": {"type": "Polygon", "coordinates": [[[-118.42729222220574, 34.025960359976324], [-118.42621177799465, 34.02597289771926], [-118.42622683833763, 34.02687294852965], [-118.42730729394842, 34.02686041036448], [-118.42729222220574, 34.025960359976324]]]}}, {"type": "Feature", "properties": {"tile_id": 704, "average_temperature": 18.6388}, "geometry": {"type": "Polygon", "coordinates": [[[-118.42621177799465, 34.02597289771926], [-118.42513133311587, 34.025985425973644], [-118.42514638205913, 34.02688547720596], [-118.42622683833763, 34.02687294852965], [-118.42621177799465, 34.02597289771926]]]}}, {"type": "Feature", "properties": {"tile_id": 705, "average_temperature": 18.6461}, "geometry": {"type": "Polygon", "coordinates": [[[-118.42513133311587, 34.025985425973644], [-118.42405088756989, 34.02599794473946], [-118.42406592511337, 34.02689799639338], [-118.42514638205913, 34.02688547720596], [-118.42513133311587, 34.025985425973644]]]}}, {"type": "Feature", "properties": {"tile_id": 706, "average_temperature": 18.6501}, "geometry": {"type": "Polygon", "coordinates": [[[-118.42405088756989, 34.02599794473946], [-118.42297044135721, 34.02601045401668], [-118.4229854675009, 34.02691050609189], [-118.42406592511337, 34.02689799639338], [-118.42405088756989, 34.02599794473946]]]}}, {"type": "Feature", "properties": {"tile_id": 707, "average_temperature": 18.651}, "geometry": {"type": "Polygon", "coordinates": [[[-118.42297044135721, 34.02601045401668], [-118.42188999447833, 34.02602295380529], [-118.42190500922217, 34.02692300630146], [-118.4229854675009, 34.02691050609189], [-118.42297044135721, 34.02601045401668]]]}}, {"type": "Feature", "properties": {"tile_id": 708, "average_temperature": 18.6495}, "geometry": {"type": "Polygon", "coordinates": [[[-118.42188999447833, 34.02602295380529], [-118.42080954693377, 34.02603544410528], [-118.42082455027776, 34.02693549702208], [-118.42190500922217, 34.02692300630146], [-118.42188999447833, 34.02602295380529]]]}}, {"type": "Feature", "properties": {"tile_id": 709, "average_temperature": 18.646}, "geometry": {"type": "Polygon", "coordinates": [[[-118.42080954693377, 34.02603544410528], [-118.41972909872399, 34.026047924916604], [-118.41974409066812, 34.02694797825374], [-118.42082455027776, 34.02693549702208], [-118.42080954693377, 34.02603544410528]]]}}, {"type": "Feature", "properties": {"tile_id": 710, "average_temperature": 18.641}, "geometry": {"type": "Polygon", "coordinates": [[[-118.41972909872399, 34.026047924916604], [-118.41864864984957, 34.026060396239274], [-118.4186636303938, 34.0269604499964], [-118.41974409066812, 34.02694797825374], [-118.41972909872399, 34.026047924916604]]]}}, {"type": "Feature", "properties": {"tile_id": 711, "average_temperature": 18.6349}, "geometry": {"type": "Polygon", "coordinates": [[[-118.41864864984957, 34.026060396239274], [-118.41756820031097, 34.02607285807324], [-118.41758316945524, 34.02697291225006], [-118.4186636303938, 34.0269604499964], [-118.41864864984957, 34.026060396239274]]]}}, {"type": "Feature", "properties": {"tile_id": 712, "average_temperature": 18.6282}, "geometry": {"type": "Polygon", "coordinates": [[[-118.41756820031097, 34.02607285807324], [-118.41648775010867, 34.02608531041851], [-118.416502707853, 34.026985365014696], [-118.41758316945524, 34.02697291225006], [-118.41756820031097, 34.02607285807324]]]}}, {"type": "Feature", "properties": {"tile_id": 713, "average_temperature": 18.6213}, "geometry": {"type": "Polygon", "coordinates": [[[-118.41648775010867, 34.02608531041851], [-118.41540729924324, 34.02609775327505], [-118.41542224558755, 34.02699780829028], [-118.416502707853, 34.026985365014696], [-118.41648775010867, 34.02608531041851]]]}}, {"type": "Feature", "properties": {"tile_id": 714, "average_temperature": 18.6148}, "geometry": {"type": "Polygon", "coordinates": [[[-118.41540729924324, 34.02609775327505], [-118.41432684771515, 34.02611018664284], [-118.41434178265942, 34.02701024207679], [-118.41542224558755, 34.02699780829028], [-118.41540729924324, 34.02609775327505]]]}}, {"type": "Feature", "properties": {"tile_id": 715, "average_temperature": 18.6089}, "geometry": {"type": "Polygon", "coordinates": [[[-118.41432684771515, 34.02611018664284], [-118.41324639552488, 34.026122610521874], [-118.41326131906914, 34.027022666374236], [-118.41434178265942, 34.02701024207679], [-118.41432684771515, 34.02611018664284]]]}}, {"type": "Feature", "properties": {"tile_id": 716, "average_temperature": 18.6039}, "geometry": {"type": "Polygon", "coordinates": [[[-118.41324639552488, 34.026122610521874], [-118.41216594267297, 34.026135024912115], [-118.41218085481715, 34.027035081182575], [-118.41326131906914, 34.027022666374236], [-118.41324639552488, 34.026122610521874]]]}}, {"type": "Feature", "properties": {"tile_id": 717, "average_temperature": 18.6001}, "geometry": {"type": "Polygon", "coordinates": [[[-118.41216594267297, 34.026135024912115], [-118.41108548915993, 34.02614742981355], [-118.41110038990398, 34.02704748650178], [-118.41218085481715, 34.027035081182575], [-118.41216594267297, 34.026135024912115]]]}}, {"type": "Feature", "properties": {"tile_id": 718, "average_temperature": 18.5978}, "geometry": {"type": "Polygon", "coordinates": [[[-118.41108548915993, 34.02614742981355], [-118.41000503498624, 34.02615982522616], [-118.41001992433017, 34.027059882331834], [-118.41110038990398, 34.02704748650178], [-118.41108548915993, 34.02614742981355]]]}}, {"type": "Feature", "properties": {"tile_id": 719, "average_temperature": 18.5972}, "geometry": {"type": "Polygon", "coordinates": [[[-118.41000503498624, 34.02615982522616], [-118.40892458015242, 34.02617221114994], [-118.4089394580962, 34.02707226867274], [-118.41001992433017, 34.027059882331834], [-118.41000503498624, 34.02615982522616]]]}}, {"type": "Feature", "properties": {"tile_id": 720, "average_temperature": 18.5985}, "geometry": {"type": "Polygon", "coordinates": [[[-118.40892458015242, 34.02617221114994], [-118.40784412465898, 34.02618458758485], [-118.40785899120256, 34.027084645524454], [-118.4089394580962, 34.02707226867274], [-118.40892458015242, 34.02617221114994]]]}}, {"type": "Feature", "properties": {"tile_id": 721, "average_temperature": 18.6022}, "geometry": {"type": "Polygon", "coordinates": [[[-118.40784412465898, 34.02618458758485], [-118.4067636685064, 34.02619695453089], [-118.40677852364975, 34.02709701288698], [-118.40785899120256, 34.027084645524454], [-118.40784412465898, 34.02618458758485]]]}}, {"type": "Feature", "properties": {"tile_id": 722, "average_temperature": 18.6083}, "geometry": {"type": "Polygon", "coordinates": [[[-118.4067636685064, 34.02619695453089], [-118.40568321169522, 34.026209311988005], [-118.40569805543832, 34.02710937076028], [-118.40677852364975, 34.02709701288698], [-118.4067636685064, 34.02619695453089]]]}}, {"type": "Feature", "properties": {"tile_id": 723, "average_temperature": 18.6173}, "geometry": {"type": "Polygon", "coordinates": [[[-118.40568321169522, 34.026209311988005], [-118.40460275422592, 34.02622165995622], [-118.40461758656873, 34.027121719144354], [-118.40569805543832, 34.02710937076028], [-118.40568321169522, 34.026209311988005]]]}}, {"type": "Feature", "properties": {"tile_id": 724, "average_temperature": 18.6292}, "geometry": {"type": "Polygon", "coordinates": [[[-118.40460275422592, 34.02622165995622], [-118.403522296099, 34.026233998435494], [-118.40353711704154, 34.027134058039145], [-118.40461758656873, 34.027121719144354], [-118.40460275422592, 34.02622165995622]]]}}, {"type": "Feature", "properties": {"tile_id": 725, "average_temperature": 18.6434}, "geometry": {"type": "Polygon", "coordinates": [[[-118.403522296099, 34.026233998435494], [-118.40244183731498, 34.026246327425795], [-118.4024566468572, 34.02714638744468], [-118.40353711704154, 34.027134058039145], [-118.403522296099, 34.026233998435494]]]}}, {"type": "Feature", "properties": {"tile_id": 726, "average_temperature": 18.6595}, "geometry": {"type": "Polygon", "coordinates": [[[-118.40244183731498, 34.026246327425795], [-118.40136137787438, 34.02625864692714], [-118.40137617601623, 34.027158707360904], [-118.4024566468572, 34.02714638744468], [-118.40244183731498, 34.026246327425795]]]}}, {"type": "Feature", "properties": {"tile_id": 727, "average_temperature": 18.6768}, "geometry": {"type": "Polygon", "coordinates": [[[-118.40136137787438, 34.02625864692714], [-118.40028091777768, 34.026270956939484], [-118.40029570451912, 34.027171017787815], [-118.40137617601623, 34.027158707360904], [-118.40136137787438, 34.02625864692714]]]}}, {"type": "Feature", "properties": {"tile_id": 728, "average_temperature": 18.6946}, "geometry": {"type": "Polygon", "coordinates": [[[-118.40028091777768, 34.026270956939484], [-118.39920045702539, 34.026283257462815], [-118.39921523236643, 34.027183318725406], [-118.40029570451912, 34.027171017787815], [-118.40028091777768, 34.026270956939484]]]}}, {"type": "Feature", "properties": {"tile_id": 729, "average_temperature": 18.7123}, "geometry": {"type": "Polygon", "coordinates": [[[-118.39920045702539, 34.026283257462815], [-118.39811999561802, 34.0262955484971], [-118.39813475955862, 34.027195610173635], [-118.39921523236643, 34.027183318725406], [-118.39920045702539, 34.026283257462815]]]}}, {"type": "Feature", "properties": {"tile_id": 730, "average_temperature": 18.7293}, "geometry": {"type": "Polygon", "coordinates": [[[-118.39811999561802, 34.0262955484971], [-118.39703953355605, 34.02630783004234], [-118.3970542860962, 34.02720789213249], [-118.39813475955862, 34.027195610173635], [-118.39811999561802, 34.0262955484971]]]}}, {"type": "Feature", "properties": {"tile_id": 731, "average_temperature": 18.745}, "geometry": {"type": "Polygon", "coordinates": [[[-118.39703953355605, 34.02630783004234], [-118.39595907084005, 34.026320102098516], [-118.39597381197967, 34.02722016460194], [-118.3970542860962, 34.02720789213249], [-118.39703953355605, 34.02630783004234]]]}}, {"type": "Feature", "properties": {"tile_id": 732, "average_temperature": 18.7588}, "geometry": {"type": "Polygon", "coordinates": [[[-118.39595907084005, 34.026320102098516], [-118.39487860747046, 34.02633236466559], [-118.39489333720955, 34.027232427582], [-118.39597381197967, 34.02722016460194], [-118.39595907084005, 34.026320102098516]]]}}, {"type": "Feature", "properties": {"tile_id": 733, "average_temperature": 18.7701}, "geometry": {"type": "Polygon", "coordinates": [[[-118.39487860747046, 34.02633236466559], [-118.39379814344782, 34.02634461774354], [-118.39381286178636, 34.02724468107262], [-118.39489333720955, 34.027232427582], [-118.39487860747046, 34.02633236466559]]]}}, {"type": "Feature", "properties": {"tile_id": 734, "average_temperature": 18.7783}, "geometry": {"type": "Polygon", "coordinates": [[[-118.39379814344782, 34.02634461774354], [-118.3927176787726, 34.026356861332374], [-118.39273238571057, 34.0272569250738], [-118.39381286178636, 34.02724468107262], [-118.39379814344782, 34.02634461774354]]]}}, {"type": "Feature", "properties": {"tile_id": 735, "average_temperature": 18.7836}, "geometry": {"type": "Polygon", "coordinates": [[[-118.3927176787726, 34.026356861332374], [-118.39163721344535, 34.02636909543207], [-118.39165190898271, 34.0272691595855], [-118.39273238571057, 34.0272569250738], [-118.3927176787726, 34.026356861332374]]]}}, {"type": "Feature", "properties": {"tile_id": 736, "average_temperature": 18.3824}, "geometry": {"type": "Polygon", "coordinates": [[[-118.44999670663253, 34.02659491700087], [-118.44891626516093, 34.02660765442785], [-118.44893156557082, 34.0275076961661], [-118.45001201844204, 34.02749495831017], [-118.44999670663253, 34.02659491700087]]]}}, {"type": "Feature", "properties": {"tile_id": 737, "average_temperature": 18.3751}, "geometry": {"type": "Polygon", "coordinates": [[[-118.44891626516093, 34.02660765442785], [-118.44783582301102, 34.02662038236635], [-118.44785111202125, 34.02752042453326], [-118.44893156557082, 34.0275076961661], [-118.44891626516093, 34.02660765442785]]]}}, {"type": "Feature", "properties": {"tile_id": 738, "average_temperature": 18.368}, "geometry": {"type": "Polygon", "coordinates": [[[-118.44783582301102, 34.02662038236635], [-118.44675538018326, 34.02663310081639], [-118.44677065779383, 34.02753314341161], [-118.44785111202125, 34.02752042453326], [-118.44783582301102, 34.02662038236635]]]}}, {"type": "Feature", "properties": {"tile_id": 739, "average_temperature": 18.3617}, "geometry": {"type": "Polygon", "coordinates": [[[-118.44675538018326, 34.02663310081639], [-118.44567493667815, 34.026645809777925], [-118.44569020288903, 34.02754585280113], [-118.44677065779383, 34.02753314341161], [-118.44675538018326, 34.02663310081639]]]}}, {"type": "Feature", "properties": {"tile_id": 740, "average_temperature": 18.3565}, "geometry": {"type": "Polygon", "coordinates": [[[-118.44567493667815, 34.026645809777925], [-118.44459449249621, 34.02665850925094], [-118.44460974730737, 34.02755855270183], [-118.44569020288903, 34.02754585280113], [-118.44567493667815, 34.026645809777925]]]}}, {"type": "Feature", "properties": {"tile_id": 741, "average_temperature": 18.353}, "geometry": {"type": "Polygon", "coordinates": [[[-118.44459449249621, 34.02665850925094], [-118.44351404763795, 34.02667119923541], [-118.44352929104934, 34.02757124311367], [-118.44460974730737, 34.02755855270183], [-118.44459449249621, 34.02665850925094]]]}}, {"type": "Feature", "properties": {"tile_id": 742, "average_temperature": 18.3515}, "geometry": {"type": "Polygon", "coordinates": [[[-118.44351404763795, 34.02667119923541], [-118.44243360210388, 34.02668387973133], [-118.44244883411548, 34.02758392403662], [-118.44352929104934, 34.02757124311367], [-118.44351404763795, 34.02667119923541]]]}}, {"type": "Feature", "properties": {"tile_id": 743, "average_temperature": 18.3526}, "geometry": {"type": "Polygon", "coordinates": [[[-118.44243360210388, 34.02668387973133], [-118.44135315589448, 34.02669655073866], [-118.44136837650628, 34.027596595470676], [-118.44244883411548, 34.02758392403662], [-118.44243360210388, 34.02668387973133]]]}}, {"type": "Feature", "properties": {"tile_id": 744, "average_temperature": 18.3566}, "geometry": {"type": "Polygon", "coordinates": [[[-118.44135315589448, 34.02669655073866], [-118.44027270901026, 34.02670921225741], [-118.44028791822223, 34.02760925741581], [-118.44136837650628, 34.027596595470676], [-118.44135315589448, 34.02669655073866]]]}}, {"type": "Feature", "properties": {"tile_id": 745, "average_temperature": 18.3641}, "geometry": {"type": "Polygon", "coordinates": [[[-118.44027270901026, 34.02670921225741], [-118.43919226145175, 34.02672186428753], [-118.43920745926383, 34.027621909872025], [-118.44028791822223, 34.02760925741581], [-118.44027270901026, 34.02670921225741]]]}}, {"type": "Feature", "properties": {"tile_id": 746, "average_temperature": 18.3754}, "geometry": {"type": "Polygon", "coordinates": [[[-118.43919226145175, 34.02672186428753], [-118.43811181321944, 34.02673450682901], [-118.43812699963162, 34.02763455283927], [-118.43920745926383, 34.027621909872025], [-118.43919226145175, 34.02672186428753]]]}}, {"type": "Feature", "properties": {"tile_id": 747, "average_temperature": 18.3911}, "geometry": {"type": "Polygon", "coordinates": [[[-118.43811181321944, 34.02673450682901], [-118.43703136431384, 34.02674713988184], [-118.43704653932608, 34.02764718631754], [-118.43812699963162, 34.02763455283927], [-118.43811181321944, 34.02673450682901]]]}}, {"type": "Feature", "properties": {"tile_id": 748, "average_temperature": 18.4109}, "geometry": {"type": "Polygon", "coordinates": [[[-118.43703136431384, 34.02674713988184], [-118.43595091473544, 34.02675976344599], [-118.43596607834773, 34.02765981030681], [-118.43704653932608, 34.02764718631754], [-118.43703136431384, 34.02674713988184]]]}}, {"type": "Feature", "properties": {"tile_id": 749, "average_temperature": 18.4338}, "geometry": {"type": "Polygon", "coordinates": [[[-118.43595091473544, 34.02675976344599], [-118.43487046448475, 34.026772377521446], [-118.43488561669704, 34.02767242480707], [-118.43596607834773, 34.02765981030681], [-118.43595091473544, 34.02675976344599]]]}}, {"type": "Feature", "properties": {"tile_id": 750, "average_temperature": 18.4592}, "geometry": {"type": "Polygon", "coordinates": [[[-118.43487046448475, 34.026772377521446], [-118.43379001356227, 34.026784982108175], [-118.43380515437458, 34.02768502981829], [-118.43488561669704, 34.02767242480707], [-118.43487046448475, 34.026772377521446]]]}}, {"type": "Feature", "properties": {"tile_id": 751, "average_temperature": 18.4859}, "geometry": {"type": "Polygon", "coordinates": [[[-118.43379001356227, 34.026784982108175], [-118.43270956196855, 34.026797577206175], [-118.4327246913808, 34.02769762534045], [-118.43380515437458, 34.02768502981829], [-118.43379001356227, 34.026784982108175]]]}}, {"type": "Feature", "properties": {"tile_id": 752, "average_temperature": 18.5132}, "geometry": {"type": "Polygon", "coordinates": [[[-118.43270956196855, 34.026797577206175], [-118.43162910970403, 34.02681016281543], [-118.43164422771622, 34.02771021137355], [-118.4327246913808, 34.02769762534045], [-118.43270956196855, 34.026797577206175]]]}}, {"type": "Feature", "properties": {"tile_id": 753, "average_temperature": 18.54}, "geometry": {"type": "Polygon", "coordinates": [[[-118.43162910970403, 34.02681016281543], [-118.43054865676926, 34.0268227389359], [-118.43056376338134, 34.02772278791755], [-118.43164422771622, 34.02771021137355], [-118.43162910970403, 34.02681016281543]]]}}, {"type": "Feature", "properties": {"tile_id": 754, "average_temperature": 18.5656}, "geometry": {"type": "Polygon", "coordinates": [[[-118.43054865676926, 34.0268227389359], [-118.42946820316475, 34.02683530556757], [-118.42948329837667, 34.027735354972435], [-118.43056376338134, 34.02772278791755], [-118.43054865676926, 34.0268227389359]]]}}, {"type": "Feature", "properties": {"tile_id": 755, "average_temperature": 18.5889}, "geometry": {"type": "Polygon", "coordinates": [[[-118.42946820316475, 34.02683530556757], [-118.42838774889096, 34.02684786271043], [-118.42840283270273, 34.02774791253819], [-118.42948329837667, 34.027735354972435], [-118.42946820316475, 34.02683530556757]]]}}, {"type": "Feature", "properties": {"tile_id": 756, "average_temperature": 18.609}, "geometry": {"type": "Polygon", "coordinates": [[[-118.42838774889096, 34.02684786271043], [-118.42730729394842, 34.02686041036447], [-118.42732236636002, 34.027760460614786], [-118.42840283270273, 34.02774791253819], [-118.42838774889096, 34.02684786271043]]]}}, {"type": "Feature", "properties": {"tile_id": 757, "average_temperature": 18.625}, "geometry": {"type": "Polygon", "coordinates": [[[-118.42730729394842, 34.02686041036447], [-118.42622683833763, 34.02687294852965], [-118.42624189934902, 34.02777299920221], [-118.42732236636002, 34.027760460614786], [-118.42730729394842, 34.02686041036447]]]}}, {"type": "Feature", "properties": {"tile_id": 758, "average_temperature": 18.6365}, "geometry": {"type": "Polygon", "coordinates": [[[-118.42622683833763, 34.02687294852965], [-118.42514638205913, 34.02688547720595], [-118.42516143167026, 34.027785528300456], [-118.42624189934902, 34.02777299920221], [-118.42622683833763, 34.02687294852965]]]}}, {"type": "Feature", "properties": {"tile_id": 759, "average_temperature": 18.644}, "geometry": {"type": "Polygon", "coordinates": [[[-118.42514638205913, 34.02688547720595], [-118.42406592511337, 34.02689799639337], [-118.42408096332423, 34.027798047909485], [-118.42516143167026, 34.027785528300456], [-118.42514638205913, 34.02688547720595]]]}}, {"type": "Feature", "properties": {"tile_id": 760, "average_temperature": 18.648}, "geometry": {"type": "Polygon", "coordinates": [[[-118.42406592511337, 34.02689799639337], [-118.4229854675009, 34.02691050609187], [-118.42300049431144, 34.02781055802927], [-118.42408096332423, 34.027798047909485], [-118.42406592511337, 34.02689799639337]]]}}, {"type": "Feature", "properties": {"tile_id": 761, "average_temperature": 18.6488}, "geometry": {"type": "Polygon", "coordinates": [[[-118.4229854675009, 34.02691050609187], [-118.42190500922217, 34.02692300630145], [-118.42192002463243, 34.02782305865981], [-118.42300049431144, 34.02781055802927], [-118.4229854675009, 34.02691050609187]]]}}, {"type": "Feature", "properties": {"tile_id": 762, "average_temperature": 18.6472}, "geometry": {"type": "Polygon", "coordinates": [[[-118.42190500922217, 34.02692300630145], [-118.42082455027776, 34.02693549702207], [-118.42083955428765, 34.0278355498011], [-118.42192002463243, 34.02782305865981], [-118.42190500922217, 34.02692300630145]]]}}, {"type": "Feature", "properties": {"tile_id": 763, "average_temperature": 18.6435}, "geometry": {"type": "Polygon", "coordinates": [[[-118.42082455027776, 34.02693549702207], [-118.41974409066812, 34.02694797825374], [-118.41975908327764, 34.02784803145309], [-118.42083955428765, 34.0278355498011], [-118.42082455027776, 34.02693549702207]]]}}, {"type": "Feature", "properties": {"tile_id": 764, "average_temperature": 18.6383}, "geometry": {"type": "Polygon", "coordinates": [[[-118.41974409066812, 34.02694797825374], [-118.4186636303938, 34.026960449996395], [-118.41867861160286, 34.02786050361576], [-118.41975908327764, 34.02784803145309], [-118.41974409066812, 34.02694797825374]]]}}, {"type": "Feature", "properties": {"tile_id": 765, "average_temperature": 18.6321}, "geometry": {"type": "Polygon", "coordinates": [[[-118.4186636303938, 34.026960449996395], [-118.41758316945524, 34.02697291225005], [-118.41759813926387, 34.02787296628911], [-118.41867861160286, 34.02786050361576], [-118.4186636303938, 34.026960449996395]]]}}, {"type": "Feature", "properties": {"tile_id": 766, "average_temperature": 18.6255}, "geometry": {"type": "Polygon", "coordinates": [[[-118.41758316945524, 34.02697291225005], [-118.416502707853, 34.02698536501469], [-118.41651766626117, 34.02788541947312], [-118.41759813926387, 34.02787296628911], [-118.41758316945524, 34.02697291225005]]]}}, {"type": "Feature", "properties": {"tile_id": 767, "average_temperature": 18.6189}, "geometry": {"type": "Polygon", "coordinates": [[[-118.416502707853, 34.02698536501469], [-118.41542224558755, 34.026997808290275], [-118.41543719259522, 34.027897863167766], [-118.41651766626117, 34.02788541947312], [-118.416502707853, 34.02698536501469]]]}}, {"type": "Feature", "properties": {"tile_id": 768, "average_temperature": 18.6128}, "geometry": {"type": "Polygon", "coordinates": [[[-118.41542224558755, 34.026997808290275], [-118.41434178265942, 34.02701024207679], [-118.41435671826659, 34.02791029737302], [-118.41543719259522, 34.027897863167766], [-118.41542224558755, 34.026997808290275]]]}}, {"type": "Feature", "properties": {"tile_id": 769, "average_temperature": 18.6075}, "geometry": {"type": "Polygon", "coordinates": [[[-118.41434178265942, 34.02701024207679], [-118.41326131906914, 34.02702266637423], [-118.4132762432757, 34.027922722088874], [-118.41435671826659, 34.02791029737302], [-118.41434178265942, 34.02701024207679]]]}}, {"type": "Feature", "properties": {"tile_id": 770, "average_temperature": 18.6032}, "geometry": {"type": "Polygon", "coordinates": [[[-118.41326131906914, 34.02702266637423], [-118.41218085481715, 34.02703508118257], [-118.41219576762315, 34.027935137315296], [-118.4132762432757, 34.027922722088874], [-118.41326131906914, 34.02702266637423]]]}}, {"type": "Feature", "properties": {"tile_id": 771, "average_temperature": 18.6002}, "geometry": {"type": "Polygon", "coordinates": [[[-118.41218085481715, 34.02703508118257], [-118.41110038990398, 34.02704748650177], [-118.41111529130939, 34.027947543052285], [-118.41219576762315, 34.027935137315296], [-118.41218085481715, 34.02703508118257]]]}}, {"type": "Feature", "properties": {"tile_id": 772, "average_temperature": 18.5986}, "geometry": {"type": "Polygon", "coordinates": [[[-118.41110038990398, 34.02704748650177], [-118.41001992433017, 34.02705988233183], [-118.41003481433492, 34.027959939299805], [-118.41111529130939, 34.027947543052285], [-118.41110038990398, 34.02704748650177]]]}}, {"type": "Feature", "properties": {"tile_id": 773, "average_temperature": 18.5987}, "geometry": {"type": "Polygon", "coordinates": [[[-118.41001992433017, 34.02705988233183], [-118.4089394580962, 34.02707226867273], [-118.40895433670029, 34.02797232605784], [-118.41003481433492, 34.027959939299805], [-118.41001992433017, 34.02705988233183]]]}}, {"type": "Feature", "properties": {"tile_id": 774, "average_temperature": 18.6008}, "geometry": {"type": "Polygon", "coordinates": [[[-118.4089394580962, 34.02707226867273], [-118.40785899120256, 34.02708464552445], [-118.40787385840594, 34.02798470332638], [-118.40895433670029, 34.02797232605784], [-118.4089394580962, 34.02707226867273]]]}}, {"type": "Feature", "properties": {"tile_id": 775, "average_temperature": 18.6049}, "geometry": {"type": "Polygon", "coordinates": [[[-118.40785899120256, 34.02708464552445], [-118.40677852364975, 34.027097012886976], [-118.40679337945242, 34.0279970711054], [-118.40787385840594, 34.02798470332638], [-118.40785899120256, 34.02708464552445]]]}}, {"type": "Feature", "properties": {"tile_id": 776, "average_temperature": 18.6114}, "geometry": {"type": "Polygon", "coordinates": [[[-118.40677852364975, 34.027097012886976], [-118.40569805543832, 34.02710937076028], [-118.40571289984024, 34.02800942939488], [-118.40679337945242, 34.0279970711054], [-118.40677852364975, 34.027097012886976]]]}}, {"type": "Feature", "properties": {"tile_id": 777, "average_temperature": 18.6205}, "geometry": {"type": "Polygon", "coordinates": [[[-118.40569805543832, 34.02710937076028], [-118.40461758656873, 34.02712171914435], [-118.40463241956988, 34.02802177819481], [-118.40571289984024, 34.02800942939488], [-118.40569805543832, 34.02710937076028]]]}}, {"type": "Feature", "properties": {"tile_id": 778, "average_temperature": 18.6322}, "geometry": {"type": "Polygon", "coordinates": [[[-118.40461758656873, 34.02712171914435], [-118.40353711704154, 34.027134058039145], [-118.40355193864184, 34.02803411750516], [-118.40463241956988, 34.02802177819481], [-118.40461758656873, 34.02712171914435]]]}}, {"type": "Feature", "properties": {"tile_id": 779, "average_temperature": 18.6462}, "geometry": {"type": "Polygon", "coordinates": [[[-118.40353711704154, 34.027134058039145], [-118.4024566468572, 34.027146387444674], [-118.40247145705669, 34.0280464473259], [-118.40355193864184, 34.02803411750516], [-118.40353711704154, 34.027134058039145]]]}}, {"type": "Feature", "properties": {"tile_id": 780, "average_temperature": 18.6617}, "geometry": {"type": "Polygon", "coordinates": [[[-118.4024566468572, 34.027146387444674], [-118.40137617601623, 34.0271587073609], [-118.40139097481483, 34.02805876765703], [-118.40247145705669, 34.0280464473259], [-118.4024566468572, 34.027146387444674]]]}}, {"type": "Feature", "properties": {"tile_id": 781, "average_temperature": 18.6783}, "geometry": {"type": "Polygon", "coordinates": [[[-118.40137617601623, 34.0271587073609], [-118.40029570451912, 34.027171017787815], [-118.40031049191687, 34.02807107849853], [-118.40139097481483, 34.02805876765703], [-118.40137617601623, 34.0271587073609]]]}}, {"type": "Feature", "properties": {"tile_id": 782, "average_temperature": 18.6953}, "geometry": {"type": "Polygon", "coordinates": [[[-118.40029570451912, 34.027171017787815], [-118.39921523236643, 34.0271833187254], [-118.39923000836323, 34.028083379850365], [-118.40031049191687, 34.02807107849853], [-118.40029570451912, 34.027171017787815]]]}}, {"type": "Feature", "properties": {"tile_id": 783, "average_temperature": 18.7123}, "geometry": {"type": "Polygon", "coordinates": [[[-118.39921523236643, 34.0271833187254], [-118.39813475955862, 34.02719561017363], [-118.39814952415446, 34.02809567171255], [-118.39923000836323, 34.028083379850365], [-118.39921523236643, 34.0271833187254]]]}}, {"type": "Feature", "properties": {"tile_id": 784, "average_temperature": 18.7286}, "geometry": {"type": "Polygon", "coordinates": [[[-118.39813475955862, 34.02719561017363], [-118.3970542860962, 34.02720789213247], [-118.39706903929107, 34.02810795408502], [-118.39814952415446, 34.02809567171255], [-118.39813475955862, 34.02719561017363]]]}}, {"type": "Feature", "properties": {"tile_id": 785, "average_temperature": 18.7437}, "geometry": {"type": "Polygon", "coordinates": [[[-118.3970542860962, 34.02720789213247], [-118.39597381197967, 34.027220164601935], [-118.39598855377355, 34.028120226967786], [-118.39706903929107, 34.02810795408502], [-118.3970542860962, 34.02720789213247]]]}}, {"type": "Feature", "properties": {"tile_id": 786, "average_temperature": 18.7569}, "geometry": {"type": "Polygon", "coordinates": [[[-118.39597381197967, 34.027220164601935], [-118.39489333720955, 34.027232427581986], [-118.39490806760242, 34.028132490360825], [-118.39598855377355, 34.028120226967786], [-118.39597381197967, 34.027220164601935]]]}}, {"type": "Feature", "properties": {"tile_id": 787, "average_temperature": 18.7678}, "geometry": {"type": "Polygon", "coordinates": [[[-118.39489333720955, 34.027232427581986], [-118.39381286178636, 34.02724468107261], [-118.39382758077815, 34.02814474426411], [-118.39490806760242, 34.028132490360825], [-118.39489333720955, 34.027232427581986]]]}}, {"type": "Feature", "properties": {"tile_id": 788, "average_temperature": 18.7759}, "geometry": {"type": "Polygon", "coordinates": [[[-118.39381286178636, 34.02724468107261], [-118.39273238571057, 34.027256925073786], [-118.39274709330128, 34.02815698867763], [-118.39382758077815, 34.02814474426411], [-118.39381286178636, 34.02724468107261]]]}}, {"type": "Feature", "properties": {"tile_id": 789, "average_temperature": 18.7813}, "geometry": {"type": "Polygon", "coordinates": [[[-118.39273238571057, 34.027256925073786], [-118.39165190898271, 34.027269159585494], [-118.39166660517232, 34.028169223601374], [-118.39274709330128, 34.02815698867763], [-118.39273238571057, 34.027256925073786]]]}}, {"type": "Feature", "properties": {"tile_id": 790, "average_temperature": 18.7843}, "geometry": {"type": "Polygon", "coordinates": [[[-118.39165190898271, 34.027269159585494], [-118.39057143160329, 34.027281384607704], [-118.39058611639173, 34.02818144903529], [-118.39166660517232, 34.028169223601374], [-118.39165190898271, 34.027269159585494]]]}}, {"type": "Feature", "properties": {"tile_id": 791, "average_temperature": 18.3826}, "geometry": {"type": "Polygon", "coordinates": [[[-118.45001201844204, 34.02749495831017], [-118.44893156557082, 34.0275076961661], [-118.44894686665977, 34.02840773776633], [-118.45002733093108, 34.028394999481435], [-118.45001201844204, 34.02749495831017]]]}}, {"type": "Feature", "properties": {"tile_id": 792, "average_temperature": 18.3738}, "geometry": {"type": "Polygon", "coordinates": [[[-118.44893156557082, 34.0275076961661], [-118.44785111202125, 34.02752042453326], [-118.44786640171006, 34.02842046656213], [-118.44894686665977, 34.02840773776633], [-118.44893156557082, 34.0275076961661]]]}}, {"type": "Feature", "properties": {"tile_id": 793, "average_temperature": 18.3651}, "geometry": {"type": "Polygon", "coordinates": [[[-118.44785111202125, 34.02752042453326], [-118.44677065779383, 34.02753314341161], [-118.44678593608245, 34.028433185868806], [-118.44786640171006, 34.02842046656213], [-118.44785111202125, 34.02752042453326]]]}}, {"type": "Feature", "properties": {"tile_id": 794, "average_temperature": 18.3572}, "geometry": {"type": "Polygon", "coordinates": [[[-118.44677065779383, 34.02753314341161], [-118.44569020288903, 34.02754585280113], [-118.44570546977744, 34.02844589568635], [-118.44678593608245, 34.028433185868806], [-118.44677065779383, 34.02753314341161]]]}}, {"type": "Feature", "properties": {"tile_id": 795, "average_temperature": 18.3505}, "geometry": {"type": "Polygon", "coordinates": [[[-118.44569020288903, 34.02754585280113], [-118.44460974730737, 34.02755855270183], [-118.44462500279556, 34.02845859601473], [-118.44570546977744, 34.02844589568635], [-118.44569020288903, 34.02754585280113]]]}}, {"type": "Feature", "properties": {"tile_id": 796, "average_temperature": 18.3455}, "geometry": {"type": "Polygon", "coordinates": [[[-118.44460974730737, 34.02755855270183], [-118.44352929104934, 34.02757124311367], [-118.44354453513726, 34.028471286853936], [-118.44462500279556, 34.02845859601473], [-118.44460974730737, 34.02755855270183]]]}}, {"type": "Feature", "properties": {"tile_id": 797, "average_temperature": 18.3426}, "geometry": {"type": "Polygon", "coordinates": [[[-118.44352929104934, 34.02757124311367], [-118.44244883411548, 34.02758392403662], [-118.44246406680311, 34.028483968203936], [-118.44354453513726, 34.028471286853936], [-118.44352929104934, 34.02757124311367]]]}}, {"type": "Feature", "properties": {"tile_id": 798, "average_temperature": 18.3424}, "geometry": {"type": "Polygon", "coordinates": [[[-118.44244883411548, 34.02758392403662], [-118.44136837650628, 34.027596595470676], [-118.44138359779359, 34.02849664006473], [-118.44246406680311, 34.028483968203936], [-118.44244883411548, 34.02758392403662]]]}}, {"type": "Feature", "properties": {"tile_id": 799, "average_temperature": 18.3454}, "geometry": {"type": "Polygon", "coordinates": [[[-118.44136837650628, 34.027596595470676], [-118.44028791822223, 34.02760925741581], [-118.44030312810916, 34.028509302436284], [-118.44138359779359, 34.02849664006473], [-118.44136837650628, 34.027596595470676]]]}}, {"type": "Feature", "properties": {"tile_id": 800, "average_temperature": 18.352}, "geometry": {"type": "Polygon", "coordinates": [[[-118.44028791822223, 34.02760925741581], [-118.43920745926383, 34.027621909872025], [-118.43922265775042, 34.028521955318574], [-118.44030312810916, 34.028509302436284], [-118.44028791822223, 34.02760925741581]]]}}, {"type": "Feature", "properties": {"tile_id": 801, "average_temperature": 18.3629}, "geometry": {"type": "Polygon", "coordinates": [[[-118.43920745926383, 34.027621909872025], [-118.43812699963162, 34.02763455283927], [-118.43814218671778, 34.028534598711595], [-118.43922265775042, 34.028521955318574], [-118.43920745926383, 34.027621909872025]]]}}, {"type": "Feature", "properties": {"tile_id": 802, "average_temperature": 18.3785}, "geometry": {"type": "Polygon", "coordinates": [[[-118.43812699963162, 34.02763455283927], [-118.43704653932608, 34.02764718631754], [-118.43706171501181, 34.02854723261532], [-118.43814218671778, 34.028534598711595], [-118.43812699963162, 34.02763455283927]]]}}, {"type": "Feature", "properties": {"tile_id": 803, "average_temperature": 18.3985}, "geometry": {"type": "Polygon", "coordinates": [[[-118.43704653932608, 34.02764718631754], [-118.43596607834773, 34.02765981030681], [-118.43598124263302, 34.02855985702973], [-118.43706171501181, 34.02854723261532], [-118.43704653932608, 34.02764718631754]]]}}, {"type": "Feature", "properties": {"tile_id": 804, "average_temperature": 18.4221}, "geometry": {"type": "Polygon", "coordinates": [[[-118.43596607834773, 34.02765981030681], [-118.43488561669704, 34.02767242480707], [-118.43490076958184, 34.02857247195479], [-118.43598124263302, 34.02855985702973], [-118.43596607834773, 34.02765981030681]]]}}, {"type": "Feature", "properties": {"tile_id": 805, "average_temperature": 18.4483}, "geometry": {"type": "Polygon", "coordinates": [[[-118.43488561669704, 34.02767242480707], [-118.43380515437458, 34.02768502981829], [-118.43382029585884, 34.02858507739051], [-118.43490076958184, 34.02857247195479], [-118.43488561669704, 34.02767242480707]]]}}, {"type": "Feature", "properties": {"tile_id": 806, "average_temperature": 18.4761}, "geometry": {"type": "Polygon", "coordinates": [[[-118.43380515437458, 34.02768502981829], [-118.4327246913808, 34.02769762534045], [-118.43273982146451, 34.02859767333684], [-118.43382029585884, 34.02858507739051], [-118.43380515437458, 34.02768502981829]]]}}, {"type": "Feature", "properties": {"tile_id": 807, "average_temperature": 18.5045}, "geometry": {"type": "Polygon", "coordinates": [[[-118.4327246913808, 34.02769762534045], [-118.43164422771622, 34.02771021137355], [-118.43165934639936, 34.028610259793794], [-118.43273982146451, 34.02859767333684], [-118.4327246913808, 34.02769762534045]]]}}, {"type": "Feature", "properties": {"tile_id": 808, "average_temperature": 18.5326}, "geometry": {"type": "Polygon", "coordinates": [[[-118.43164422771622, 34.02771021137355], [-118.43056376338134, 34.02772278791755], [-118.43057887066388, 34.028622836761336], [-118.43165934639936, 34.028610259793794], [-118.43164422771622, 34.02771021137355]]]}}, {"type": "Feature", "properties": {"tile_id": 809, "average_temperature": 18.5593}, "geometry": {"type": "Polygon", "coordinates": [[[-118.43056376338134, 34.02772278791755], [-118.42948329837667, 34.027735354972435], [-118.42949839425857, 34.02863540423943], [-118.43057887066388, 34.028622836761336], [-118.43056376338134, 34.02772278791755]]]}}, {"type": "Feature", "properties": {"tile_id": 810, "average_temperature": 18.5837}, "geometry": {"type": "Polygon", "coordinates": [[[-118.42948329837667, 34.027735354972435], [-118.42840283270273, 34.02774791253819], [-118.42841791718396, 34.028647962228085], [-118.42949839425857, 34.02863540423943], [-118.42948329837667, 34.027735354972435]]]}}, {"type": "Feature", "properties": {"tile_id": 811, "average_temperature": 18.6048}, "geometry": {"type": "Polygon", "coordinates": [[[-118.42840283270273, 34.02774791253819], [-118.42732236636002, 34.027760460614786], [-118.42733743944056, 34.02866051072726], [-118.42841791718396, 34.028647962228085], [-118.42840283270273, 34.02774791253819]]]}}, {"type": "Feature", "properties": {"tile_id": 812, "average_temperature": 18.6215}, "geometry": {"type": "Polygon", "coordinates": [[[-118.42732236636002, 34.027760460614786], [-118.42624189934902, 34.02777299920221], [-118.42625696102884, 34.028673049736945], [-118.42733743944056, 34.02866051072726], [-118.42732236636002, 34.027760460614786]]]}}, {"type": "Feature", "properties": {"tile_id": 813, "average_temperature": 18.6335}, "geometry": {"type": "Polygon", "coordinates": [[[-118.42624189934902, 34.02777299920221], [-118.42516143167026, 34.027785528300456], [-118.42517648194932, 34.02868557925713], [-118.42625696102884, 34.028673049736945], [-118.42624189934902, 34.02777299920221]]]}}, {"type": "Feature", "properties": {"tile_id": 814, "average_temperature": 18.6412}, "geometry": {"type": "Polygon", "coordinates": [[[-118.42516143167026, 34.027785528300456], [-118.42408096332423, 34.027798047909485], [-118.42409600220252, 34.028698099287766], [-118.42517648194932, 34.02868557925713], [-118.42516143167026, 34.027785528300456]]]}}, {"type": "Feature", "properties": {"tile_id": 815, "average_temperature": 18.6451}, "geometry": {"type": "Polygon", "coordinates": [[[-118.42408096332423, 34.027798047909485], [-118.42300049431144, 34.02781055802927], [-118.42301552178895, 34.02871060982886], [-118.42409600220252, 34.028698099287766], [-118.42408096332423, 34.027798047909485]]]}}, {"type": "Feature", "properties": {"tile_id": 816, "average_temperature": 18.6459}, "geometry": {"type": "Polygon", "coordinates": [[[-118.42300049431144, 34.02781055802927], [-118.42192002463243, 34.02782305865981], [-118.42193504070907, 34.028723110880385], [-118.42301552178895, 34.02871060982886], [-118.42300049431144, 34.02781055802927]]]}}, {"type": "Feature", "properties": {"tile_id": 817, "average_temperature": 18.6441}, "geometry": {"type": "Polygon", "coordinates": [[[-118.42192002463243, 34.02782305865981], [-118.42083955428765, 34.0278355498011], [-118.42085455896343, 34.02873560244233], [-118.42193504070907, 34.028723110880385], [-118.42192002463243, 34.02782305865981]]]}}, {"type": "Feature", "properties": {"tile_id": 818, "average_temperature": 18.6402}, "geometry": {"type": "Polygon", "coordinates": [[[-118.42083955428765, 34.0278355498011], [-118.41975908327764, 34.02784803145309], [-118.41977407655253, 34.02874808451465], [-118.42085455896343, 34.02873560244233], [-118.42083955428765, 34.0278355498011]]]}}, {"type": "Feature", "properties": {"tile_id": 819, "average_temperature": 18.6348}, "geometry": {"type": "Polygon", "coordinates": [[[-118.41975908327764, 34.02784803145309], [-118.41867861160286, 34.02786050361576], [-118.41869359347686, 34.028760557097364], [-118.41977407655253, 34.02874808451465], [-118.41975908327764, 34.02784803145309]]]}}, {"type": "Feature", "properties": {"tile_id": 820, "average_temperature": 18.6285}, "geometry": {"type": "Polygon", "coordinates": [[[-118.41867861160286, 34.02786050361576], [-118.41759813926387, 34.02787296628911], [-118.4176131097369, 34.02877302019042], [-118.41869359347686, 34.028760557097364], [-118.41867861160286, 34.02786050361576]]]}}, {"type": "Feature", "properties": {"tile_id": 821, "average_temperature": 18.6219}, "geometry": {"type": "Polygon", "coordinates": [[[-118.41759813926387, 34.02787296628911], [-118.41651766626117, 34.02788541947312], [-118.41653262533322, 34.028785473793796], [-118.4176131097369, 34.02877302019042], [-118.41759813926387, 34.02787296628911]]]}}, {"type": "Feature", "properties": {"tile_id": 822, "average_temperature": 18.6155}, "geometry": {"type": "Polygon", "coordinates": [[[-118.41651766626117, 34.02788541947312], [-118.41543719259522, 34.027897863167766], [-118.41545214026627, 34.0287979179075], [-118.41653262533322, 34.028785473793796], [-118.41651766626117, 34.02788541947312]]]}}, {"type": "Feature", "properties": {"tile_id": 823, "average_temperature": 18.6098}, "geometry": {"type": "Polygon", "coordinates": [[[-118.41543719259522, 34.027897863167766], [-118.41435671826659, 34.02791029737302], [-118.4143716545366, 34.0288103525315], [-118.41545214026627, 34.0287979179075], [-118.41543719259522, 34.027897863167766]]]}}, {"type": "Feature", "properties": {"tile_id": 824, "average_temperature": 18.6051}, "geometry": {"type": "Polygon", "coordinates": [[[-118.41435671826659, 34.02791029737302], [-118.4132762432757, 34.027922722088874], [-118.41329116814468, 34.02882277766578], [-118.4143716545366, 34.0288103525315], [-118.41435671826659, 34.02791029737302]]]}}, {"type": "Feature", "properties": {"tile_id": 825, "average_temperature": 18.6016}, "geometry": {"type": "Polygon", "coordinates": [[[-118.4132762432757, 34.027922722088874], [-118.41219576762315, 34.027935137315296], [-118.41221068109103, 34.02883519331031], [-118.41329116814468, 34.02882277766578], [-118.4132762432757, 34.027922722088874]]]}}, {"type": "Feature", "properties": {"tile_id": 826, "average_temperature": 18.5993}, "geometry": {"type": "Polygon", "coordinates": [[[-118.41219576762315, 34.027935137315296], [-118.41111529130939, 34.027947543052285], [-118.41113019337615, 34.02884759946509], [-118.41221068109103, 34.02883519331031], [-118.41219576762315, 34.027935137315296]]]}}, {"type": "Feature", "properties": {"tile_id": 827, "average_temperature": 18.5986}, "geometry": {"type": "Polygon", "coordinates": [[[-118.41111529130939, 34.027947543052285], [-118.41003481433492, 34.027959939299805], [-118.41004970500053, 34.02885999613007], [-118.41113019337615, 34.02884759946509], [-118.41111529130939, 34.027947543052285]]]}}, {"type": "Feature", "properties": {"tile_id": 828, "average_temperature": 18.5995}, "geometry": {"type": "Polygon", "coordinates": [[[-118.41003481433492, 34.027959939299805], [-118.40895433670029, 34.02797232605784], [-118.4089692159647, 34.02887238330525], [-118.41004970500053, 34.02885999613007], [-118.41003481433492, 34.027959939299805]]]}}, {"type": "Feature", "properties": {"tile_id": 829, "average_temperature": 18.6023}, "geometry": {"type": "Polygon", "coordinates": [[[-118.40895433670029, 34.02797232605784], [-118.40787385840594, 34.02798470332638], [-118.40788872626916, 34.02888476099062], [-118.4089692159647, 34.02887238330525], [-118.40895433670029, 34.02797232605784]]]}}, {"type": "Feature", "properties": {"tile_id": 830, "average_temperature": 18.6071}, "geometry": {"type": "Polygon", "coordinates": [[[-118.40787385840594, 34.02798470332638], [-118.40679337945242, 34.0279970711054], [-118.40680823591443, 34.02889712918615], [-118.40788872626916, 34.02888476099062], [-118.40787385840594, 34.02798470332638]]]}}, {"type": "Feature", "properties": {"tile_id": 831, "average_temperature": 18.6141}, "geometry": {"type": "Polygon", "coordinates": [[[-118.40679337945242, 34.0279970711054], [-118.40571289984024, 34.02800942939488], [-118.40572774490099, 34.028909487891816], [-118.40680823591443, 34.02889712918615], [-118.40679337945242, 34.0279970711054]]]}}, {"type": "Feature", "properties": {"tile_id": 832, "average_temperature": 18.6234}, "geometry": {"type": "Polygon", "coordinates": [[[-118.40571289984024, 34.02800942939488], [-118.40463241956988, 34.02802177819481], [-118.40464725322934, 34.02892183710761], [-118.40572774490099, 34.028909487891816], [-118.40571289984024, 34.02800942939488]]]}}, {"type": "Feature", "properties": {"tile_id": 833, "average_temperature": 18.6351}, "geometry": {"type": "Polygon", "coordinates": [[[-118.40463241956988, 34.02802177819481], [-118.40355193864184, 34.02803411750516], [-118.40356676089999, 34.0289341768335], [-118.40464725322934, 34.02892183710761], [-118.40463241956988, 34.02802177819481]]]}}, {"type": "Feature", "properties": {"tile_id": 834, "average_temperature": 18.6489}, "geometry": {"type": "Polygon", "coordinates": [[[-118.40355193864184, 34.02803411750516], [-118.40247145705669, 34.0280464473259], [-118.40248626791349, 34.02894650706948], [-118.40356676089999, 34.0289341768335], [-118.40355193864184, 34.02803411750516]]]}}, {"type": "Feature", "properties": {"tile_id": 835, "average_temperature": 18.6641}, "geometry": {"type": "Polygon", "coordinates": [[[-118.40247145705669, 34.0280464473259], [-118.40139097481483, 34.02805876765703], [-118.40140577427029, 34.02895882781553], [-118.40248626791349, 34.02894650706948], [-118.40247145705669, 34.0280464473259]]]}}, {"type": "Feature", "properties": {"tile_id": 836, "average_temperature": 18.6802}, "geometry": {"type": "Polygon", "coordinates": [[[-118.40139097481483, 34.02805876765703], [-118.40031049191687, 34.02807107849853], [-118.4003252799709, 34.02897113907162], [-118.40140577427029, 34.02895882781553], [-118.40139097481483, 34.02805876765703]]]}}, {"type": "Feature", "properties": {"tile_id": 837, "average_temperature": 18.6967}, "geometry": {"type": "Polygon", "coordinates": [[[-118.40031049191687, 34.02807107849853], [-118.39923000836323, 34.028083379850365], [-118.39924478501585, 34.028983440837735], [-118.4003252799709, 34.02897113907162], [-118.40031049191687, 34.02807107849853]]]}}, {"type": "Feature", "properties": {"tile_id": 838, "average_temperature": 18.7131}, "geometry": {"type": "Polygon", "coordinates": [[[-118.39923000836323, 34.028083379850365], [-118.39814952415446, 34.02809567171255], [-118.39816428940563, 34.02899573311386], [-118.39924478501585, 34.028983440837735], [-118.39923000836323, 34.028083379850365]]]}}, {"type": "Feature", "properties": {"tile_id": 839, "average_temperature": 18.7289}, "geometry": {"type": "Polygon", "coordinates": [[[-118.39814952415446, 34.02809567171255], [-118.39706903929107, 34.02810795408502], [-118.39708379314075, 34.02900801589997], [-118.39816428940563, 34.02899573311386], [-118.39814952415446, 34.02809567171255]]]}}, {"type": "Feature", "properties": {"tile_id": 840, "average_temperature": 18.7434}, "geometry": {"type": "Polygon", "coordinates": [[[-118.39706903929107, 34.02810795408502], [-118.39598855377355, 34.028120226967786], [-118.39600329622174, 34.02902028919605], [-118.39708379314075, 34.02900801589997], [-118.39706903929107, 34.02810795408502]]]}}, {"type": "Feature", "properties": {"tile_id": 841, "average_temperature": 18.7562}, "geometry": {"type": "Polygon", "coordinates": [[[-118.39598855377355, 34.028120226967786], [-118.39490806760242, 34.028132490360825], [-118.39492279864905, 34.02903255300208], [-118.39600329622174, 34.02902028919605], [-118.39598855377355, 34.028120226967786]]]}}, {"type": "Feature", "properties": {"tile_id": 842, "average_temperature": 18.7668}, "geometry": {"type": "Polygon", "coordinates": [[[-118.39490806760242, 34.028132490360825], [-118.39382758077815, 34.02814474426411], [-118.39384230042323, 34.02904480731803], [-118.39492279864905, 34.02903255300208], [-118.39490806760242, 34.028132490360825]]]}}, {"type": "Feature", "properties": {"tile_id": 843, "average_temperature": 18.7747}, "geometry": {"type": "Polygon", "coordinates": [[[-118.39382758077815, 34.02814474426411], [-118.39274709330128, 34.02815698867763], [-118.39276180154475, 34.02905705214391], [-118.39384230042323, 34.02904480731803], [-118.39382758077815, 34.02814474426411]]]}}, {"type": "Feature", "properties": {"tile_id": 844, "average_temperature": 18.7801}, "geometry": {"type": "Polygon", "coordinates": [[[-118.39274709330128, 34.02815698867763], [-118.39166660517232, 34.028169223601374], [-118.39168130201415, 34.02906928747968], [-118.39276180154475, 34.02905705214391], [-118.39274709330128, 34.02815698867763]]]}}, {"type": "Feature", "properties": {"tile_id": 845, "average_temperature": 18.7832}, "geometry": {"type": "Polygon", "coordinates": [[[-118.39166660517232, 34.028169223601374], [-118.39058611639173, 34.02818144903529], [-118.39060080183192, 34.029081513325316], [-118.39168130201415, 34.02906928747968], [-118.39166660517232, 34.028169223601374]]]}}, {"type": "Feature", "properties": {"tile_id": 846, "average_temperature": 18.7844}, "geometry": {"type": "Polygon", "coordinates": [[[-118.39058611639173, 34.02818144903529], [-118.38950562696004, 34.02819366497939], [-118.38952030099856, 34.02909372968082], [-118.39060080183192, 34.029081513325316], [-118.39058611639173, 34.02818144903529]]]}}, {"type": "Feature", "properties": {"tile_id": 847, "average_temperature": 18.7842}, "geometry": {"type": "Polygon", "coordinates": [[[-118.38950562696004, 34.02819366497939], [-118.38842513687779, 34.02820587143365], [-118.3884397995146, 34.02910593654614], [-118.38952030099856, 34.02909372968082], [-118.38950562696004, 34.02819366497939]]]}}, {"type": "Feature", "properties": {"tile_id": 848, "average_temperature": 18.3824}, "geometry": {"type": "Polygon", "coordinates": [[[-118.45002733093108, 34.028394999481435], [-118.44894686665977, 34.02840773776633], [-118.4489621684278, 34.02930777922854], [-118.45004264409975, 34.02929504051467], [-118.45002733093108, 34.028394999481435]]]}}, {"type": "Feature", "properties": {"tile_id": 849, "average_temperature": 18.372}, "geometry": {"type": "Polygon", "coordinates": [[[-118.44894686665977, 34.02840773776633], [-118.44786640171006, 34.02842046656213], [-118.44788169207743, 34.029320508453], [-118.4489621684278, 34.02930777922854], [-118.44894686665977, 34.02840773776633]]]}}, {"type": "Feature", "properties": {"tile_id": 850, "average_temperature": 18.3617}, "geometry": {"type": "Polygon", "coordinates": [[[-118.44786640171006, 34.02842046656213], [-118.44678593608245, 34.028433185868806], [-118.44680121504913, 34.02933322818801], [-118.44788169207743, 34.029320508453], [-118.44786640171006, 34.02842046656213]]]}}, {"type": "Feature", "properties": {"tile_id": 851, "average_temperature": 18.3521}, "geometry": {"type": "Polygon", "coordinates": [[[-118.44678593608245, 34.028433185868806], [-118.44570546977744, 34.02844589568635], [-118.44572073734342, 34.029345938433565], [-118.44680121504913, 34.02933322818801], [-118.44678593608245, 34.028433185868806]]]}}, {"type": "Feature", "properties": {"tile_id": 852, "average_temperature": 18.3437}, "geometry": {"type": "Polygon", "coordinates": [[[-118.44570546977744, 34.02844589568635], [-118.44462500279556, 34.02845859601473], [-118.4446402589608, 34.029358639189645], [-118.44572073734342, 34.029345938433565], [-118.44570546977744, 34.02844589568635]]]}}, {"type": "Feature", "properties": {"tile_id": 853, "average_temperature": 18.337}, "geometry": {"type": "Polygon", "coordinates": [[[-118.44462500279556, 34.02845859601473], [-118.44354453513726, 34.028471286853936], [-118.44355977990175, 34.02937133045622], [-118.4446402589608, 34.029358639189645], [-118.44462500279556, 34.02845859601473]]]}}, {"type": "Feature", "properties": {"tile_id": 854, "average_temperature": 18.3326}, "geometry": {"type": "Polygon", "coordinates": [[[-118.44354453513726, 34.028471286853936], [-118.44246406680311, 34.028483968203936], [-118.4424793001668, 34.02938401223329], [-118.44355977990175, 34.02937133045622], [-118.44354453513726, 34.028471286853936]]]}}, {"type": "Feature", "properties": {"tile_id": 855, "average_temperature": 18.3311}, "geometry": {"type": "Polygon", "coordinates": [[[-118.44246406680311, 34.028483968203936], [-118.44138359779359, 34.02849664006473], [-118.44139881975643, 34.02939668452082], [-118.4424793001668, 34.02938401223329], [-118.44246406680311, 34.028483968203936]]]}}, {"type": "Feature", "properties": {"tile_id": 856, "average_temperature": 18.333}, "geometry": {"type": "Polygon", "coordinates": [[[-118.44138359779359, 34.02849664006473], [-118.44030312810916, 34.028509302436284], [-118.44031833867119, 34.02940934731878], [-118.44139881975643, 34.02939668452082], [-118.44138359779359, 34.02849664006473]]]}}, {"type": "Feature", "properties": {"tile_id": 857, "average_temperature": 18.3389}, "geometry": {"type": "Polygon", "coordinates": [[[-118.44030312810916, 34.028509302436284], [-118.43922265775042, 34.028521955318574], [-118.43923785691153, 34.02942200062718], [-118.44031833867119, 34.02940934731878], [-118.44030312810916, 34.028509302436284]]]}}, {"type": "Feature", "properties": {"tile_id": 858, "average_temperature": 18.3493}, "geometry": {"type": "Polygon", "coordinates": [[[-118.43922265775042, 34.028521955318574], [-118.43814218671778, 34.028534598711595], [-118.438157374478, 34.02943464444597], [-118.43923785691153, 34.02942200062718], [-118.43922265775042, 34.028521955318574]]]}}, {"type": "Feature", "properties": {"tile_id": 859, "average_temperature": 18.3648}, "geometry": {"type": "Polygon", "coordinates": [[[-118.43814218671778, 34.028534598711595], [-118.43706171501181, 34.02854723261532], [-118.43707689137109, 34.02944727877516], [-118.438157374478, 34.02943464444597], [-118.43814218671778, 34.028534598711595]]]}}, {"type": "Feature", "properties": {"tile_id": 860, "average_temperature": 18.3852}, "geometry": {"type": "Polygon", "coordinates": [[[-118.43706171501181, 34.02854723261532], [-118.43598124263302, 34.02855985702973], [-118.43599640759129, 34.02945990361471], [-118.43707689137109, 34.02944727877516], [-118.43706171501181, 34.02854723261532]]]}}, {"type": "Feature", "properties": {"tile_id": 861, "average_temperature": 18.4095}, "geometry": {"type": "Polygon", "coordinates": [[[-118.43598124263302, 34.02855985702973], [-118.43490076958184, 34.02857247195479], [-118.43491592313913, 34.0294725189646], [-118.43599640759129, 34.02945990361471], [-118.43598124263302, 34.02855985702973]]]}}, {"type": "Feature", "properties": {"tile_id": 862, "average_temperature": 18.4367}, "geometry": {"type": "Polygon", "coordinates": [[[-118.43490076958184, 34.02857247195479], [-118.43382029585884, 34.02858507739051], [-118.43383543801511, 34.029485124824824], [-118.43491592313913, 34.0294725189646], [-118.43490076958184, 34.02857247195479]]]}}, {"type": "Feature", "properties": {"tile_id": 863, "average_temperature": 18.4656}, "geometry": {"type": "Polygon", "coordinates": [[[-118.43382029585884, 34.02858507739051], [-118.43273982146451, 34.02859767333684], [-118.43275495221974, 34.02949772119535], [-118.43383543801511, 34.029485124824824], [-118.43382029585884, 34.02858507739051]]]}}, {"type": "Feature", "properties": {"tile_id": 864, "average_temperature": 18.4953}, "geometry": {"type": "Polygon", "coordinates": [[[-118.43273982146451, 34.02859767333684], [-118.43165934639936, 34.028610259793794], [-118.4316744657535, 34.02951030807616], [-118.43275495221974, 34.02949772119535], [-118.43273982146451, 34.02859767333684]]]}}, {"type": "Feature", "properties": {"tile_id": 865, "average_temperature": 18.5247}, "geometry": {"type": "Polygon", "coordinates": [[[-118.43165934639936, 34.028610259793794], [-118.43057887066388, 34.028622836761336], [-118.4305939786169, 34.02952288546724], [-118.4316744657535, 34.02951030807616], [-118.43165934639936, 34.028610259793794]]]}}, {"type": "Feature", "properties": {"tile_id": 866, "average_temperature": 18.5527}, "geometry": {"type": "Polygon", "coordinates": [[[-118.43057887066388, 34.028622836761336], [-118.42949839425857, 34.02863540423943], [-118.42951349081045, 34.02953545336857], [-118.4305939786169, 34.02952288546724], [-118.43057887066388, 34.028622836761336]]]}}, {"type": "Feature", "properties": {"tile_id": 867, "average_temperature": 18.5782}, "geometry": {"type": "Polygon", "coordinates": [[[-118.42949839425857, 34.02863540423943], [-118.42841791718396, 34.028647962228085], [-118.42843300233469, 34.02954801178012], [-118.42951349081045, 34.02953545336857], [-118.42949839425857, 34.02863540423943]]]}}, {"type": "Feature", "properties": {"tile_id": 868, "average_temperature": 18.6003}, "geometry": {"type": "Polygon", "coordinates": [[[-118.42841791718396, 34.028647962228085], [-118.42733743944056, 34.02866051072726], [-118.42735251319009, 34.02956056070189], [-118.42843300233469, 34.02954801178012], [-118.42841791718396, 34.028647962228085]]]}}, {"type": "Feature", "properties": {"tile_id": 869, "average_temperature": 18.6178}, "geometry": {"type": "Polygon", "coordinates": [[[-118.42733743944056, 34.02866051072726], [-118.42625696102884, 34.028673049736945], [-118.42627202337714, 34.02957310013383], [-118.42735251319009, 34.02956056070189], [-118.42733743944056, 34.02866051072726]]]}}, {"type": "Feature", "properties": {"tile_id": 870, "average_temperature": 18.6303}, "geometry": {"type": "Polygon", "coordinates": [[[-118.42625696102884, 34.028673049736945], [-118.42517648194932, 34.02868557925713], [-118.42519153289636, 34.02958563007596], [-118.42627202337714, 34.02957310013383], [-118.42625696102884, 34.028673049736945]]]}}, {"type": "Feature", "properties": {"tile_id": 871, "average_temperature": 18.6383}, "geometry": {"type": "Polygon", "coordinates": [[[-118.42517648194932, 34.02868557925713], [-118.42409600220252, 34.028698099287766], [-118.42411104174828, 34.02959815052822], [-118.42519153289636, 34.02958563007596], [-118.42517648194932, 34.02868557925713]]]}}, {"type": "Feature", "properties": {"tile_id": 872, "average_temperature": 18.6423}, "geometry": {"type": "Polygon", "coordinates": [[[-118.42409600220252, 34.028698099287766], [-118.42301552178895, 34.02871060982886], [-118.42303054993339, 34.02961066149063], [-118.42411104174828, 34.02959815052822], [-118.42409600220252, 34.028698099287766]]]}}, {"type": "Feature", "properties": {"tile_id": 873, "average_temperature": 18.643}, "geometry": {"type": "Polygon", "coordinates": [[[-118.42301552178895, 34.02871060982886], [-118.42193504070907, 34.028723110880385], [-118.42195005745218, 34.029623162963155], [-118.42303054993339, 34.02961066149063], [-118.42301552178895, 34.02871060982886]]]}}, {"type": "Feature", "properties": {"tile_id": 874, "average_temperature": 18.6409}, "geometry": {"type": "Polygon", "coordinates": [[[-118.42193504070907, 34.028723110880385], [-118.42085455896343, 34.02873560244233], [-118.42086956430516, 34.02963565494576], [-118.42195005745218, 34.029623162963155], [-118.42193504070907, 34.028723110880385]]]}}, {"type": "Feature", "properties": {"tile_id": 875, "average_temperature": 18.6368}, "geometry": {"type": "Polygon", "coordinates": [[[-118.42085455896343, 34.02873560244233], [-118.41977407655253, 34.02874808451465], [-118.41978907049287, 34.02964813743843], [-118.42086956430516, 34.02963565494576], [-118.42085455896343, 34.02873560244233]]]}}, {"type": "Feature", "properties": {"tile_id": 876, "average_temperature": 18.6313}, "geometry": {"type": "Polygon", "coordinates": [[[-118.41977407655253, 34.02874808451465], [-118.41869359347686, 34.028760557097364], [-118.41870857601575, 34.02966061044117], [-118.41978907049287, 34.02964813743843], [-118.41977407655253, 34.02874808451465]]]}}, {"type": "Feature", "properties": {"tile_id": 877, "average_temperature": 18.6248}, "geometry": {"type": "Polygon", "coordinates": [[[-118.41869359347686, 34.028760557097364], [-118.4176131097369, 34.02877302019042], [-118.41762808087435, 34.02967307395393], [-118.41870857601575, 34.02966061044117], [-118.41869359347686, 34.028760557097364]]]}}, {"type": "Feature", "properties": {"tile_id": 878, "average_temperature": 18.6182}, "geometry": {"type": "Polygon", "coordinates": [[[-118.4176131097369, 34.02877302019042], [-118.41653262533322, 34.028785473793796], [-118.4165475850692, 34.02968552797672], [-118.41762808087435, 34.02967307395393], [-118.4176131097369, 34.02877302019042]]]}}, {"type": "Feature", "properties": {"tile_id": 879, "average_temperature": 18.612}, "geometry": {"type": "Polygon", "coordinates": [[[-118.41653262533322, 34.028785473793796], [-118.41545214026627, 34.0287979179075], [-118.41546708860074, 34.02969797250949], [-118.4165475850692, 34.02968552797672], [-118.41653262533322, 34.028785473793796]]]}}, {"type": "Feature", "properties": {"tile_id": 880, "average_temperature": 18.6067}, "geometry": {"type": "Polygon", "coordinates": [[[-118.41545214026627, 34.0287979179075], [-118.4143716545366, 34.0288103525315], [-118.41438659146951, 34.029710407552244], [-118.41546708860074, 34.02969797250949], [-118.41545214026627, 34.0287979179075]]]}}, {"type": "Feature", "properties": {"tile_id": 881, "average_temperature": 18.6025}, "geometry": {"type": "Polygon", "coordinates": [[[-118.4143716545366, 34.0288103525315], [-118.41329116814468, 34.02882277766578], [-118.41330609367604, 34.02972283310495], [-118.41438659146951, 34.029710407552244], [-118.4143716545366, 34.0288103525315]]]}}, {"type": "Feature", "properties": {"tile_id": 882, "average_temperature": 18.5995}, "geometry": {"type": "Polygon", "coordinates": [[[-118.41329116814468, 34.02882277766578], [-118.41221068109103, 34.02883519331031], [-118.41222559522079, 34.0297352491676], [-118.41330609367604, 34.02972283310495], [-118.41329116814468, 34.02882277766578]]]}}, {"type": "Feature", "properties": {"tile_id": 883, "average_temperature": 18.5979}, "geometry": {"type": "Polygon", "coordinates": [[[-118.41221068109103, 34.02883519331031], [-118.41113019337615, 34.02884759946509], [-118.41114509610429, 34.02974765574016], [-118.41222559522079, 34.0297352491676], [-118.41221068109103, 34.02883519331031]]]}}, {"type": "Feature", "properties": {"tile_id": 884, "average_temperature": 18.5979}, "geometry": {"type": "Polygon", "coordinates": [[[-118.41113019337615, 34.02884759946509], [-118.41004970500053, 34.02885999613007], [-118.41006459632702, 34.029760052822624], [-118.41114509610429, 34.02974765574016], [-118.41113019337615, 34.02884759946509]]]}}, {"type": "Feature", "properties": {"tile_id": 885, "average_temperature": 18.5996}, "geometry": {"type": "Polygon", "coordinates": [[[-118.41004970500053, 34.02885999613007], [-118.4089692159647, 34.02887238330525], [-118.40898409588952, 34.029772440414966], [-118.41006459632702, 34.029760052822624], [-118.41004970500053, 34.02885999613007]]]}}, {"type": "Feature", "properties": {"tile_id": 886, "average_temperature": 18.603}, "geometry": {"type": "Polygon", "coordinates": [[[-118.4089692159647, 34.02887238330525], [-118.40788872626916, 34.02888476099062], [-118.40790359479226, 34.029784818517165], [-118.40898409588952, 34.029772440414966], [-118.4089692159647, 34.02887238330525]]]}}, {"type": "Feature", "properties": {"tile_id": 887, "average_temperature": 18.6084}, "geometry": {"type": "Polygon", "coordinates": [[[-118.40788872626916, 34.02888476099062], [-118.40680823591443, 34.02889712918615], [-118.4068230930358, 34.029797187129205], [-118.40790359479226, 34.029784818517165], [-118.40788872626916, 34.02888476099062]]]}}, {"type": "Feature", "properties": {"tile_id": 888, "average_temperature": 18.6159}, "geometry": {"type": "Polygon", "coordinates": [[[-118.40680823591443, 34.02889712918615], [-118.40572774490099, 34.028909487891816], [-118.40574259062058, 34.02980954625108], [-118.4068230930358, 34.029797187129205], [-118.40680823591443, 34.02889712918615]]]}}, {"type": "Feature", "properties": {"tile_id": 889, "average_temperature": 18.6255}, "geometry": {"type": "Polygon", "coordinates": [[[-118.40572774490099, 34.028909487891816], [-118.40464725322934, 34.02892183710761], [-118.40466208754714, 34.029821895882755], [-118.40574259062058, 34.02980954625108], [-118.40572774490099, 34.028909487891816]]]}}, {"type": "Feature", "properties": {"tile_id": 890, "average_temperature": 18.6374}, "geometry": {"type": "Polygon", "coordinates": [[[-118.40464725322934, 34.02892183710761], [-118.40356676089999, 34.0289341768335], [-118.403581583816, 34.0298342360242], [-118.40466208754714, 34.029821895882755], [-118.40464725322934, 34.02892183710761]]]}}, {"type": "Feature", "properties": {"tile_id": 891, "average_temperature": 18.6511}, "geometry": {"type": "Polygon", "coordinates": [[[-118.40356676089999, 34.0289341768335], [-118.40248626791349, 34.02894650706948], [-118.40250107942762, 34.02984656667542], [-118.403581583816, 34.0298342360242], [-118.40356676089999, 34.0289341768335]]]}}, {"type": "Feature", "properties": {"tile_id": 892, "average_temperature": 18.6661}, "geometry": {"type": "Polygon", "coordinates": [[[-118.40248626791349, 34.02894650706948], [-118.40140577427029, 34.02895882781553], [-118.40142057438253, 34.02985888783638], [-118.40250107942762, 34.02984656667542], [-118.40248626791349, 34.02894650706948]]]}}, {"type": "Feature", "properties": {"tile_id": 893, "average_temperature": 18.7745}, "geometry": {"type": "Polygon", "coordinates": [[[-118.39384230042323, 34.02904480731803], [-118.39276180154475, 34.02905705214391], [-118.39277651044101, 34.02995711547262], [-118.39385702072157, 34.02994487023438], [-118.39384230042323, 34.02904480731803]]]}}, {"type": "Feature", "properties": {"tile_id": 894, "average_temperature": 18.7798}, "geometry": {"type": "Polygon", "coordinates": [[[-118.39276180154475, 34.02905705214391], [-118.39168130201415, 34.02906928747968], [-118.39169599950829, 34.02996935122043], [-118.39277651044101, 34.02995711547262], [-118.39276180154475, 34.02905705214391]]]}}, {"type": "Feature", "properties": {"tile_id": 895, "average_temperature": 18.7829}, "geometry": {"type": "Polygon", "coordinates": [[[-118.39168130201415, 34.02906928747968], [-118.39060080183192, 34.029081513325316], [-118.39061548792388, 34.02998157747779], [-118.39169599950829, 34.02996935122043], [-118.39168130201415, 34.02906928747968]]]}}, {"type": "Feature", "properties": {"tile_id": 896, "average_temperature": 18.7842}, "geometry": {"type": "Polygon", "coordinates": [[[-118.39060080183192, 34.029081513325316], [-118.38952030099856, 34.02909372968082], [-118.38953497568836, 34.02999379424469], [-118.39061548792388, 34.02998157747779], [-118.39060080183192, 34.029081513325316]]]}}, {"type": "Feature", "properties": {"tile_id": 897, "average_temperature": 18.784}, "geometry": {"type": "Polygon", "coordinates": [[[-118.38952030099856, 34.02909372968082], [-118.3884397995146, 34.02910593654614], [-118.38845446280219, 34.03000600152111], [-118.38953497568836, 34.02999379424469], [-118.38952030099856, 34.02909372968082]]]}}, {"type": "Feature", "properties": {"tile_id": 898, "average_temperature": 18.3705}, "geometry": {"type": "Polygon", "coordinates": [[[-118.4489621684278, 34.02930777922853], [-118.44788169207743, 34.02932050845298], [-118.44789698312343, 34.03022055020583], [-118.44897747087495, 34.03020782055271], [-118.4489621684278, 34.02930777922853]]]}}, {"type": "Feature", "properties": {"tile_id": 899, "average_temperature": 18.3588}, "geometry": {"type": "Polygon", "coordinates": [[[-118.44788169207743, 34.02932050845298], [-118.44680121504913, 34.029333228188], [-118.44681649469395, 34.030233270369195], [-118.44789698312343, 34.03022055020583], [-118.44788169207743, 34.02932050845298]]]}}, {"type": "Feature", "properties": {"tile_id": 900, "average_temperature": 18.3478}, "geometry": {"type": "Polygon", "coordinates": [[[-118.44680121504913, 34.029333228188], [-118.44572073734342, 34.02934593843356], [-118.44573600558701, 34.03024598104278], [-118.44681649469395, 34.030233270369195], [-118.44680121504913, 34.029333228188]]]}}, {"type": "Feature", "properties": {"tile_id": 901, "average_temperature": 18.338}, "geometry": {"type": "Polygon", "coordinates": [[[-118.44572073734342, 34.02934593843356], [-118.4446402589608, 34.02935863918964], [-118.44465551580312, 34.03025868222657], [-118.44573600558701, 34.03024598104278], [-118.44572073734342, 34.02934593843356]]]}}, {"type": "Feature", "properties": {"tile_id": 902, "average_temperature": 18.3301}, "geometry": {"type": "Polygon", "coordinates": [[[-118.4446402589608, 34.02935863918964], [-118.44355977990175, 34.029371330456215], [-118.44357502534281, 34.03027137392053], [-118.44465551580312, 34.03025868222657], [-118.4446402589608, 34.02935863918964]]]}}, {"type": "Feature", "properties": {"tile_id": 903, "average_temperature": 18.3245}, "geometry": {"type": "Polygon", "coordinates": [[[-118.44355977990175, 34.029371330456215], [-118.4424793001668, 34.02938401223328], [-118.44249453420655, 34.03028405612466], [-118.44357502534281, 34.03027137392053], [-118.44355977990175, 34.029371330456215]]]}}, {"type": "Feature", "properties": {"tile_id": 904, "average_temperature": 18.322}, "geometry": {"type": "Polygon", "coordinates": [[[-118.4424793001668, 34.02938401223328], [-118.44139881975643, 34.02939668452082], [-118.44141404239487, 34.030296728838934], [-118.44249453420655, 34.03028405612466], [-118.4424793001668, 34.02938401223328]]]}}, {"type": "Feature", "properties": {"tile_id": 905, "average_temperature": 18.3231}, "geometry": {"type": "Polygon", "coordinates": [[[-118.44139881975643, 34.02939668452082], [-118.44031833867119, 34.029409347318776], [-118.44033354990825, 34.03030939206333], [-118.44141404239487, 34.030296728838934], [-118.44139881975643, 34.02939668452082]]]}}, {"type": "Feature", "properties": {"tile_id": 906, "average_temperature": 18.3284}, "geometry": {"type": "Polygon", "coordinates": [[[-118.44031833867119, 34.029409347318776], [-118.43923785691153, 34.02942200062718], [-118.4392530567472, 34.03032204579783], [-118.44033354990825, 34.03030939206333], [-118.44031833867119, 34.029409347318776]]]}}, {"type": "Feature", "properties": {"tile_id": 907, "average_temperature": 18.3385}, "geometry": {"type": "Polygon", "coordinates": [[[-118.43923785691153, 34.02942200062718], [-118.438157374478, 34.02943464444597], [-118.43817256291226, 34.03033469004242], [-118.4392530567472, 34.03032204579783], [-118.43923785691153, 34.02942200062718]]]}}, {"type": "Feature", "properties": {"tile_id": 908, "average_temperature": 18.354}, "geometry": {"type": "Polygon", "coordinates": [[[-118.438157374478, 34.02943464444597], [-118.43707689137109, 34.02944727877516], [-118.4370920684039, 34.030347324797084], [-118.43817256291226, 34.03033469004242], [-118.438157374478, 34.02943464444597]]]}}, {"type": "Feature", "properties": {"tile_id": 909, "average_temperature": 18.3747}, "geometry": {"type": "Polygon", "coordinates": [[[-118.43707689137109, 34.02944727877516], [-118.43599640759129, 34.02945990361471], [-118.43601157322263, 34.03035995006177], [-118.4370920684039, 34.030347324797084], [-118.43707689137109, 34.02944727877516]]]}}, {"type": "Feature", "properties": {"tile_id": 910, "average_temperature": 18.3995}, "geometry": {"type": "Polygon", "coordinates": [[[-118.43599640759129, 34.02945990361471], [-118.43491592313913, 34.029472518964596], [-118.43493107736897, 34.030372565836494], [-118.43601157322263, 34.03035995006177], [-118.43599640759129, 34.02945990361471]]]}}, {"type": "Feature", "properties": {"tile_id": 911, "average_temperature": 18.4275}, "geometry": {"type": "Polygon", "coordinates": [[[-118.43491592313913, 34.029472518964596], [-118.43383543801511, 34.02948512482482], [-118.43385058084343, 34.03038517212123], [-118.43493107736897, 34.030372565836494], [-118.43491592313913, 34.029472518964596]]]}}, {"type": "Feature", "properties": {"tile_id": 912, "average_temperature": 18.4573}, "geometry": {"type": "Polygon", "coordinates": [[[-118.43383543801511, 34.02948512482482], [-118.43275495221974, 34.02949772119534], [-118.43277008364647, 34.03039776891594], [-118.43385058084343, 34.03038517212123], [-118.43383543801511, 34.02948512482482]]]}}, {"type": "Feature", "properties": {"tile_id": 913, "average_temperature": 18.488}, "geometry": {"type": "Polygon", "coordinates": [[[-118.43275495221974, 34.02949772119534], [-118.4316744657535, 34.029510308076155], [-118.43168958577863, 34.03041035622063], [-118.43277008364647, 34.03039776891594], [-118.43275495221974, 34.02949772119534]]]}}, {"type": "Feature", "properties": {"tile_id": 914, "average_temperature": 18.5184}, "geometry": {"type": "Polygon", "coordinates": [[[-118.4316744657535, 34.029510308076155], [-118.4305939786169, 34.02952288546723], [-118.43060908724043, 34.030422934035265], [-118.43168958577863, 34.03041035622063], [-118.4316744657535, 34.029510308076155]]]}}, {"type": "Feature", "properties": {"tile_id": 915, "average_temperature": 18.5474}, "geometry": {"type": "Polygon", "coordinates": [[[-118.4305939786169, 34.02952288546723], [-118.42951349081045, 34.02953545336856], [-118.42952858803235, 34.03043550235982], [-118.43060908724043, 34.030422934035265], [-118.4305939786169, 34.02952288546723]]]}}, {"type": "Feature", "properties": {"tile_id": 916, "average_temperature": 18.574}, "geometry": {"type": "Polygon", "coordinates": [[[-118.42951349081045, 34.02953545336856], [-118.42843300233469, 34.029548011780115], [-118.42844808815491, 34.03044806119429], [-118.42952858803235, 34.03043550235982], [-118.42951349081045, 34.02953545336856]]]}}, {"type": "Feature", "properties": {"tile_id": 917, "average_temperature": 18.5969}, "geometry": {"type": "Polygon", "coordinates": [[[-118.42843300233469, 34.029548011780115], [-118.42735251319009, 34.02956056070189], [-118.42736758760859, 34.030460610538654], [-118.42844808815491, 34.03044806119429], [-118.42843300233469, 34.029548011780115]]]}}, {"type": "Feature", "properties": {"tile_id": 918, "average_temperature": 18.615}, "geometry": {"type": "Polygon", "coordinates": [[[-118.42735251319009, 34.02956056070189], [-118.42627202337714, 34.02957310013383], [-118.4262870863939, 34.03047315039288], [-118.42736758760859, 34.030460610538654], [-118.42735251319009, 34.02956056070189]]]}}, {"type": "Feature", "properties": {"tile_id": 919, "average_temperature": 18.6279}, "geometry": {"type": "Polygon", "coordinates": [[[-118.42627202337714, 34.02957310013383], [-118.42519153289636, 34.02958563007595], [-118.42520658451139, 34.030485680756954], [-118.4262870863939, 34.03047315039288], [-118.42627202337714, 34.02957310013383]]]}}, {"type": "Feature", "properties": {"tile_id": 920, "average_temperature": 18.6361}, "geometry": {"type": "Polygon", "coordinates": [[[-118.42519153289636, 34.02958563007595], [-118.42411104174828, 34.02959815052822], [-118.42412608196152, 34.03049820163086], [-118.42520658451139, 34.030485680756954], [-118.42519153289636, 34.02958563007595]]]}}, {"type": "Feature", "properties": {"tile_id": 921, "average_temperature": 18.6402}, "geometry": {"type": "Polygon", "coordinates": [[[-118.42411104174828, 34.02959815052822], [-118.42303054993339, 34.02961066149063], [-118.42304557874479, 34.030510713014586], [-118.42412608196152, 34.03049820163086], [-118.42411104174828, 34.02959815052822]]]}}, {"type": "Feature", "properties": {"tile_id": 922, "average_temperature": 18.6408}, "geometry": {"type": "Polygon", "coordinates": [[[-118.42303054993339, 34.02961066149063], [-118.42195005745218, 34.02962316296314], [-118.42196507486173, 34.0305232149081], [-118.42304557874479, 34.030510713014586], [-118.42303054993339, 34.02961066149063]]]}}, {"type": "Feature", "properties": {"tile_id": 923, "average_temperature": 18.6387}, "geometry": {"type": "Polygon", "coordinates": [[[-118.42195005745218, 34.02962316296314], [-118.42086956430516, 34.02963565494575], [-118.42088457031286, 34.03053570731139], [-118.42196507486173, 34.0305232149081], [-118.42195005745218, 34.02962316296314]]]}}, {"type": "Feature", "properties": {"tile_id": 924, "average_temperature": 18.6345}, "geometry": {"type": "Polygon", "coordinates": [[[-118.42086956430516, 34.02963565494575], [-118.41978907049287, 34.02964813743843], [-118.41980406509866, 34.03054819022443], [-118.42088457031286, 34.03053570731139], [-118.42086956430516, 34.02963565494575]]]}}, {"type": "Feature", "properties": {"tile_id": 925, "average_temperature": 18.6288}, "geometry": {"type": "Polygon", "coordinates": [[[-118.41978907049287, 34.02964813743843], [-118.41870857601575, 34.02966061044117], [-118.4187235592196, 34.030560663647194], [-118.41980406509866, 34.03054819022443], [-118.41978907049287, 34.02964813743843]]]}}, {"type": "Feature", "properties": {"tile_id": 926, "average_temperature": 18.6223}, "geometry": {"type": "Polygon", "coordinates": [[[-118.41870857601575, 34.02966061044117], [-118.41762808087435, 34.02967307395393], [-118.41764305267628, 34.03057312757968], [-118.4187235592196, 34.030560663647194], [-118.41870857601575, 34.02966061044117]]]}}, {"type": "Feature", "properties": {"tile_id": 927, "average_temperature": 18.6156}, "geometry": {"type": "Polygon", "coordinates": [[[-118.41762808087435, 34.02967307395393], [-118.4165475850692, 34.0296855279767], [-118.4165625454691, 34.030585582021864], [-118.41764305267628, 34.03057312757968], [-118.41762808087435, 34.02967307395393]]]}}, {"type": "Feature", "properties": {"tile_id": 928, "average_temperature": 18.6095}, "geometry": {"type": "Polygon", "coordinates": [[[-118.4165475850692, 34.0296855279767], [-118.41546708860074, 34.02969797250948], [-118.41548203759865, 34.03059802697371], [-118.4165625454691, 34.030585582021864], [-118.4165475850692, 34.0296855279767]]]}}, {"type": "Feature", "properties": {"tile_id": 929, "average_temperature": 18.6044}, "geometry": {"type": "Polygon", "coordinates": [[[-118.41546708860074, 34.02969797250948], [-118.41438659146951, 34.02971040755224], [-118.41440152906539, 34.03061046243523], [-118.41548203759865, 34.03059802697371], [-118.41546708860074, 34.02969797250948]]]}}, {"type": "Feature", "properties": {"tile_id": 930, "average_temperature": 18.6005}, "geometry": {"type": "Polygon", "coordinates": [[[-118.41438659146951, 34.02971040755224], [-118.41330609367604, 34.02972283310494], [-118.41332101986981, 34.03062288840638], [-118.41440152906539, 34.03061046243523], [-118.41438659146951, 34.02971040755224]]]}}, {"type": "Feature", "properties": {"tile_id": 931, "average_temperature": 18.5979}, "geometry": {"type": "Polygon", "coordinates": [[[-118.41330609367604, 34.02972283310494], [-118.41222559522079, 34.029735249167594], [-118.41224051001247, 34.03063530488715], [-118.41332101986981, 34.03062288840638], [-118.41330609367604, 34.02972283310494]]]}}, {"type": "Feature", "properties": {"tile_id": 932, "average_temperature": 18.5967}, "geometry": {"type": "Polygon", "coordinates": [[[-118.41222559522079, 34.029735249167594], [-118.41114509610429, 34.02974765574015], [-118.41115999949383, 34.03064771187752], [-118.41224051001247, 34.03063530488715], [-118.41222559522079, 34.029735249167594]]]}}, {"type": "Feature", "properties": {"tile_id": 933, "average_temperature": 18.5972}, "geometry": {"type": "Polygon", "coordinates": [[[-118.41114509610429, 34.02974765574015], [-118.41006459632702, 34.02976005282262], [-118.41007948831442, 34.030660109377465], [-118.41115999949383, 34.03064771187752], [-118.41114509610429, 34.02974765574015]]]}}, {"type": "Feature", "properties": {"tile_id": 934, "average_temperature": 18.5992}, "geometry": {"type": "Polygon", "coordinates": [[[-118.41006459632702, 34.02976005282262], [-118.40898409588952, 34.029772440414966], [-118.40899897647473, 34.03067249738697], [-118.41007948831442, 34.030660109377465], [-118.41006459632702, 34.02976005282262]]]}}, {"type": "Feature", "properties": {"tile_id": 935, "average_temperature": 18.6031}, "geometry": {"type": "Polygon", "coordinates": [[[-118.40898409588952, 34.029772440414966], [-118.40790359479226, 34.02978481851716], [-118.40791846397528, 34.03068487590602], [-118.40899897647473, 34.03067249738697], [-118.40898409588952, 34.029772440414966]]]}}, {"type": "Feature", "properties": {"tile_id": 936, "average_temperature": 18.6088}, "geometry": {"type": "Polygon", "coordinates": [[[-118.40790359479226, 34.02978481851716], [-118.4068230930358, 34.029797187129205], [-118.40683795081654, 34.03069724493458], [-118.40791846397528, 34.03068487590602], [-118.40790359479226, 34.02978481851716]]]}}, {"type": "Feature", "properties": {"tile_id": 937, "average_temperature": 18.6166}, "geometry": {"type": "Polygon", "coordinates": [[[-118.4068230930358, 34.029797187129205], [-118.40574259062058, 34.02980954625107], [-118.40575743699905, 34.03070960447266], [-118.40683795081654, 34.03069724493458], [-118.4068230930358, 34.029797187129205]]]}}, {"type": "Feature", "properties": {"tile_id": 938, "average_temperature": 18.6264}, "geometry": {"type": "Polygon", "coordinates": [[[-118.40574259062058, 34.02980954625107], [-118.40466208754714, 34.02982189588275], [-118.40467692252332, 34.03072195452021], [-118.40575743699905, 34.03070960447266], [-118.40574259062058, 34.02980954625107]]]}}, {"type": "Feature", "properties": {"tile_id": 939, "average_temperature": 18.6384}, "geometry": {"type": "Polygon", "coordinates": [[[-118.40466208754714, 34.02982189588275], [-118.403581583816, 34.029834236024186], [-118.40359640738986, 34.03073429507723], [-118.40467692252332, 34.03072195452021], [-118.40466208754714, 34.02982189588275]]]}}, {"type": "Feature", "properties": {"tile_id": 940, "average_temperature": 18.6522}, "geometry": {"type": "Polygon", "coordinates": [[[-118.403581583816, 34.029834236024186], [-118.40250107942762, 34.02984656667541], [-118.40251589159912, 34.0307466261437], [-118.40359640738986, 34.03073429507723], [-118.403581583816, 34.029834236024186]]]}}, {"type": "Feature", "properties": {"tile_id": 941, "average_temperature": 18.7832}, "geometry": {"type": "Polygon", "coordinates": [[[-118.39169599950829, 34.02996935122043], [-118.39061548792388, 34.029981577477784], [-118.39063017466768, 34.030881641492705], [-118.3917106976547, 34.0308694148236], [-118.39169599950829, 34.02996935122043]]]}}, {"type": "Feature", "properties": {"tile_id": 942, "average_temperature": 18.7844}, "geometry": {"type": "Polygon", "coordinates": [[[-118.39061548792388, 34.029981577477784], [-118.38953497568836, 34.02999379424469], [-118.38954965102945, 34.03089385867102], [-118.39063017466768, 34.030881641492705], [-118.39061548792388, 34.029981577477784]]]}}, {"type": "Feature", "properties": {"tile_id": 943, "average_temperature": 18.3576}, "geometry": {"type": "Polygon", "coordinates": [[[-118.44789698312343, 34.03022055020583], [-118.44681649469395, 34.030233270369195], [-118.44683177501688, 34.03113331241237], [-118.44791227484804, 34.03112059182065], [-118.44789698312343, 34.03022055020583]]]}}, {"type": "Feature", "properties": {"tile_id": 944, "average_temperature": 18.346}, "geometry": {"type": "Polygon", "coordinates": [[[-118.44681649469395, 34.030233270369195], [-118.44573600558701, 34.03024598104278], [-118.44575127450821, 34.03114602351398], [-118.44683177501688, 34.03113331241237], [-118.44681649469395, 34.030233270369195]]]}}, {"type": "Feature", "properties": {"tile_id": 945, "average_temperature": 18.3356}, "geometry": {"type": "Polygon", "coordinates": [[[-118.44573600558701, 34.03024598104278], [-118.44465551580312, 34.03025868222657], [-118.44467077332258, 34.03115872512548], [-118.44575127450821, 34.03114602351398], [-118.44573600558701, 34.03024598104278]]]}}, {"type": "Feature", "properties": {"tile_id": 946, "average_temperature": 18.3272}, "geometry": {"type": "Polygon", "coordinates": [[[-118.44465551580312, 34.03025868222657], [-118.44357502534281, 34.03027137392053], [-118.44359027146048, 34.031171417246846], [-118.44467077332258, 34.03115872512548], [-118.44465551580312, 34.03025868222657]]]}}, {"type": "Feature", "properties": {"tile_id": 947, "average_temperature": 18.3212}, "geometry": {"type": "Polygon", "coordinates": [[[-118.44357502534281, 34.03027137392053], [-118.44249453420655, 34.03028405612466], [-118.4425097689224, 34.03118409987805], [-118.44359027146048, 34.031171417246846], [-118.44357502534281, 34.03027137392053]]]}}, {"type": "Feature", "properties": {"tile_id": 948, "average_temperature": 18.3182}, "geometry": {"type": "Polygon", "coordinates": [[[-118.44249453420655, 34.03028405612466], [-118.44141404239487, 34.030296728838934], [-118.44142926570889, 34.03119677301909], [-118.4425097689224, 34.03118409987805], [-118.44249453420655, 34.03028405612466]]]}}, {"type": "Feature", "properties": {"tile_id": 949, "average_temperature": 18.319}, "geometry": {"type": "Polygon", "coordinates": [[[-118.44141404239487, 34.030296728838934], [-118.44033354990825, 34.03030939206333], [-118.44034876182042, 34.03120943666992], [-118.44142926570889, 34.03119677301909], [-118.44141404239487, 34.030296728838934]]]}}, {"type": "Feature", "properties": {"tile_id": 950, "average_temperature": 18.3241}, "geometry": {"type": "Polygon", "coordinates": [[[-118.44033354990825, 34.03030939206333], [-118.4392530567472, 34.03032204579783], [-118.43926825725748, 34.03122209083054], [-118.44034876182042, 34.03120943666992], [-118.44033354990825, 34.03030939206333]]]}}, {"type": "Feature", "properties": {"tile_id": 951, "average_temperature": 18.3342}, "geometry": {"type": "Polygon", "coordinates": [[[-118.4392530567472, 34.03032204579783], [-118.43817256291226, 34.03033469004242], [-118.43818775202062, 34.03123473550093], [-118.43926825725748, 34.03122209083054], [-118.4392530567472, 34.03032204579783]]]}}, {"type": "Feature", "properties": {"tile_id": 952, "average_temperature": 18.3497}, "geometry": {"type": "Polygon", "coordinates": [[[-118.43817256291226, 34.03033469004242], [-118.4370920684039, 34.030347324797084], [-118.4371072461103, 34.031247370681065], [-118.43818775202062, 34.03123473550093], [-118.43817256291226, 34.03033469004242]]]}}, {"type": "Feature", "properties": {"tile_id": 953, "average_temperature": 18.3706}, "geometry": {"type": "Polygon", "coordinates": [[[-118.4370920684039, 34.030347324797084], [-118.43601157322263, 34.03035995006177], [-118.43602673952705, 34.03125999637092], [-118.4371072461103, 34.031247370681065], [-118.4370920684039, 34.030347324797084]]]}}, {"type": "Feature", "properties": {"tile_id": 954, "average_temperature": 18.3957}, "geometry": {"type": "Polygon", "coordinates": [[[-118.43601157322263, 34.03035995006177], [-118.43493107736897, 34.030372565836494], [-118.43494623227139, 34.03127261257049], [-118.43602673952705, 34.03125999637092], [-118.43601157322263, 34.03035995006177]]]}}, {"type": "Feature", "properties": {"tile_id": 955, "average_temperature": 18.4239}, "geometry": {"type": "Polygon", "coordinates": [[[-118.43493107736897, 34.030372565836494], [-118.43385058084343, 34.03038517212123], [-118.4338657243438, 34.03128521927974], [-118.43494623227139, 34.03127261257049], [-118.43493107736897, 34.030372565836494]]]}}, {"type": "Feature", "properties": {"tile_id": 956, "average_temperature": 18.4542}, "geometry": {"type": "Polygon", "coordinates": [[[-118.43385058084343, 34.03038517212123], [-118.43277008364647, 34.03039776891594], [-118.43278521574477, 34.03129781649866], [-118.4338657243438, 34.03128521927974], [-118.43385058084343, 34.03038517212123]]]}}, {"type": "Feature", "properties": {"tile_id": 957, "average_temperature": 18.4853}, "geometry": {"type": "Polygon", "coordinates": [[[-118.43277008364647, 34.03039776891594], [-118.43168958577863, 34.03041035622063], [-118.43170470647483, 34.03131040422723], [-118.43278521574477, 34.03129781649866], [-118.43277008364647, 34.03039776891594]]]}}, {"type": "Feature", "properties": {"tile_id": 958, "average_temperature": 18.5161}, "geometry": {"type": "Polygon", "coordinates": [[[-118.43168958577863, 34.03041035622063], [-118.43060908724043, 34.030422934035265], [-118.43062419653452, 34.03132298246541], [-118.43170470647483, 34.03131040422723], [-118.43168958577863, 34.03041035622063]]]}}, {"type": "Feature", "properties": {"tile_id": 959, "average_temperature": 18.5455}, "geometry": {"type": "Polygon", "coordinates": [[[-118.43060908724043, 34.030422934035265], [-118.42952858803235, 34.03043550235982], [-118.42954368592429, 34.03133555121322], [-118.43062419653452, 34.03132298246541], [-118.43060908724043, 34.030422934035265]]]}}, {"type": "Feature", "properties": {"tile_id": 960, "average_temperature": 18.5724}, "geometry": {"type": "Polygon", "coordinates": [[[-118.42952858803235, 34.03043550235982], [-118.42844808815491, 34.03044806119429], [-118.42846317464466, 34.03134811047061], [-118.42954368592429, 34.03133555121322], [-118.42952858803235, 34.03043550235982]]]}}, {"type": "Feature", "properties": {"tile_id": 961, "average_temperature": 18.5956}, "geometry": {"type": "Polygon", "coordinates": [[[-118.42844808815491, 34.03044806119429], [-118.42736758760859, 34.030460610538654], [-118.42738266269612, 34.031360660237574], [-118.42846317464466, 34.03134811047061], [-118.42844808815491, 34.03044806119429]]]}}, {"type": "Feature", "properties": {"tile_id": 962, "average_temperature": 18.614}, "geometry": {"type": "Polygon", "coordinates": [[[-118.42736758760859, 34.030460610538654], [-118.4262870863939, 34.03047315039288], [-118.4263021500792, 34.03137320051409], [-118.42738266269612, 34.031360660237574], [-118.42736758760859, 34.030460610538654]]]}}, {"type": "Feature", "properties": {"tile_id": 963, "average_temperature": 18.6271}, "geometry": {"type": "Polygon", "coordinates": [[[-118.4262870863939, 34.03047315039288], [-118.42520658451139, 34.030485680756954], [-118.42522163679442, 34.03138573130013], [-118.4263021500792, 34.03137320051409], [-118.4262870863939, 34.03047315039288]]]}}, {"type": "Feature", "properties": {"tile_id": 964, "average_temperature": 18.6354}, "geometry": {"type": "Polygon", "coordinates": [[[-118.42520658451139, 34.030485680756954], [-118.42412608196152, 34.03049820163086], [-118.42414112284226, 34.03139825259568], [-118.42522163679442, 34.03138573130013], [-118.42520658451139, 34.030485680756954]]]}}, {"type": "Feature", "properties": {"tile_id": 965, "average_temperature": 18.6396}, "geometry": {"type": "Polygon", "coordinates": [[[-118.42412608196152, 34.03049820163086], [-118.42304557874479, 34.030510713014586], [-118.42306060822322, 34.031410764400725], [-118.42414112284226, 34.03139825259568], [-118.42412608196152, 34.03049820163086]]]}}, {"type": "Feature", "properties": {"tile_id": 966, "average_temperature": 18.6404}, "geometry": {"type": "Polygon", "coordinates": [[[-118.42304557874479, 34.030510713014586], [-118.42196507486173, 34.0305232149081], [-118.4219800929378, 34.031423266715244], [-118.42306060822322, 34.031410764400725], [-118.42304557874479, 34.030510713014586]]]}}, {"type": "Feature", "properties": {"tile_id": 967, "average_temperature": 18.6383}, "geometry": {"type": "Polygon", "coordinates": [[[-118.42196507486173, 34.0305232149081], [-118.42088457031286, 34.03053570731139], [-118.42089957698654, 34.031435759539214], [-118.4219800929378, 34.031423266715244], [-118.42196507486173, 34.0305232149081]]]}}, {"type": "Feature", "properties": {"tile_id": 968, "average_temperature": 18.6341}, "geometry": {"type": "Polygon", "coordinates": [[[-118.42088457031286, 34.03053570731139], [-118.41980406509866, 34.03054819022443], [-118.41981906036992, 34.03144824287262], [-118.42089957698654, 34.031435759539214], [-118.42088457031286, 34.03053570731139]]]}}, {"type": "Feature", "properties": {"tile_id": 969, "average_temperature": 18.6284}, "geometry": {"type": "Polygon", "coordinates": [[[-118.41980406509866, 34.03054819022443], [-118.4187235592196, 34.030560663647194], [-118.41873854308845, 34.031460716715436], [-118.41981906036992, 34.03144824287262], [-118.41980406509866, 34.03054819022443]]]}}, {"type": "Feature", "properties": {"tile_id": 970, "average_temperature": 18.6219}, "geometry": {"type": "Polygon", "coordinates": [[[-118.4187235592196, 34.030560663647194], [-118.41764305267628, 34.03057312757968], [-118.41765802514263, 34.03147318106765], [-118.41873854308845, 34.031460716715436], [-118.4187235592196, 34.030560663647194]]]}}, {"type": "Feature", "properties": {"tile_id": 971, "average_temperature": 18.6153}, "geometry": {"type": "Polygon", "coordinates": [[[-118.41764305267628, 34.03057312757968], [-118.4165625454691, 34.030585582021864], [-118.41657750653299, 34.031485635929236], [-118.41765802514263, 34.03147318106765], [-118.41764305267628, 34.03057312757968]]]}}, {"type": "Feature", "properties": {"tile_id": 972, "average_temperature": 18.6091}, "geometry": {"type": "Polygon", "coordinates": [[[-118.4165625454691, 34.030585582021864], [-118.41548203759865, 34.03059802697371], [-118.41549698725998, 34.03149808130019], [-118.41657750653299, 34.031485635929236], [-118.4165625454691, 34.030585582021864]]]}}, {"type": "Feature", "properties": {"tile_id": 973, "average_temperature": 18.604}, "geometry": {"type": "Polygon", "coordinates": [[[-118.41548203759865, 34.03059802697371], [-118.41440152906539, 34.03061046243523], [-118.41441646732419, 34.031510517180465], [-118.41549698725998, 34.03149808130019], [-118.41548203759865, 34.03059802697371]]]}}, {"type": "Feature", "properties": {"tile_id": 974, "average_temperature": 18.6001}, "geometry": {"type": "Polygon", "coordinates": [[[-118.41440152906539, 34.03061046243523], [-118.41332101986981, 34.03062288840638], [-118.41333594672604, 34.031522943570074], [-118.41441646732419, 34.031510517180465], [-118.41440152906539, 34.03061046243523]]]}}, {"type": "Feature", "properties": {"tile_id": 975, "average_temperature": 18.5975}, "geometry": {"type": "Polygon", "coordinates": [[[-118.41332101986981, 34.03062288840638], [-118.41224051001247, 34.03063530488715], [-118.41225542546609, 34.03153536046897], [-118.41333594672604, 34.031522943570074], [-118.41332101986981, 34.03062288840638]]]}}, {"type": "Feature", "properties": {"tile_id": 976, "average_temperature": 18.5963}, "geometry": {"type": "Polygon", "coordinates": [[[-118.41224051001247, 34.03063530488715], [-118.41115999949383, 34.03064771187752], [-118.41117490354482, 34.03154776787715], [-118.41225542546609, 34.03153536046897], [-118.41224051001247, 34.03063530488715]]]}}, {"type": "Feature", "properties": {"tile_id": 977, "average_temperature": 18.5967}, "geometry": {"type": "Polygon", "coordinates": [[[-118.41115999949383, 34.03064771187752], [-118.41007948831442, 34.030660109377465], [-118.41009438096275, 34.031560165794595], [-118.41117490354482, 34.03154776787715], [-118.41115999949383, 34.03064771187752]]]}}, {"type": "Feature", "properties": {"tile_id": 978, "average_temperature": 18.5988}, "geometry": {"type": "Polygon", "coordinates": [[[-118.41007948831442, 34.030660109377465], [-118.40899897647473, 34.03067249738697], [-118.40901385772037, 34.03157255422127], [-118.41009438096275, 34.031560165794595], [-118.41007948831442, 34.030660109377465]]]}}, {"type": "Feature", "properties": {"tile_id": 979, "average_temperature": 18.6026}, "geometry": {"type": "Polygon", "coordinates": [[[-118.40899897647473, 34.03067249738697], [-118.40791846397528, 34.03068487590602], [-118.40793333381818, 34.03158493315717], [-118.40901385772037, 34.03157255422127], [-118.40899897647473, 34.03067249738697]]]}}, {"type": "Feature", "properties": {"tile_id": 980, "average_temperature": 18.6083}, "geometry": {"type": "Polygon", "coordinates": [[[-118.40791846397528, 34.03068487590602], [-118.40683795081654, 34.03069724493458], [-118.40685280925673, 34.03159730260227], [-118.40793333381818, 34.03158493315717], [-118.40791846397528, 34.03068487590602]]]}}, {"type": "Feature", "properties": {"tile_id": 981, "average_temperature": 18.616}, "geometry": {"type": "Polygon", "coordinates": [[[-118.40683795081654, 34.03069724493458], [-118.40575743699905, 34.03070960447266], [-118.40577228403647, 34.031609662556555], [-118.40685280925673, 34.03159730260227], [-118.40683795081654, 34.03069724493458]]]}}, {"type": "Feature", "properties": {"tile_id": 982, "average_temperature": 18.6259}, "geometry": {"type": "Polygon", "coordinates": [[[-118.40575743699905, 34.03070960447266], [-118.40467692252332, 34.03072195452021], [-118.40469175815791, 34.03162201302002], [-118.40577228403647, 34.031609662556555], [-118.40575743699905, 34.03070960447266]]]}}, {"type": "Feature", "properties": {"tile_id": 983, "average_temperature": 18.6379}, "geometry": {"type": "Polygon", "coordinates": [[[-118.40467692252332, 34.03072195452021], [-118.40359640738986, 34.03073429507723], [-118.40361123162162, 34.03163435399261], [-118.40469175815791, 34.03162201302002], [-118.40467692252332, 34.03072195452021]]]}}, {"type": "Feature", "properties": {"tile_id": 984, "average_temperature": 18.6517}, "geometry": {"type": "Polygon", "coordinates": [[[-118.40359640738986, 34.03073429507723], [-118.40251589159912, 34.0307466261437], [-118.40253070442802, 34.03164668547432], [-118.40361123162162, 34.03163435399261], [-118.40359640738986, 34.03073429507723]]]}}, {"type": "Feature", "properties": {"tile_id": 985, "average_temperature": 18.6668}, "geometry": {"type": "Polygon", "coordinates": [[[-118.40251589159912, 34.0307466261437], [-118.40143537515168, 34.03075894771958], [-118.40145017657767, 34.03165900746515], [-118.40253070442802, 34.03164668547432], [-118.40251589159912, 34.0307466261437]]]}}, {"type": "Feature", "properties": {"tile_id": 986, "average_temperature": 18.3384}, "geometry": {"type": "Polygon", "coordinates": [[[-118.44575127450821, 34.03114602351398], [-118.44467077332258, 34.03115872512548], [-118.44468603151918, 34.03205876788642], [-118.44576654410707, 34.0320460658472], [-118.44575127450821, 34.03114602351398]]]}}, {"type": "Feature", "properties": {"tile_id": 987, "average_temperature": 18.3306}, "geometry": {"type": "Polygon", "coordinates": [[[-118.44467077332258, 34.03115872512548], [-118.44359027146048, 34.031171417246846], [-118.44360551825478, 34.03207146043519], [-118.44468603151918, 34.03205876788642], [-118.44467077332258, 34.03115872512548]]]}}, {"type": "Feature", "properties": {"tile_id": 988, "average_temperature": 18.3253}, "geometry": {"type": "Polygon", "coordinates": [[[-118.44359027146048, 34.031171417246846], [-118.4425097689224, 34.03118409987805], [-118.44252500431443, 34.03208414349348], [-118.44360551825478, 34.03207146043519], [-118.44359027146048, 34.031171417246846]]]}}, {"type": "Feature", "properties": {"tile_id": 989, "average_temperature": 18.323}, "geometry": {"type": "Polygon", "coordinates": [[[-118.4425097689224, 34.03118409987805], [-118.44142926570889, 34.03119677301909], [-118.44144448969855, 34.03209681706127], [-118.44252500431443, 34.03208414349348], [-118.4425097689224, 34.03118409987805]]]}}, {"type": "Feature", "properties": {"tile_id": 990, "average_temperature": 18.3243}, "geometry": {"type": "Polygon", "coordinates": [[[-118.44142926570889, 34.03119677301909], [-118.44034876182042, 34.03120943666992], [-118.4403639744077, 34.032109481138555], [-118.44144448969855, 34.03209681706127], [-118.44142926570889, 34.03119677301909]]]}}, {"type": "Feature", "properties": {"tile_id": 991, "average_temperature": 18.3298}, "geometry": {"type": "Polygon", "coordinates": [[[-118.44034876182042, 34.03120943666992], [-118.43926825725748, 34.03122209083054], [-118.43928345844238, 34.0321221357253], [-118.4403639744077, 34.032109481138555], [-118.44034876182042, 34.03120943666992]]]}}, {"type": "Feature", "properties": {"tile_id": 992, "average_temperature": 18.3402}, "geometry": {"type": "Polygon", "coordinates": [[[-118.43926825725748, 34.03122209083054], [-118.43818775202062, 34.03123473550093], [-118.43820294180308, 34.032134780821494], [-118.43928345844238, 34.0321221357253], [-118.43926825725748, 34.03122209083054]]]}}, {"type": "Feature", "properties": {"tile_id": 993, "average_temperature": 18.3558}, "geometry": {"type": "Polygon", "coordinates": [[[-118.43818775202062, 34.03123473550093], [-118.4371072461103, 34.031247370681065], [-118.4371224244903, 34.032147416427115], [-118.43820294180308, 34.032134780821494], [-118.43818775202062, 34.03123473550093]]]}}, {"type": "Feature", "properties": {"tile_id": 994, "average_temperature": 18.3766}, "geometry": {"type": "Polygon", "coordinates": [[[-118.4371072461103, 34.031247370681065], [-118.43602673952705, 34.03125999637092], [-118.43604190650457, 34.03216004254214], [-118.4371224244903, 34.032147416427115], [-118.4371072461103, 34.031247370681065]]]}}, {"type": "Feature", "properties": {"tile_id": 995, "average_temperature": 18.4015}, "geometry": {"type": "Polygon", "coordinates": [[[-118.43602673952705, 34.03125999637092], [-118.43494623227139, 34.03127261257049], [-118.43496138784639, 34.032172659166555], [-118.43604190650457, 34.03216004254214], [-118.43602673952705, 34.03125999637092]]]}}, {"type": "Feature", "properties": {"tile_id": 996, "average_temperature": 18.4293}, "geometry": {"type": "Polygon", "coordinates": [[[-118.43494623227139, 34.03127261257049], [-118.4338657243438, 34.03128521927974], [-118.43388086851624, 34.03218526630033], [-118.43496138784639, 34.032172659166555], [-118.43494623227139, 34.03127261257049]]]}}, {"type": "Feature", "properties": {"tile_id": 997, "average_temperature": 18.4591}, "geometry": {"type": "Polygon", "coordinates": [[[-118.4338657243438, 34.03128521927974], [-118.43278521574477, 34.03129781649866], [-118.43280034851466, 34.032197863943466], [-118.43388086851624, 34.03218526630033], [-118.4338657243438, 34.03128521927974]]]}}, {"type": "Feature", "properties": {"tile_id": 998, "average_temperature": 18.4896}, "geometry": {"type": "Polygon", "coordinates": [[[-118.43278521574477, 34.03129781649866], [-118.43170470647483, 34.03131040422723], [-118.43171982784214, 34.03221045209592], [-118.43280034851466, 34.032197863943466], [-118.43278521574477, 34.03129781649866]]]}}, {"type": "Feature", "properties": {"tile_id": 999, "average_temperature": 18.5199}, "geometry": {"type": "Polygon", "coordinates": [[[-118.43170470647483, 34.03131040422723], [-118.43062419653452, 34.03132298246541], [-118.43063930649916, 34.032223030757685], [-118.43171982784214, 34.03221045209592], [-118.43170470647483, 34.03131040422723]]]}}, {"type": "Feature", "properties": {"tile_id": 1000, "average_temperature": 18.5487}, "geometry": {"type": "Polygon", "coordinates": [[[-118.43062419653452, 34.03132298246541], [-118.42954368592429, 34.03133555121322], [-118.42955878448628, 34.03223559992875], [-118.43063930649916, 34.032223030757685], [-118.43062419653452, 34.03132298246541]]]}}, {"type": "Feature", "properties": {"tile_id": 1001, "average_temperature": 18.5751}, "geometry": {"type": "Polygon", "coordinates": [[[-118.42954368592429, 34.03133555121322], [-118.42846317464466, 34.03134811047061], [-118.42847826180395, 34.03224815960907], [-118.42955878448628, 34.03223559992875], [-118.42954368592429, 34.03133555121322]]]}}, {"type": "Feature", "properties": {"tile_id": 1002, "average_temperature": 18.5978}, "geometry": {"type": "Polygon", "coordinates": [[[-118.42846317464466, 34.03134811047061], [-118.42738266269612, 34.031360660237574], [-118.42739773845271, 34.032260709798635], [-118.42847826180395, 34.03224815960907], [-118.42846317464466, 34.03134811047061]]]}}, {"type": "Feature", "properties": {"tile_id": 1003, "average_temperature": 18.616}, "geometry": {"type": "Polygon", "coordinates": [[[-118.42738266269612, 34.031360660237574], [-118.4263021500792, 34.03137320051409], [-118.42631721443306, 34.03227325049744], [-118.42739773845271, 34.032260709798635], [-118.42738266269612, 34.031360660237574]]]}}, {"type": "Feature", "properties": {"tile_id": 1004, "average_temperature": 18.6289}, "geometry": {"type": "Polygon", "coordinates": [[[-118.4263021500792, 34.03137320051409], [-118.42522163679442, 34.03138573130013], [-118.4252366897455, 34.03228578170546], [-118.42631721443306, 34.03227325049744], [-118.4263021500792, 34.03137320051409]]]}}, {"type": "Feature", "properties": {"tile_id": 1005, "average_temperature": 18.6372}, "geometry": {"type": "Polygon", "coordinates": [[[-118.42522163679442, 34.03138573130013], [-118.42414112284226, 34.03139825259568], [-118.42415616439054, 34.03229830342267], [-118.4252366897455, 34.03228578170546], [-118.42522163679442, 34.03138573130013]]]}}, {"type": "Feature", "properties": {"tile_id": 1006, "average_temperature": 18.6415}, "geometry": {"type": "Polygon", "coordinates": [[[-118.42414112284226, 34.03139825259568], [-118.42306060822322, 34.031410764400725], [-118.42307563836866, 34.03231081564905], [-118.42415616439054, 34.03229830342267], [-118.42414112284226, 34.03139825259568]]]}}, {"type": "Feature", "properties": {"tile_id": 1007, "average_temperature": 18.6424}, "geometry": {"type": "Polygon", "coordinates": [[[-118.42306060822322, 34.031410764400725], [-118.4219800929378, 34.031423266715244], [-118.4219951116804, 34.03232331838458], [-118.42307563836866, 34.03231081564905], [-118.42306060822322, 34.031410764400725]]]}}, {"type": "Feature", "properties": {"tile_id": 1008, "average_temperature": 18.6405}, "geometry": {"type": "Polygon", "coordinates": [[[-118.4219800929378, 34.031423266715244], [-118.42089957698654, 34.031435759539214], [-118.42091458432625, 34.032335811629245], [-118.4219951116804, 34.03232331838458], [-118.4219800929378, 34.031423266715244]]]}}, {"type": "Feature", "properties": {"tile_id": 1009, "average_temperature": 18.6366}, "geometry": {"type": "Polygon", "coordinates": [[[-118.42089957698654, 34.031435759539214], [-118.41981906036992, 34.03144824287262], [-118.41983405630673, 34.03234829538303], [-118.42091458432625, 34.032335811629245], [-118.42089957698654, 34.031435759539214]]]}}, {"type": "Feature", "properties": {"tile_id": 1010, "average_temperature": 18.6311}, "geometry": {"type": "Polygon", "coordinates": [[[-118.41981906036992, 34.03144824287262], [-118.41873854308845, 34.031460716715436], [-118.41875352762231, 34.03236076964591], [-118.41983405630673, 34.03234829538303], [-118.41981906036992, 34.03144824287262]]]}}, {"type": "Feature", "properties": {"tile_id": 1011, "average_temperature": 18.6248}, "geometry": {"type": "Polygon", "coordinates": [[[-118.41873854308845, 34.031460716715436], [-118.41765802514263, 34.03147318106765], [-118.41767299827352, 34.03237323441786], [-118.41875352762231, 34.03236076964591], [-118.41873854308845, 34.031460716715436]]]}}, {"type": "Feature", "properties": {"tile_id": 1012, "average_temperature": 18.6182}, "geometry": {"type": "Polygon", "coordinates": [[[-118.41765802514263, 34.03147318106765], [-118.41657750653299, 34.031485635929236], [-118.41659246826087, 34.03238568969886], [-118.41767299827352, 34.03237323441786], [-118.41765802514263, 34.03147318106765]]]}}, {"type": "Feature", "properties": {"tile_id": 1013, "average_temperature": 18.6119}, "geometry": {"type": "Polygon", "coordinates": [[[-118.41657750653299, 34.031485635929236], [-118.41549698725998, 34.03149808130019], [-118.41551193758485, 34.032398135488904], [-118.41659246826087, 34.03238568969886], [-118.41657750653299, 34.031485635929236]]]}}, {"type": "Feature", "properties": {"tile_id": 1014, "average_temperature": 18.6065}, "geometry": {"type": "Polygon", "coordinates": [[[-118.41549698725998, 34.03149808130019], [-118.41441646732419, 34.031510517180465], [-118.414431406246, 34.03241057178797], [-118.41551193758485, 34.032398135488904], [-118.41549698725998, 34.03149808130019]]]}}, {"type": "Feature", "properties": {"tile_id": 1015, "average_temperature": 18.6022}, "geometry": {"type": "Polygon", "coordinates": [[[-118.41441646732419, 34.031510517180465], [-118.41333594672604, 34.031522943570074], [-118.41335087424477, 34.03242299859603], [-118.414431406246, 34.03241057178797], [-118.41441646732419, 34.031510517180465]]]}}, {"type": "Feature", "properties": {"tile_id": 1016, "average_temperature": 18.5991}, "geometry": {"type": "Polygon", "coordinates": [[[-118.41333594672604, 34.031522943570074], [-118.41225542546609, 34.03153536046897], [-118.41227034158169, 34.03243541591307], [-118.41335087424477, 34.03242299859603], [-118.41333594672604, 34.031522943570074]]]}}, {"type": "Feature", "properties": {"tile_id": 1017, "average_temperature": 18.5973}, "geometry": {"type": "Polygon", "coordinates": [[[-118.41225542546609, 34.03153536046897], [-118.41117490354482, 34.03154776787715], [-118.41118980825728, 34.03244782373907], [-118.41227034158169, 34.03243541591307], [-118.41225542546609, 34.03153536046897]]]}}, {"type": "Feature", "properties": {"tile_id": 1018, "average_temperature": 18.5971}, "geometry": {"type": "Polygon", "coordinates": [[[-118.41117490354482, 34.03154776787715], [-118.41009438096275, 34.031560165794595], [-118.41010927427205, 34.032460222074015], [-118.41118980825728, 34.03244782373907], [-118.41117490354482, 34.03154776787715]]]}}, {"type": "Feature", "properties": {"tile_id": 1019, "average_temperature": 18.5984}, "geometry": {"type": "Polygon", "coordinates": [[[-118.41009438096275, 34.031560165794595], [-118.40901385772037, 34.03157255422127], [-118.40902873962645, 34.03247261091787], [-118.41010927427205, 34.032460222074015], [-118.41009438096275, 34.031560165794595]]]}}, {"type": "Feature", "properties": {"tile_id": 1020, "average_temperature": 18.6016}, "geometry": {"type": "Polygon", "coordinates": [[[-118.40901385772037, 34.03157255422127], [-118.40793333381818, 34.03158493315717], [-118.40794820432106, 34.03248499027063], [-118.40902873962645, 34.03247261091787], [-118.40901385772037, 34.03157255422127]]]}}, {"type": "Feature", "properties": {"tile_id": 1021, "average_temperature": 18.6067}, "geometry": {"type": "Polygon", "coordinates": [[[-118.40793333381818, 34.03158493315717], [-118.40685280925673, 34.03159730260227], [-118.40686766835633, 34.03249736013228], [-118.40794820432106, 34.03248499027063], [-118.40793333381818, 34.03158493315717]]]}}, {"type": "Feature", "properties": {"tile_id": 1022, "average_temperature": 18.6139}, "geometry": {"type": "Polygon", "coordinates": [[[-118.40685280925673, 34.03159730260227], [-118.40577228403647, 34.031609662556555], [-118.4057871317328, 34.03250972050279], [-118.40686766835633, 34.03249736013228], [-118.40685280925673, 34.03159730260227]]]}}, {"type": "Feature", "properties": {"tile_id": 1023, "average_temperature": 18.6234}, "geometry": {"type": "Polygon", "coordinates": [[[-118.40577228403647, 34.031609662556555], [-118.40469175815791, 34.03162201302002], [-118.40470659445096, 34.03252207138213], [-118.4057871317328, 34.03250972050279], [-118.40577228403647, 34.031609662556555]]]}}, {"type": "Feature", "properties": {"tile_id": 1024, "average_temperature": 18.6352}, "geometry": {"type": "Polygon", "coordinates": [[[-118.40469175815791, 34.03162201302002], [-118.40361123162162, 34.03163435399261], [-118.40362605651131, 34.03253441277032], [-118.40470659445096, 34.03252207138213], [-118.40469175815791, 34.03162201302002]]]}}, {"type": "Feature", "properties": {"tile_id": 1025, "average_temperature": 18.649}, "geometry": {"type": "Polygon", "coordinates": [[[-118.40361123162162, 34.03163435399261], [-118.40253070442802, 34.03164668547432], [-118.40254551791435, 34.0325467446673], [-118.40362605651131, 34.03253441277032], [-118.40361123162162, 34.03163435399261]]]}}, {"type": "Feature", "properties": {"tile_id": 1026, "average_temperature": 18.6643}, "geometry": {"type": "Polygon", "coordinates": [[[-118.40253070442802, 34.03164668547432], [-118.40145017657767, 34.03165900746515], [-118.40146497866063, 34.032559067073066], [-118.40254551791435, 34.0325467446673], [-118.40253070442802, 34.03164668547432]]]}}, {"type": "Feature", "properties": {"tile_id": 1027, "average_temperature": 18.6805}, "geometry": {"type": "Polygon", "coordinates": [[[-118.40145017657767, 34.03165900746515], [-118.40036964807106, 34.03167131996506], [-118.40038443875058, 34.03257137998761], [-118.40146497866063, 34.032559067073066], [-118.40145017657767, 34.03165900746515]]]}}, {"type": "Feature", "properties": {"tile_id": 1028, "average_temperature": 18.6971}, "geometry": {"type": "Polygon", "coordinates": [[[-118.40036964807106, 34.03167131996506], [-118.3992891189087, 34.03168362297404], [-118.39930389818478, 34.0325836834109], [-118.40038443875058, 34.03257137998761], [-118.40036964807106, 34.03167131996506]]]}}, {"type": "Feature", "properties": {"tile_id": 1029, "average_temperature": 18.3397}, "geometry": {"type": "Polygon", "coordinates": [[[-118.44360551825478, 34.03207146043519], [-118.44252500431443, 34.03208414349348], [-118.44254024038258, 34.032984186970914], [-118.4436207657258, 34.032971503485534], [-118.44360551825478, 34.03207146043519]]]}}, {"type": "Feature", "properties": {"tile_id": 1030, "average_temperature": 18.3394}, "geometry": {"type": "Polygon", "coordinates": [[[-118.44252500431443, 34.03208414349348], [-118.44144448969855, 34.03209681706127], [-118.44145971436389, 34.0329968609655], [-118.44254024038258, 34.032984186970914], [-118.44252500431443, 34.03208414349348]]]}}, {"type": "Feature", "properties": {"tile_id": 1031, "average_temperature": 18.3424}, "geometry": {"type": "Polygon", "coordinates": [[[-118.44144448969855, 34.03209681706127], [-118.4403639744077, 34.032109481138555], [-118.44037918767015, 34.033009525469225], [-118.44145971436389, 34.0329968609655], [-118.44144448969855, 34.03209681706127]]]}}, {"type": "Feature", "properties": {"tile_id": 1032, "average_temperature": 18.3492}, "geometry": {"type": "Polygon", "coordinates": [[[-118.4403639744077, 34.032109481138555], [-118.43928345844238, 34.0321221357253], [-118.43929866030192, 34.033022180482114], [-118.44037918767015, 34.033009525469225], [-118.4403639744077, 34.032109481138555]]]}}, {"type": "Feature", "properties": {"tile_id": 1033, "average_temperature": 18.3602}, "geometry": {"type": "Polygon", "coordinates": [[[-118.43928345844238, 34.0321221357253], [-118.43820294180308, 34.032134780821494], [-118.43821813225966, 34.03303482600411], [-118.43929866030192, 34.033022180482114], [-118.43928345844238, 34.0321221357253]]]}}, {"type": "Feature", "properties": {"tile_id": 1034, "average_temperature": 18.376}, "geometry": {"type": "Polygon", "coordinates": [[[-118.43820294180308, 34.032134780821494], [-118.4371224244903, 34.032147416427115], [-118.43713760354396, 34.033047462035235], [-118.43821813225966, 34.03303482600411], [-118.43820294180308, 34.032134780821494]]]}}, {"type": "Feature", "properties": {"tile_id": 1035, "average_temperature": 18.3964}, "geometry": {"type": "Polygon", "coordinates": [[[-118.4371224244903, 34.032147416427115], [-118.43604190650457, 34.03216004254214], [-118.43605707415522, 34.03306008857543], [-118.43713760354396, 34.033047462035235], [-118.4371224244903, 34.032147416427115]]]}}, {"type": "Feature", "properties": {"tile_id": 1036, "average_temperature": 18.4204}, "geometry": {"type": "Polygon", "coordinates": [[[-118.43604190650457, 34.03216004254214], [-118.43496138784639, 34.032172659166555], [-118.43497654409403, 34.0330727056247], [-118.43605707415522, 34.03306008857543], [-118.43604190650457, 34.03216004254214]]]}}, {"type": "Feature", "properties": {"tile_id": 1037, "average_temperature": 18.4469}, "geometry": {"type": "Polygon", "coordinates": [[[-118.43496138784639, 34.032172659166555], [-118.43388086851624, 34.03218526630033], [-118.43389601336082, 34.03308531318303], [-118.43497654409403, 34.0330727056247], [-118.43496138784639, 34.032172659166555]]]}}, {"type": "Feature", "properties": {"tile_id": 1038, "average_temperature": 18.475}, "geometry": {"type": "Polygon", "coordinates": [[[-118.43388086851624, 34.03218526630033], [-118.43280034851466, 34.032197863943466], [-118.43281548195617, 34.033097911250366], [-118.43389601336082, 34.03308531318303], [-118.43388086851624, 34.03218526630033]]]}}, {"type": "Feature", "properties": {"tile_id": 1039, "average_temperature": 18.5037}, "geometry": {"type": "Polygon", "coordinates": [[[-118.43280034851466, 34.032197863943466], [-118.43171982784214, 34.03221045209592], [-118.43173494988052, 34.033110499826726], [-118.43281548195617, 34.033097911250366], [-118.43280034851466, 34.032197863943466]]]}}, {"type": "Feature", "properties": {"tile_id": 1040, "average_temperature": 18.5321}, "geometry": {"type": "Polygon", "coordinates": [[[-118.43171982784214, 34.03221045209592], [-118.43063930649916, 34.032223030757685], [-118.43065441713443, 34.03312307891207], [-118.43173494988052, 34.033110499826726], [-118.43171982784214, 34.03221045209592]]]}}, {"type": "Feature", "properties": {"tile_id": 1041, "average_temperature": 18.559}, "geometry": {"type": "Polygon", "coordinates": [[[-118.43063930649916, 34.032223030757685], [-118.42955878448628, 34.03223559992875], [-118.42957388371836, 34.033135648506374], [-118.43065441713443, 34.03312307891207], [-118.43063930649916, 34.032223030757685]]]}}, {"type": "Feature", "properties": {"tile_id": 1042, "average_temperature": 18.5836}, "geometry": {"type": "Polygon", "coordinates": [[[-118.42955878448628, 34.03223559992875], [-118.42847826180395, 34.03224815960907], [-118.42849334963286, 34.033148208609646], [-118.42957388371836, 34.033135648506374], [-118.42955878448628, 34.03223559992875]]]}}, {"type": "Feature", "properties": {"tile_id": 1043, "average_temperature": 18.6049}, "geometry": {"type": "Polygon", "coordinates": [[[-118.42847826180395, 34.03224815960907], [-118.42739773845271, 34.032260709798635], [-118.4274128148784, 34.03316075922184], [-118.42849334963286, 34.033148208609646], [-118.42847826180395, 34.03224815960907]]]}}, {"type": "Feature", "properties": {"tile_id": 1044, "average_temperature": 18.6219}, "geometry": {"type": "Polygon", "coordinates": [[[-118.42739773845271, 34.032260709798635], [-118.42631721443306, 34.03227325049744], [-118.42633227945548, 34.03317330034295], [-118.4274128148784, 34.03316075922184], [-118.42739773845271, 34.032260709798635]]]}}, {"type": "Feature", "properties": {"tile_id": 1045, "average_temperature": 18.6342}, "geometry": {"type": "Polygon", "coordinates": [[[-118.42631721443306, 34.03227325049744], [-118.4252366897455, 34.03228578170546], [-118.42525174336464, 34.03318583197294], [-118.42633227945548, 34.03317330034295], [-118.42631721443306, 34.03227325049744]]]}}, {"type": "Feature", "properties": {"tile_id": 1046, "average_temperature": 18.6422}, "geometry": {"type": "Polygon", "coordinates": [[[-118.4252366897455, 34.03228578170546], [-118.42415616439054, 34.03229830342267], [-118.42417120660637, 34.03319835411181], [-118.42525174336464, 34.03318583197294], [-118.4252366897455, 34.03228578170546]]]}}, {"type": "Feature", "properties": {"tile_id": 1047, "average_temperature": 18.6466}, "geometry": {"type": "Polygon", "coordinates": [[[-118.42415616439054, 34.03229830342267], [-118.42307563836866, 34.03231081564905], [-118.42309066918116, 34.033210866759546], [-118.42417120660637, 34.03319835411181], [-118.42415616439054, 34.03229830342267]]]}}, {"type": "Feature", "properties": {"tile_id": 1048, "average_temperature": 18.6478}, "geometry": {"type": "Polygon", "coordinates": [[[-118.42307563836866, 34.03231081564905], [-118.4219951116804, 34.03232331838458], [-118.42201013108956, 34.0332233699161], [-118.42309066918116, 34.033210866759546], [-118.42307563836866, 34.03231081564905]]]}}, {"type": "Feature", "properties": {"tile_id": 1049, "average_temperature": 18.6463}, "geometry": {"type": "Polygon", "coordinates": [[[-118.4219951116804, 34.03232331838458], [-118.42091458432625, 34.032335811629245], [-118.420929592332, 34.033235863581474], [-118.42201013108956, 34.0332233699161], [-118.4219951116804, 34.03232331838458]]]}}, {"type": "Feature", "properties": {"tile_id": 1050, "average_temperature": 18.6429}, "geometry": {"type": "Polygon", "coordinates": [[[-118.42091458432625, 34.032335811629245], [-118.41983405630673, 34.03234829538303], [-118.41984905290906, 34.03324834775564], [-118.420929592332, 34.033235863581474], [-118.42091458432625, 34.032335811629245]]]}}, {"type": "Feature", "properties": {"tile_id": 1051, "average_temperature": 18.6379}, "geometry": {"type": "Polygon", "coordinates": [[[-118.41983405630673, 34.03234829538303], [-118.41875352762231, 34.03236076964591], [-118.41876851282119, 34.033260822438585], [-118.41984905290906, 34.03324834775564], [-118.41983405630673, 34.03234829538303]]]}}, {"type": "Feature", "properties": {"tile_id": 1052, "average_temperature": 18.6319}, "geometry": {"type": "Polygon", "coordinates": [[[-118.41875352762231, 34.03236076964591], [-118.41767299827352, 34.03237323441786], [-118.41768797206893, 34.03327328763028], [-118.41876851282119, 34.033260822438585], [-118.41875352762231, 34.03236076964591]]]}}, {"type": "Feature", "properties": {"tile_id": 1053, "average_temperature": 18.6254}, "geometry": {"type": "Polygon", "coordinates": [[[-118.41767299827352, 34.03237323441786], [-118.41659246826087, 34.03238568969886], [-118.41660743065279, 34.03328574333071], [-118.41768797206893, 34.03327328763028], [-118.41767299827352, 34.03237323441786]]]}}, {"type": "Feature", "properties": {"tile_id": 1054, "average_temperature": 18.619}, "geometry": {"type": "Polygon", "coordinates": [[[-118.41659246826087, 34.03238568969886], [-118.41551193758485, 34.032398135488904], [-118.41552688857323, 34.033298189539856], [-118.41660743065279, 34.03328574333071], [-118.41659246826087, 34.03238568969886]]]}}, {"type": "Feature", "properties": {"tile_id": 1055, "average_temperature": 18.613}, "geometry": {"type": "Polygon", "coordinates": [[[-118.41551193758485, 34.032398135488904], [-118.414431406246, 34.03241057178797], [-118.41444634583081, 34.03331062625771], [-118.41552688857323, 34.033298189539856], [-118.41551193758485, 34.032398135488904]]]}}, {"type": "Feature", "properties": {"tile_id": 1056, "average_temperature": 18.6078}, "geometry": {"type": "Polygon", "coordinates": [[[-118.414431406246, 34.03241057178797], [-118.41335087424477, 34.03242299859603], [-118.413365802426, 34.03332305348424], [-118.41444634583081, 34.03331062625771], [-118.414431406246, 34.03241057178797]]]}}, {"type": "Feature", "properties": {"tile_id": 1057, "average_temperature": 18.6036}, "geometry": {"type": "Polygon", "coordinates": [[[-118.41335087424477, 34.03242299859603], [-118.41227034158169, 34.03243541591307], [-118.41228525835929, 34.03333547121943], [-118.413365802426, 34.03332305348424], [-118.41335087424477, 34.03242299859603]]]}}, {"type": "Feature", "properties": {"tile_id": 1058, "average_temperature": 18.6004}, "geometry": {"type": "Polygon", "coordinates": [[[-118.41227034158169, 34.03243541591307], [-118.41118980825728, 34.03244782373907], [-118.41120471363125, 34.033347879463264], [-118.41228525835929, 34.03333547121943], [-118.41227034158169, 34.03243541591307]]]}}, {"type": "Feature", "properties": {"tile_id": 1059, "average_temperature": 18.5987}, "geometry": {"type": "Polygon", "coordinates": [[[-118.41118980825728, 34.03244782373907], [-118.41010927427205, 34.032460222074015], [-118.41012416824233, 34.0333602782157], [-118.41120471363125, 34.033347879463264], [-118.41118980825728, 34.03244782373907]]]}}, {"type": "Feature", "properties": {"tile_id": 1060, "average_temperature": 18.5985}, "geometry": {"type": "Polygon", "coordinates": [[[-118.41010927427205, 34.032460222074015], [-118.40902873962645, 34.03247261091787], [-118.40904362219305, 34.03337266747676], [-118.41012416824233, 34.0333602782157], [-118.41010927427205, 34.032460222074015]]]}}, {"type": "Feature", "properties": {"tile_id": 1061, "average_temperature": 18.6002}, "geometry": {"type": "Polygon", "coordinates": [[[-118.40902873962645, 34.03247261091787], [-118.40794820432106, 34.03248499027063], [-118.4079630754839, 34.03338504724639], [-118.40904362219305, 34.03337266747676], [-118.40902873962645, 34.03247261091787]]]}}, {"type": "Feature", "properties": {"tile_id": 1062, "average_temperature": 18.604}, "geometry": {"type": "Polygon", "coordinates": [[[-118.40794820432106, 34.03248499027063], [-118.40686766835633, 34.03249736013228], [-118.40688252811543, 34.03339741752458], [-118.4079630754839, 34.03338504724639], [-118.40794820432106, 34.03248499027063]]]}}, {"type": "Feature", "properties": {"tile_id": 1063, "average_temperature": 18.61}, "geometry": {"type": "Polygon", "coordinates": [[[-118.40686766835633, 34.03249736013228], [-118.4057871317328, 34.03250972050279], [-118.4058019800881, 34.03340977831133], [-118.40688252811543, 34.03339741752458], [-118.40686766835633, 34.03249736013228]]]}}, {"type": "Feature", "properties": {"tile_id": 1064, "average_temperature": 18.6186}, "geometry": {"type": "Polygon", "coordinates": [[[-118.4057871317328, 34.03250972050279], [-118.40470659445096, 34.03252207138213], [-118.40472143140245, 34.033422129606585], [-118.4058019800881, 34.03340977831133], [-118.4057871317328, 34.03250972050279]]]}}, {"type": "Feature", "properties": {"tile_id": 1065, "average_temperature": 18.63}, "geometry": {"type": "Polygon", "coordinates": [[[-118.40470659445096, 34.03252207138213], [-118.40362605651131, 34.03253441277032], [-118.40364088205897, 34.03343447141036], [-118.40472143140245, 34.033422129606585], [-118.40470659445096, 34.03252207138213]]]}}, {"type": "Feature", "properties": {"tile_id": 1066, "average_temperature": 18.6436}, "geometry": {"type": "Polygon", "coordinates": [[[-118.40362605651131, 34.03253441277032], [-118.40254551791435, 34.0325467446673], [-118.40256033205814, 34.033446803722626], [-118.40364088205897, 34.03343447141036], [-118.40362605651131, 34.03253441277032]]]}}, {"type": "Feature", "properties": {"tile_id": 1067, "average_temperature": 18.659}, "geometry": {"type": "Polygon", "coordinates": [[[-118.40254551791435, 34.0325467446673], [-118.40146497866063, 34.032559067073066], [-118.4014797814005, 34.03345912654334], [-118.40256033205814, 34.033446803722626], [-118.40254551791435, 34.0325467446673]]]}}, {"type": "Feature", "properties": {"tile_id": 1068, "average_temperature": 18.6756}, "geometry": {"type": "Polygon", "coordinates": [[[-118.40146497866063, 34.032559067073066], [-118.40038443875058, 34.03257137998761], [-118.40039923008653, 34.03347143987252], [-118.4014797814005, 34.03345912654334], [-118.40146497866063, 34.032559067073066]]]}}, {"type": "Feature", "properties": {"tile_id": 1069, "average_temperature": 18.6928}, "geometry": {"type": "Polygon", "coordinates": [[[-118.40038443875058, 34.03257137998761], [-118.39930389818478, 34.0325836834109], [-118.39931867811677, 34.033483743710114], [-118.40039923008653, 34.03347143987252], [-118.40038443875058, 34.03257137998761]]]}}, {"type": "Feature", "properties": {"tile_id": 1070, "average_temperature": 18.3702}, "geometry": {"type": "Polygon", "coordinates": [[[-118.44254024038258, 34.032984186970914], [-118.44145971436389, 34.03299686096549], [-118.44147493970486, 34.033896904731726], [-118.44255547712696, 34.03388423031037], [-118.44254024038258, 34.032984186970914]]]}}, {"type": "Feature", "properties": {"tile_id": 1071, "average_temperature": 18.3762}, "geometry": {"type": "Polygon", "coordinates": [[[-118.44145971436389, 34.03299686096549], [-118.44037918767015, 34.03300952546922], [-118.44039440160776, 34.03390956966193], [-118.44147493970486, 34.033896904731726], [-118.44145971436389, 34.03299686096549]]]}}, {"type": "Feature", "properties": {"tile_id": 1072, "average_temperature": 18.3852}, "geometry": {"type": "Polygon", "coordinates": [[[-118.44037918767015, 34.03300952546922], [-118.43929866030192, 34.03302218048211], [-118.43931386283613, 34.033922225100966], [-118.44039440160776, 34.03390956966193], [-118.44037918767015, 34.03300952546922]]]}}, {"type": "Feature", "properties": {"tile_id": 1073, "average_temperature": 18.3976}, "geometry": {"type": "Polygon", "coordinates": [[[-118.43929866030192, 34.03302218048211], [-118.43821813225966, 34.033034826004105], [-118.43823332339045, 34.03393487104879], [-118.43931386283613, 34.033922225100966], [-118.43929866030192, 34.03302218048211]]]}}, {"type": "Feature", "properties": {"tile_id": 1074, "average_temperature": 18.4137}, "geometry": {"type": "Polygon", "coordinates": [[[-118.43821813225966, 34.033034826004105], [-118.43713760354396, 34.03304746203522], [-118.43715278327126, 34.03394750750541], [-118.43823332339045, 34.03393487104879], [-118.43821813225966, 34.033034826004105]]]}}, {"type": "Feature", "properties": {"tile_id": 1075, "average_temperature": 18.4332}, "geometry": {"type": "Polygon", "coordinates": [[[-118.43713760354396, 34.03304746203522], [-118.43605707415522, 34.033060088575425], [-118.43607224247903, 34.0339601344708], [-118.43715278327126, 34.03394750750541], [-118.43713760354396, 34.03304746203522]]]}}, {"type": "Feature", "properties": {"tile_id": 1076, "average_temperature": 18.4553}, "geometry": {"type": "Polygon", "coordinates": [[[-118.43605707415522, 34.033060088575425], [-118.43497654409403, 34.0330727056247], [-118.43499170101428, 34.03397275194493], [-118.43607224247903, 34.0339601344708], [-118.43605707415522, 34.033060088575425]]]}}, {"type": "Feature", "properties": {"tile_id": 1077, "average_temperature": 18.4793}, "geometry": {"type": "Polygon", "coordinates": [[[-118.43497654409403, 34.0330727056247], [-118.43389601336082, 34.03308531318302], [-118.43391115887754, 34.033985359927804], [-118.43499170101428, 34.03397275194493], [-118.43497654409403, 34.0330727056247]]]}}, {"type": "Feature", "properties": {"tile_id": 1078, "average_temperature": 18.5043}, "geometry": {"type": "Polygon", "coordinates": [[[-118.43389601336082, 34.03308531318302], [-118.43281548195617, 34.03309791125036], [-118.4328306160693, 34.03399795841936], [-118.43391115887754, 34.033985359927804], [-118.43389601336082, 34.03308531318302]]]}}, {"type": "Feature", "properties": {"tile_id": 1079, "average_temperature": 18.5296}, "geometry": {"type": "Polygon", "coordinates": [[[-118.43281548195617, 34.03309791125036], [-118.43173494988052, 34.03311049982672], [-118.43175007259006, 34.03401054741963], [-118.4328306160693, 34.03399795841936], [-118.43281548195617, 34.03309791125036]]]}}, {"type": "Feature", "properties": {"tile_id": 1080, "average_temperature": 18.5543}, "geometry": {"type": "Polygon", "coordinates": [[[-118.43173494988052, 34.03311049982672], [-118.43065441713443, 34.03312307891206], [-118.43066952844032, 34.034023126928574], [-118.43175007259006, 34.03401054741963], [-118.43173494988052, 34.03311049982672]]]}}, {"type": "Feature", "properties": {"tile_id": 1081, "average_temperature": 18.5777}, "geometry": {"type": "Polygon", "coordinates": [[[-118.43065441713443, 34.03312307891206], [-118.42957388371836, 34.033135648506374], [-118.42958898362059, 34.034035696946155], [-118.43066952844032, 34.034023126928574], [-118.43065441713443, 34.03312307891206]]]}}, {"type": "Feature", "properties": {"tile_id": 1082, "average_temperature": 18.599}, "geometry": {"type": "Polygon", "coordinates": [[[-118.42957388371836, 34.033135648506374], [-118.42849334963286, 34.033148208609646], [-118.42850843813137, 34.034048257472364], [-118.42958898362059, 34.034035696946155], [-118.42957388371836, 34.033135648506374]]]}}, {"type": "Feature", "properties": {"tile_id": 1083, "average_temperature": 18.6175}, "geometry": {"type": "Polygon", "coordinates": [[[-118.42849334963286, 34.033148208609646], [-118.4274128148784, 34.03316075922184], [-118.4274278919732, 34.03406080850719], [-118.42850843813137, 34.034048257472364], [-118.42849334963286, 34.033148208609646]]]}}, {"type": "Feature", "properties": {"tile_id": 1084, "average_temperature": 18.6324}, "geometry": {"type": "Polygon", "coordinates": [[[-118.4274128148784, 34.03316075922184], [-118.42633227945548, 34.033173300342945], [-118.42634734514654, 34.03407335005061], [-118.4274278919732, 34.03406080850719], [-118.4274128148784, 34.03316075922184]]]}}, {"type": "Feature", "properties": {"tile_id": 1085, "average_temperature": 18.6434}, "geometry": {"type": "Polygon", "coordinates": [[[-118.42633227945548, 34.033173300342945], [-118.42525174336464, 34.03318583197294], [-118.42526679765191, 34.034085882102595], [-118.42634734514654, 34.03407335005061], [-118.42633227945548, 34.033173300342945]]]}}, {"type": "Feature", "properties": {"tile_id": 1086, "average_temperature": 18.6509}, "geometry": {"type": "Polygon", "coordinates": [[[-118.42525174336464, 34.03318583197294], [-118.42417120660637, 34.03319835411181], [-118.42418624948981, 34.03409840466314], [-118.42526679765191, 34.034085882102595], [-118.42525174336464, 34.03318583197294]]]}}, {"type": "Feature", "properties": {"tile_id": 1087, "average_temperature": 18.6552}, "geometry": {"type": "Polygon", "coordinates": [[[-118.42417120660637, 34.03319835411181], [-118.42309066918116, 34.03321086675954], [-118.42310570066078, 34.034110917732214], [-118.42418624948981, 34.03409840466314], [-118.42417120660637, 34.03319835411181]]]}}, {"type": "Feature", "properties": {"tile_id": 1088, "average_temperature": 18.6568}, "geometry": {"type": "Polygon", "coordinates": [[[-118.42309066918116, 34.03321086675954], [-118.42201013108956, 34.033223369916094], [-118.42202515116529, 34.034123421309815], [-118.42310570066078, 34.034110917732214], [-118.42309066918116, 34.03321086675954]]]}}, {"type": "Feature", "properties": {"tile_id": 1089, "average_temperature": 18.656}, "geometry": {"type": "Polygon", "coordinates": [[[-118.42201013108956, 34.033223369916094], [-118.420929592332, 34.03323586358146], [-118.42094460100385, 34.03413591539589], [-118.42202515116529, 34.034123421309815], [-118.42201013108956, 34.033223369916094]]]}}, {"type": "Feature", "properties": {"tile_id": 1090, "average_temperature": 18.6533}, "geometry": {"type": "Polygon", "coordinates": [[[-118.420929592332, 34.03323586358146], [-118.41984905290906, 34.03324834775563], [-118.41986405017697, 34.03414839999045], [-118.42094460100385, 34.03413591539589], [-118.420929592332, 34.03323586358146]]]}}, {"type": "Feature", "properties": {"tile_id": 1091, "average_temperature": 18.6491}, "geometry": {"type": "Polygon", "coordinates": [[[-118.41984905290906, 34.03324834775563], [-118.41876851282119, 34.03326082243858], [-118.41878349868516, 34.03416087509347], [-118.41986405017697, 34.03414839999045], [-118.41984905290906, 34.03324834775563]]]}}, {"type": "Feature", "properties": {"tile_id": 1092, "average_temperature": 18.6437}, "geometry": {"type": "Polygon", "coordinates": [[[-118.41876851282119, 34.03326082243858], [-118.41768797206893, 34.03327328763027], [-118.4177029465289, 34.03417334070492], [-118.41878349868516, 34.03416087509347], [-118.41876851282119, 34.03326082243858]]]}}, {"type": "Feature", "properties": {"tile_id": 1093, "average_temperature": 18.6374}, "geometry": {"type": "Polygon", "coordinates": [[[-118.41768797206893, 34.03327328763027], [-118.41660743065279, 34.03328574333071], [-118.41662239370874, 34.03418579682479], [-118.4177029465289, 34.03417334070492], [-118.41768797206893, 34.03327328763027]]]}}, {"type": "Feature", "properties": {"tile_id": 1094, "average_temperature": 18.6307}, "geometry": {"type": "Polygon", "coordinates": [[[-118.41660743065279, 34.03328574333071], [-118.41552688857323, 34.033298189539856], [-118.41554184022516, 34.03419824345305], [-118.41662239370874, 34.03418579682479], [-118.41660743065279, 34.03328574333071]]]}}, {"type": "Feature", "properties": {"tile_id": 1095, "average_temperature": 18.6239}, "geometry": {"type": "Polygon", "coordinates": [[[-118.41552688857323, 34.033298189539856], [-118.41444634583081, 34.03331062625771], [-118.41446128607865, 34.034210680589695], [-118.41554184022516, 34.03419824345305], [-118.41552688857323, 34.033298189539856]]]}}, {"type": "Feature", "properties": {"tile_id": 1096, "average_temperature": 18.6173}, "geometry": {"type": "Polygon", "coordinates": [[[-118.41444634583081, 34.03331062625771], [-118.413365802426, 34.03332305348423], [-118.41338073126974, 34.034223108234706], [-118.41446128607865, 34.034210680589695], [-118.41444634583081, 34.03331062625771]]]}}, {"type": "Feature", "properties": {"tile_id": 1097, "average_temperature": 18.6112}, "geometry": {"type": "Polygon", "coordinates": [[[-118.413365802426, 34.03332305348423], [-118.41228525835929, 34.03333547121942], [-118.41230017579892, 34.03423552638805], [-118.41338073126974, 34.034223108234706], [-118.413365802426, 34.03332305348423]]]}}, {"type": "Feature", "properties": {"tile_id": 1098, "average_temperature": 18.6059}, "geometry": {"type": "Polygon", "coordinates": [[[-118.41228525835929, 34.03333547121942], [-118.41120471363125, 34.03334787946326], [-118.41121961966672, 34.03424793504971], [-118.41230017579892, 34.03423552638805], [-118.41228525835929, 34.03333547121942]]]}}, {"type": "Feature", "properties": {"tile_id": 1099, "average_temperature": 18.6018}, "geometry": {"type": "Polygon", "coordinates": [[[-118.41120471363125, 34.03334787946326], [-118.41012416824233, 34.033360278215696], [-118.41013906287361, 34.03426033421968], [-118.41121961966672, 34.03424793504971], [-118.41120471363125, 34.03334787946326]]]}}, {"type": "Feature", "properties": {"tile_id": 1100, "average_temperature": 18.5993}, "geometry": {"type": "Polygon", "coordinates": [[[-118.41012416824233, 34.033360278215696], [-118.40904362219305, 34.033372667476755], [-118.40905850542015, 34.03427272389793], [-118.41013906287361, 34.03426033421968], [-118.41012416824233, 34.033360278215696]]]}}, {"type": "Feature", "properties": {"tile_id": 1101, "average_temperature": 18.5987}, "geometry": {"type": "Polygon", "coordinates": [[[-118.40904362219305, 34.033372667476755], [-118.4079630754839, 34.03338504724638], [-118.40797794730676, 34.034285104084454], [-118.40905850542015, 34.03427272389793], [-118.40904362219305, 34.033372667476755]]]}}, {"type": "Feature", "properties": {"tile_id": 1102, "average_temperature": 18.6003}, "geometry": {"type": "Polygon", "coordinates": [[[-118.4079630754839, 34.03338504724638], [-118.40688252811543, 34.033397417524576], [-118.40689738853402, 34.0342974747792], [-118.40797794730676, 34.034285104084454], [-118.4079630754839, 34.03338504724638]]]}}, {"type": "Feature", "properties": {"tile_id": 1103, "average_temperature": 18.6046}, "geometry": {"type": "Polygon", "coordinates": [[[-118.40688252811543, 34.033397417524576], [-118.4058019800881, 34.033409778311324], [-118.40581682910239, 34.03430983598218], [-118.40689738853402, 34.0342974747792], [-118.40688252811543, 34.033397417524576]]]}}, {"type": "Feature", "properties": {"tile_id": 1104, "average_temperature": 18.6118}, "geometry": {"type": "Polygon", "coordinates": [[[-118.4058019800881, 34.033409778311324], [-118.40472143140245, 34.03342212960658], [-118.40473626901242, 34.03432218769336], [-118.40581682910239, 34.03430983598218], [-118.4058019800881, 34.033409778311324]]]}}, {"type": "Feature", "properties": {"tile_id": 1105, "average_temperature": 18.6223}, "geometry": {"type": "Polygon", "coordinates": [[[-118.40472143140245, 34.03342212960658], [-118.40364088205897, 34.03343447141035], [-118.40365570826458, 34.034334529912734], [-118.40473626901242, 34.03432218769336], [-118.40472143140245, 34.03342212960658]]]}}, {"type": "Feature", "properties": {"tile_id": 1106, "average_temperature": 18.6357}, "geometry": {"type": "Polygon", "coordinates": [[[-118.40364088205897, 34.03343447141035], [-118.40256033205814, 34.03344680372261], [-118.40257514685938, 34.03434686264028], [-118.40365570826458, 34.034334529912734], [-118.40364088205897, 34.03343447141035]]]}}, {"type": "Feature", "properties": {"tile_id": 1107, "average_temperature": 18.6512}, "geometry": {"type": "Polygon", "coordinates": [[[-118.40256033205814, 34.03344680372261], [-118.4014797814005, 34.03345912654334], [-118.40149458479736, 34.03435918587596], [-118.40257514685938, 34.03434686264028], [-118.40256033205814, 34.03344680372261]]]}}, {"type": "Feature", "properties": {"tile_id": 1108, "average_temperature": 18.6683}, "geometry": {"type": "Polygon", "coordinates": [[[-118.4014797814005, 34.03345912654334], [-118.40039923008653, 34.03347143987251], [-118.40041402207895, 34.03437149961977], [-118.40149458479736, 34.03435918587596], [-118.4014797814005, 34.03345912654334]]]}}, {"type": "Feature", "properties": {"tile_id": 1109, "average_temperature": 18.6863}, "geometry": {"type": "Polygon", "coordinates": [[[-118.40039923008653, 34.03347143987251], [-118.39931867811677, 34.03348374371011], [-118.39933345870473, 34.034383803871705], [-118.40041402207895, 34.03437149961977], [-118.40039923008653, 34.03347143987251]]]}}, {"type": "Feature", "properties": {"tile_id": 1110, "average_temperature": 18.4344}, "geometry": {"type": "Polygon", "coordinates": [[[-118.44039440160776, 34.03390956966193], [-118.43931386283613, 34.033922225100966], [-118.43932906604503, 34.034822269581845], [-118.4404096162206, 34.034809613716675], [-118.44039440160776, 34.03390956966193]]]}}, {"type": "Feature", "properties": {"tile_id": 1111, "average_temperature": 18.4485}, "geometry": {"type": "Polygon", "coordinates": [[[-118.43931386283613, 34.033922225100966], [-118.43823332339045, 34.03393487104879], [-118.43824851519541, 34.03483491595552], [-118.43932906604503, 34.034822269581845], [-118.43931386283613, 34.033922225100966]]]}}, {"type": "Feature", "properties": {"tile_id": 1112, "average_temperature": 18.4646}, "geometry": {"type": "Polygon", "coordinates": [[[-118.43823332339045, 34.03393487104879], [-118.43715278327126, 34.03394750750541], [-118.43716796367225, 34.034847552837654], [-118.43824851519541, 34.03483491595552], [-118.43823332339045, 34.03393487104879]]]}}, {"type": "Feature", "properties": {"tile_id": 1113, "average_temperature": 18.4827}, "geometry": {"type": "Polygon", "coordinates": [[[-118.43715278327126, 34.03394750750541], [-118.43607224247903, 34.0339601344708], [-118.43608741147602, 34.03486018022823], [-118.43716796367225, 34.034847552837654], [-118.43715278327126, 34.03394750750541]]]}}, {"type": "Feature", "properties": {"tile_id": 1114, "average_temperature": 18.5022}, "geometry": {"type": "Polygon", "coordinates": [[[-118.43607224247903, 34.0339601344708], [-118.43499170101428, 34.03397275194493], [-118.43500685860727, 34.034872798127246], [-118.43608741147602, 34.03486018022823], [-118.43607224247903, 34.0339601344708]]]}}, {"type": "Feature", "properties": {"tile_id": 1115, "average_temperature": 18.5226}, "geometry": {"type": "Polygon", "coordinates": [[[-118.43499170101428, 34.03397275194493], [-118.43391115887754, 34.033985359927804], [-118.43392630506645, 34.03488540653468], [-118.43500685860727, 34.034872798127246], [-118.43499170101428, 34.03397275194493]]]}}, {"type": "Feature", "properties": {"tile_id": 1116, "average_temperature": 18.5432}, "geometry": {"type": "Polygon", "coordinates": [[[-118.43391115887754, 34.033985359927804], [-118.4328306160693, 34.03399795841936], [-118.43284575085411, 34.03489800545047], [-118.43392630506645, 34.03488540653468], [-118.43391115887754, 34.033985359927804]]]}}, {"type": "Feature", "properties": {"tile_id": 1117, "average_temperature": 18.5636}, "geometry": {"type": "Polygon", "coordinates": [[[-118.4328306160693, 34.03399795841936], [-118.43175007259006, 34.03401054741963], [-118.43176519597074, 34.03491059487466], [-118.43284575085411, 34.03489800545047], [-118.4328306160693, 34.03399795841936]]]}}, {"type": "Feature", "properties": {"tile_id": 1118, "average_temperature": 18.5832}, "geometry": {"type": "Polygon", "coordinates": [[[-118.43175007259006, 34.03401054741963], [-118.43066952844032, 34.034023126928574], [-118.43068464041687, 34.03492317480719], [-118.43176519597074, 34.03491059487466], [-118.43175007259006, 34.03401054741963]]]}}, {"type": "Feature", "properties": {"tile_id": 1119, "average_temperature": 18.6016}, "geometry": {"type": "Polygon", "coordinates": [[[-118.43066952844032, 34.034023126928574], [-118.42958898362059, 34.034035696946155], [-118.42960408419295, 34.03493574524805], [-118.43068464041687, 34.03492317480719], [-118.43066952844032, 34.034023126928574]]]}}, {"type": "Feature", "properties": {"tile_id": 1120, "average_temperature": 18.6183}, "geometry": {"type": "Polygon", "coordinates": [[[-118.42958898362059, 34.034035696946155], [-118.42850843813137, 34.034048257472364], [-118.42852352729956, 34.03494830619722], [-118.42960408419295, 34.03493574524805], [-118.42958898362059, 34.034035696946155]]]}}, {"type": "Feature", "properties": {"tile_id": 1121, "average_temperature": 18.6329}, "geometry": {"type": "Polygon", "coordinates": [[[-118.42850843813137, 34.034048257472364], [-118.4274278919732, 34.03406080850719], [-118.42744296973713, 34.03496085765468], [-118.42852352729956, 34.03494830619722], [-118.42850843813137, 34.034048257472364]]]}}, {"type": "Feature", "properties": {"tile_id": 1122, "average_temperature": 18.6448}, "geometry": {"type": "Polygon", "coordinates": [[[-118.4274278919732, 34.03406080850719], [-118.42634734514654, 34.03407335005061], [-118.4263624115062, 34.03497339962042], [-118.42744296973713, 34.03496085765468], [-118.4274278919732, 34.03406080850719]]]}}, {"type": "Feature", "properties": {"tile_id": 1123, "average_temperature": 18.6539}, "geometry": {"type": "Polygon", "coordinates": [[[-118.42634734514654, 34.03407335005061], [-118.42526679765191, 34.034085882102595], [-118.42528185260728, 34.03498593209441], [-118.4263624115062, 34.03497339962042], [-118.42634734514654, 34.03407335005061]]]}}, {"type": "Feature", "properties": {"tile_id": 1124, "average_temperature": 18.6604}, "geometry": {"type": "Polygon", "coordinates": [[[-118.42526679765191, 34.034085882102595], [-118.42418624948981, 34.03409840466314], [-118.42420129304087, 34.03499845507663], [-118.42528185260728, 34.03498593209441], [-118.42526679765191, 34.034085882102595]]]}}, {"type": "Feature", "properties": {"tile_id": 1125, "average_temperature": 18.6645}, "geometry": {"type": "Polygon", "coordinates": [[[-118.42418624948981, 34.03409840466314], [-118.42310570066078, 34.034110917732214], [-118.42312073280749, 34.035010968567065], [-118.42420129304087, 34.03499845507663], [-118.42418624948981, 34.03409840466314]]]}}, {"type": "Feature", "properties": {"tile_id": 1126, "average_temperature": 18.6665}, "geometry": {"type": "Polygon", "coordinates": [[[-118.42310570066078, 34.034110917732214], [-118.42202515116529, 34.034123421309815], [-118.42204017190762, 34.0350234725657], [-118.42312073280749, 34.035010968567065], [-118.42310570066078, 34.034110917732214]]]}}, {"type": "Feature", "properties": {"tile_id": 1127, "average_temperature": 18.6664}, "geometry": {"type": "Polygon", "coordinates": [[[-118.42202515116529, 34.034123421309815], [-118.42094460100385, 34.03413591539589], [-118.4209596103418, 34.0350359670725], [-118.42204017190762, 34.0350234725657], [-118.42202515116529, 34.034123421309815]]]}}, {"type": "Feature", "properties": {"tile_id": 1128, "average_temperature": 18.6647}, "geometry": {"type": "Polygon", "coordinates": [[[-118.42094460100385, 34.03413591539589], [-118.41986405017697, 34.03414839999045], [-118.41987904811046, 34.035048452087466], [-118.4209596103418, 34.0350359670725], [-118.42094460100385, 34.03413591539589]]]}}, {"type": "Feature", "properties": {"tile_id": 1129, "average_temperature": 18.6614}, "geometry": {"type": "Polygon", "coordinates": [[[-118.41986405017697, 34.03414839999045], [-118.41878349868516, 34.03416087509347], [-118.4187984852142, 34.035060927610566], [-118.41987904811046, 34.035048452087466], [-118.41986405017697, 34.03414839999045]]]}}, {"type": "Feature", "properties": {"tile_id": 1130, "average_temperature": 18.6567}, "geometry": {"type": "Polygon", "coordinates": [[[-118.41878349868516, 34.03416087509347], [-118.4177029465289, 34.03417334070492], [-118.41771792165348, 34.03507339364178], [-118.4187984852142, 34.035060927610566], [-118.41878349868516, 34.03416087509347]]]}}, {"type": "Feature", "properties": {"tile_id": 1131, "average_temperature": 18.6508}, "geometry": {"type": "Polygon", "coordinates": [[[-118.4177029465289, 34.03417334070492], [-118.41662239370874, 34.03418579682479], [-118.41663735742877, 34.03508585018108], [-118.41771792165348, 34.03507339364178], [-118.4177029465289, 34.03417334070492]]]}}, {"type": "Feature", "properties": {"tile_id": 1132, "average_temperature": 18.6439}, "geometry": {"type": "Polygon", "coordinates": [[[-118.41662239370874, 34.03418579682479], [-118.41554184022516, 34.03419824345305], [-118.41555679254067, 34.03509829722849], [-118.41663735742877, 34.03508585018108], [-118.41662239370874, 34.03418579682479]]]}}, {"type": "Feature", "properties": {"tile_id": 1133, "average_temperature": 18.6362}, "geometry": {"type": "Polygon", "coordinates": [[[-118.41554184022516, 34.03419824345305], [-118.41446128607865, 34.034210680589695], [-118.41447622698958, 34.035110734783935], [-118.41555679254067, 34.03509829722849], [-118.41554184022516, 34.03419824345305]]]}}, {"type": "Feature", "properties": {"tile_id": 1134, "average_temperature": 18.628}, "geometry": {"type": "Polygon", "coordinates": [[[-118.41446128607865, 34.034210680589695], [-118.41338073126974, 34.034223108234706], [-118.41339566077606, 34.03512316284742], [-118.41447622698958, 34.035110734783935], [-118.41446128607865, 34.034210680589695]]]}}, {"type": "Feature", "properties": {"tile_id": 1135, "average_temperature": 18.6199}, "geometry": {"type": "Polygon", "coordinates": [[[-118.41338073126974, 34.034223108234706], [-118.41230017579892, 34.03423552638805], [-118.41231509390065, 34.035135581418935], [-118.41339566077606, 34.03512316284742], [-118.41338073126974, 34.034223108234706]]]}}, {"type": "Feature", "properties": {"tile_id": 1136, "average_temperature": 18.6123}, "geometry": {"type": "Polygon", "coordinates": [[[-118.41230017579892, 34.03423552638805], [-118.41121961966672, 34.03424793504971], [-118.41123452636377, 34.03514799049844], [-118.41231509390065, 34.035135581418935], [-118.41230017579892, 34.03423552638805]]]}}, {"type": "Feature", "properties": {"tile_id": 1137, "average_temperature": 18.6057}, "geometry": {"type": "Polygon", "coordinates": [[[-118.41121961966672, 34.03424793504971], [-118.41013906287361, 34.03426033421968], [-118.41015395816598, 34.035160390085935], [-118.41123452636377, 34.03514799049844], [-118.41121961966672, 34.03424793504971]]]}}, {"type": "Feature", "properties": {"tile_id": 1138, "average_temperature": 18.6006}, "geometry": {"type": "Polygon", "coordinates": [[[-118.41013906287361, 34.03426033421968], [-118.40905850542015, 34.03427272389793], [-118.40907338930776, 34.03517278018139], [-118.41015395816598, 34.035160390085935], [-118.41013906287361, 34.03426033421968]]]}}, {"type": "Feature", "properties": {"tile_id": 1139, "average_temperature": 18.5975}, "geometry": {"type": "Polygon", "coordinates": [[[-118.40905850542015, 34.03427272389793], [-118.40797794730676, 34.034285104084454], [-118.40799281978965, 34.03518516078479], [-118.40907338930776, 34.03517278018139], [-118.40905850542015, 34.03427272389793]]]}}, {"type": "Feature", "properties": {"tile_id": 1140, "average_temperature": 18.5968}, "geometry": {"type": "Polygon", "coordinates": [[[-118.40797794730676, 34.034285104084454], [-118.40689738853402, 34.0342974747792], [-118.40691224961216, 34.03519753189612], [-118.40799281978965, 34.03518516078479], [-118.40797794730676, 34.034285104084454]]]}}, {"type": "Feature", "properties": {"tile_id": 1141, "average_temperature": 18.599}, "geometry": {"type": "Polygon", "coordinates": [[[-118.40689738853402, 34.0342974747792], [-118.40581682910239, 34.03430983598218], [-118.40583167877573, 34.03520989351534], [-118.40691224961216, 34.03519753189612], [-118.40689738853402, 34.0342974747792]]]}}, {"type": "Feature", "properties": {"tile_id": 1142, "average_temperature": 18.6048}, "geometry": {"type": "Polygon", "coordinates": [[[-118.40581682910239, 34.03430983598218], [-118.40473626901242, 34.03432218769336], [-118.40475110728092, 34.03522224564246], [-118.40583167877573, 34.03520989351534], [-118.40581682910239, 34.03430983598218]]]}}, {"type": "Feature", "properties": {"tile_id": 1143, "average_temperature": 18.6144}, "geometry": {"type": "Polygon", "coordinates": [[[-118.40473626901242, 34.03432218769336], [-118.40365570826458, 34.034334529912734], [-118.40367053512824, 34.03523458827743], [-118.40475110728092, 34.03522224564246], [-118.40473626901242, 34.03432218769336]]]}}, {"type": "Feature", "properties": {"tile_id": 1144, "average_temperature": 18.6274}, "geometry": {"type": "Polygon", "coordinates": [[[-118.40365570826458, 34.034334529912734], [-118.40257514685938, 34.03434686264028], [-118.40258996231816, 34.035246921420274], [-118.40367053512824, 34.03523458827743], [-118.40365570826458, 34.034334529912734]]]}}, {"type": "Feature", "properties": {"tile_id": 1145, "average_temperature": 18.643}, "geometry": {"type": "Polygon", "coordinates": [[[-118.40257514685938, 34.03434686264028], [-118.40149458479736, 34.03435918587596], [-118.40150938885121, 34.03525924507093], [-118.40258996231816, 34.035246921420274], [-118.40257514685938, 34.03434686264028]]]}}, {"type": "Feature", "properties": {"tile_id": 1146, "average_temperature": 18.6606}, "geometry": {"type": "Polygon", "coordinates": [[[-118.40149458479736, 34.03435918587596], [-118.40041402207895, 34.03437149961977], [-118.40042881472789, 34.03527155922939], [-118.40150938885121, 34.03525924507093], [-118.40149458479736, 34.03435918587596]]]}}, {"type": "Feature", "properties": {"tile_id": 1147, "average_temperature": 18.6794}, "geometry": {"type": "Polygon", "coordinates": [[[-118.40041402207895, 34.03437149961977], [-118.39933345870473, 34.034383803871705], [-118.39934823994868, 34.03528386389565], [-118.40042881472789, 34.03527155922939], [-118.40041402207895, 34.03437149961977]]]}}, {"type": "Feature", "properties": {"tile_id": 1148, "average_temperature": 18.6986}, "geometry": {"type": "Polygon", "coordinates": [[[-118.39933345870473, 34.034383803871705], [-118.39825289467517, 34.03439609863172], [-118.39826766451414, 34.03529615906968], [-118.39934823994868, 34.03528386389565], [-118.39933345870473, 34.034383803871705]]]}}, {"type": "Feature", "properties": {"tile_id": 1149, "average_temperature": 18.5202}, "geometry": {"type": "Polygon", "coordinates": [[[-118.43824851519541, 34.03483491595552], [-118.43716796367225, 34.034847552837654], [-118.43718314474695, 34.03574759803197], [-118.43826370767462, 34.035734960724305], [-118.43824851519541, 34.03483491595552]]]}}, {"type": "Feature", "properties": {"tile_id": 1150, "average_temperature": 18.5365}, "geometry": {"type": "Polygon", "coordinates": [[[-118.43716796367225, 34.034847552837654], [-118.43608741147602, 34.03486018022823], [-118.43610258114624, 34.035760225847746], [-118.43718314474695, 34.03574759803197], [-118.43716796367225, 34.034847552837654]]]}}, {"type": "Feature", "properties": {"tile_id": 1151, "average_temperature": 18.5528}, "geometry": {"type": "Polygon", "coordinates": [[[-118.43608741147602, 34.03486018022823], [-118.43500685860727, 34.034872798127246], [-118.43502201687292, 34.03577284417163], [-118.43610258114624, 34.035760225847746], [-118.43608741147602, 34.03486018022823]]]}}, {"type": "Feature", "properties": {"tile_id": 1152, "average_temperature": 18.5688}, "geometry": {"type": "Polygon", "coordinates": [[[-118.43500685860727, 34.034872798127246], [-118.43392630506645, 34.03488540653468], [-118.43394145192755, 34.03578545300363], [-118.43502201687292, 34.03577284417163], [-118.43500685860727, 34.034872798127246]]]}}, {"type": "Feature", "properties": {"tile_id": 1153, "average_temperature": 18.5842}, "geometry": {"type": "Polygon", "coordinates": [[[-118.43392630506645, 34.03488540653468], [-118.43284575085411, 34.03489800545047], [-118.43286088631062, 34.03579805234367], [-118.43394145192755, 34.03578545300363], [-118.43392630506645, 34.03488540653468]]]}}, {"type": "Feature", "properties": {"tile_id": 1154, "average_temperature": 18.5989}, "geometry": {"type": "Polygon", "coordinates": [[[-118.43284575085411, 34.03489800545047], [-118.43176519597074, 34.03491059487466], [-118.43178032002263, 34.03581064219178], [-118.43286088631062, 34.03579805234367], [-118.43284575085411, 34.03489800545047]]]}}, {"type": "Feature", "properties": {"tile_id": 1155, "average_temperature": 18.6127}, "geometry": {"type": "Polygon", "coordinates": [[[-118.43176519597074, 34.03491059487466], [-118.43068464041687, 34.03492317480719], [-118.43069975306408, 34.03582322254792], [-118.43178032002263, 34.03581064219178], [-118.43176519597074, 34.03491059487466]]]}}, {"type": "Feature", "properties": {"tile_id": 1156, "average_temperature": 18.6253}, "geometry": {"type": "Polygon", "coordinates": [[[-118.43068464041687, 34.03492317480719], [-118.42960408419295, 34.03493574524805], [-118.4296191854355, 34.03583579341206], [-118.43069975306408, 34.03582322254792], [-118.43068464041687, 34.03492317480719]]]}}, {"type": "Feature", "properties": {"tile_id": 1157, "average_temperature": 18.6367}, "geometry": {"type": "Polygon", "coordinates": [[[-118.42960408419295, 34.03493574524805], [-118.42852352729956, 34.03494830619722], [-118.42853861713738, 34.03584835478421], [-118.4296191854355, 34.03583579341206], [-118.42960408419295, 34.03493574524805]]]}}, {"type": "Feature", "properties": {"tile_id": 1158, "average_temperature": 18.6466}, "geometry": {"type": "Polygon", "coordinates": [[[-118.42852352729956, 34.03494830619722], [-118.42744296973713, 34.03496085765468], [-118.42745804817022, 34.03586090666432], [-118.42853861713738, 34.03584835478421], [-118.42852352729956, 34.03494830619722]]]}}, {"type": "Feature", "properties": {"tile_id": 1159, "average_temperature": 18.655}, "geometry": {"type": "Polygon", "coordinates": [[[-118.42744296973713, 34.03496085765468], [-118.4263624115062, 34.03497339962042], [-118.42637747853453, 34.03587344905238], [-118.42745804817022, 34.03586090666432], [-118.42744296973713, 34.03496085765468]]]}}, {"type": "Feature", "properties": {"tile_id": 1160, "average_temperature": 18.6617}, "geometry": {"type": "Polygon", "coordinates": [[[-118.4263624115062, 34.03497339962042], [-118.42528185260728, 34.03498593209441], [-118.42529690823083, 34.035885981948375], [-118.42637747853453, 34.03587344905238], [-118.4263624115062, 34.03497339962042]]]}}, {"type": "Feature", "properties": {"tile_id": 1161, "average_temperature": 18.6669}, "geometry": {"type": "Polygon", "coordinates": [[[-118.42528185260728, 34.03498593209441], [-118.42420129304087, 34.03499845507663], [-118.4242163372596, 34.035898505352286], [-118.42529690823083, 34.035885981948375], [-118.42528185260728, 34.03498593209441]]]}}, {"type": "Feature", "properties": {"tile_id": 1162, "average_temperature": 18.6705}, "geometry": {"type": "Polygon", "coordinates": [[[-118.42420129304087, 34.03499845507663], [-118.42312073280749, 34.035010968567065], [-118.42313576562135, 34.03591101926409], [-118.4242163372596, 34.035898505352286], [-118.42420129304087, 34.03499845507663]]]}}, {"type": "Feature", "properties": {"tile_id": 1163, "average_temperature": 18.6726}, "geometry": {"type": "Polygon", "coordinates": [[[-118.42312073280749, 34.035010968567065], [-118.42204017190762, 34.0350234725657], [-118.42205519331661, 34.03592352368378], [-118.42313576562135, 34.03591101926409], [-118.42312073280749, 34.035010968567065]]]}}, {"type": "Feature", "properties": {"tile_id": 1164, "average_temperature": 18.6732}, "geometry": {"type": "Polygon", "coordinates": [[[-118.42204017190762, 34.0350234725657], [-118.4209596103418, 34.0350359670725], [-118.42097462034586, 34.03593601861131], [-118.42205519331661, 34.03592352368378], [-118.42204017190762, 34.0350234725657]]]}}, {"type": "Feature", "properties": {"tile_id": 1165, "average_temperature": 18.6724}, "geometry": {"type": "Polygon", "coordinates": [[[-118.4209596103418, 34.0350359670725], [-118.41987904811046, 34.035048452087466], [-118.4198940467096, 34.03594850404669], [-118.42097462034586, 34.03593601861131], [-118.4209596103418, 34.0350359670725]]]}}, {"type": "Feature", "properties": {"tile_id": 1166, "average_temperature": 18.6701}, "geometry": {"type": "Polygon", "coordinates": [[[-118.41987904811046, 34.035048452087466], [-118.4187984852142, 34.035060927610566], [-118.41881347240837, 34.035960979989866], [-118.4198940467096, 34.03594850404669], [-118.41987904811046, 34.035048452087466]]]}}, {"type": "Feature", "properties": {"tile_id": 1167, "average_temperature": 18.6663}, "geometry": {"type": "Polygon", "coordinates": [[[-118.4187984852142, 34.035060927610566], [-118.41771792165348, 34.03507339364178], [-118.41773289744263, 34.03597344644087], [-118.41881347240837, 34.035960979989866], [-118.4187984852142, 34.035060927610566]]]}}, {"type": "Feature", "properties": {"tile_id": 1168, "average_temperature": 18.6611}, "geometry": {"type": "Polygon", "coordinates": [[[-118.41771792165348, 34.03507339364178], [-118.41663735742877, 34.03508585018108], [-118.41665232181293, 34.03598590339963], [-118.41773289744263, 34.03597344644087], [-118.41771792165348, 34.03507339364178]]]}}, {"type": "Feature", "properties": {"tile_id": 1169, "average_temperature": 18.6543}, "geometry": {"type": "Polygon", "coordinates": [[[-118.41663735742877, 34.03508585018108], [-118.41555679254067, 34.03509829722849], [-118.41557174551976, 34.035998350866144], [-118.41665232181293, 34.03598590339963], [-118.41663735742877, 34.03508585018108]]]}}, {"type": "Feature", "properties": {"tile_id": 1170, "average_temperature": 18.646}, "geometry": {"type": "Polygon", "coordinates": [[[-118.41555679254067, 34.03509829722849], [-118.41447622698958, 34.035110734783935], [-118.41449116856361, 34.036010788840414], [-118.41557174551976, 34.035998350866144], [-118.41555679254067, 34.03509829722849]]]}}, {"type": "Feature", "properties": {"tile_id": 1171, "average_temperature": 18.6368}, "geometry": {"type": "Polygon", "coordinates": [[[-118.41447622698958, 34.035110734783935], [-118.41339566077606, 34.03512316284742], [-118.41341059094499, 34.036023217322395], [-118.41449116856361, 34.036010788840414], [-118.41447622698958, 34.035110734783935]]]}}, {"type": "Feature", "properties": {"tile_id": 1172, "average_temperature": 18.6273}, "geometry": {"type": "Polygon", "coordinates": [[[-118.41339566077606, 34.03512316284742], [-118.41231509390065, 34.035135581418935], [-118.41233001266443, 34.036035636312086], [-118.41341059094499, 34.036023217322395], [-118.41339566077606, 34.03512316284742]]]}}, {"type": "Feature", "properties": {"tile_id": 1173, "average_temperature": 18.6179}, "geometry": {"type": "Polygon", "coordinates": [[[-118.41231509390065, 34.035135581418935], [-118.41123452636377, 34.03514799049844], [-118.41124943372239, 34.03604804580945], [-118.41233001266443, 34.036035636312086], [-118.41231509390065, 34.035135581418935]]]}}, {"type": "Feature", "properties": {"tile_id": 1174, "average_temperature": 18.6094}, "geometry": {"type": "Polygon", "coordinates": [[[-118.41123452636377, 34.03514799049844], [-118.41015395816598, 34.035160390085935], [-118.4101688541194, 34.036060445814485], [-118.41124943372239, 34.03604804580945], [-118.41123452636377, 34.03514799049844]]]}}, {"type": "Feature", "properties": {"tile_id": 1175, "average_temperature": 18.6022}, "geometry": {"type": "Polygon", "coordinates": [[[-118.41015395816598, 34.035160390085935], [-118.40907338930776, 34.03517278018139], [-118.40908827385599, 34.03607283632715], [-118.4101688541194, 34.036060445814485], [-118.41015395816598, 34.035160390085935]]]}}, {"type": "Feature", "properties": {"tile_id": 1176, "average_temperature": 18.597}, "geometry": {"type": "Polygon", "coordinates": [[[-118.40907338930776, 34.03517278018139], [-118.40799281978965, 34.03518516078479], [-118.40800769293264, 34.03608521734745], [-118.40908827385599, 34.03607283632715], [-118.40907338930776, 34.03517278018139]]]}}, {"type": "Feature", "properties": {"tile_id": 1177, "average_temperature": 18.5945}, "geometry": {"type": "Polygon", "coordinates": [[[-118.40799281978965, 34.03518516078479], [-118.40691224961216, 34.03519753189612], [-118.40692711134984, 34.03609758887535], [-118.40800769293264, 34.03608521734745], [-118.40799281978965, 34.03518516078479]]]}}, {"type": "Feature", "properties": {"tile_id": 1178, "average_temperature": 18.5952}, "geometry": {"type": "Polygon", "coordinates": [[[-118.40691224961216, 34.03519753189612], [-118.40583167877573, 34.03520989351534], [-118.40584652910812, 34.03610995091083], [-118.40692711134984, 34.03609758887535], [-118.40691224961216, 34.03519753189612]]]}}, {"type": "Feature", "properties": {"tile_id": 1179, "average_temperature": 18.5997}, "geometry": {"type": "Polygon", "coordinates": [[[-118.40583167877573, 34.03520989351534], [-118.40475110728092, 34.03522224564246], [-118.40476594620797, 34.03612230345388], [-118.40584652910812, 34.03610995091083], [-118.40583167877573, 34.03520989351534]]]}}, {"type": "Feature", "properties": {"tile_id": 1180, "average_temperature": 18.6085}, "geometry": {"type": "Polygon", "coordinates": [[[-118.40475110728092, 34.03522224564246], [-118.40367053512824, 34.03523458827743], [-118.40368536264992, 34.036134646504486], [-118.40476594620797, 34.03612230345388], [-118.40475110728092, 34.03522224564246]]]}}, {"type": "Feature", "properties": {"tile_id": 1181, "average_temperature": 18.6212}, "geometry": {"type": "Polygon", "coordinates": [[[-118.40367053512824, 34.03523458827743], [-118.40258996231816, 34.035246921420274], [-118.40260477843445, 34.03614698006261], [-118.40368536264992, 34.036134646504486], [-118.40367053512824, 34.03523458827743]]]}}, {"type": "Feature", "properties": {"tile_id": 1182, "average_temperature": 18.6369}, "geometry": {"type": "Polygon", "coordinates": [[[-118.40258996231816, 34.035246921420274], [-118.40150938885121, 34.03525924507093], [-118.40152419356208, 34.03615930412825], [-118.40260477843445, 34.03614698006261], [-118.40258996231816, 34.035246921420274]]]}}, {"type": "Feature", "properties": {"tile_id": 1183, "average_temperature": 18.6549}, "geometry": {"type": "Polygon", "coordinates": [[[-118.40150938885121, 34.03525924507093], [-118.40042881472789, 34.03527155922939], [-118.40044360803331, 34.03617161870138], [-118.40152419356208, 34.03615930412825], [-118.40150938885121, 34.03525924507093]]]}}, {"type": "Feature", "properties": {"tile_id": 1184, "average_temperature": 18.6742}, "geometry": {"type": "Polygon", "coordinates": [[[-118.40042881472789, 34.03527155922939], [-118.39934823994868, 34.03528386389565], [-118.39936302184864, 34.03618392378197], [-118.40044360803331, 34.03617161870138], [-118.40042881472789, 34.03527155922939]]]}}, {"type": "Feature", "properties": {"tile_id": 1185, "average_temperature": 18.6941}, "geometry": {"type": "Polygon", "coordinates": [[[-118.39934823994868, 34.03528386389565], [-118.39826766451414, 34.03529615906968], [-118.3982824350086, 34.03619621937002], [-118.39936302184864, 34.03618392378197], [-118.39934823994868, 34.03528386389565]]]}}, {"type": "Feature", "properties": {"tile_id": 1186, "average_temperature": 18.5715}, "geometry": {"type": "Polygon", "coordinates": [[[-118.43826370767462, 34.035734960724305], [-118.43718314474695, 34.03574759803197], [-118.43719832649543, 34.036647643088315], [-118.43827890082807, 34.03663500535513], [-118.43826370767462, 34.035734960724305]]]}}, {"type": "Feature", "properties": {"tile_id": 1187, "average_temperature": 18.5858}, "geometry": {"type": "Polygon", "coordinates": [[[-118.43718314474695, 34.03574759803197], [-118.43610258114624, 34.035760225847746], [-118.43611775148968, 34.03666027132932], [-118.43719832649543, 34.036647643088315], [-118.43718314474695, 34.03574759803197]]]}}, {"type": "Feature", "properties": {"tile_id": 1188, "average_temperature": 18.5986}, "geometry": {"type": "Polygon", "coordinates": [[[-118.43610258114624, 34.035760225847746], [-118.43502201687292, 34.03577284417163], [-118.43503717581135, 34.036672890078094], [-118.43611775148968, 34.03666027132932], [-118.43610258114624, 34.035760225847746]]]}}, {"type": "Feature", "properties": {"tile_id": 1189, "average_temperature": 18.6101}, "geometry": {"type": "Polygon", "coordinates": [[[-118.43502201687292, 34.03577284417163], [-118.43394145192755, 34.03578545300363], [-118.4339565994609, 34.03668549933466], [-118.43503717581135, 34.036672890078094], [-118.43502201687292, 34.03577284417163]]]}}, {"type": "Feature", "properties": {"tile_id": 1190, "average_temperature": 18.6201}, "geometry": {"type": "Polygon", "coordinates": [[[-118.43394145192755, 34.03578545300363], [-118.43286088631062, 34.03579805234367], [-118.43287602243885, 34.03669809909897], [-118.4339565994609, 34.03668549933466], [-118.43394145192755, 34.03578545300363]]]}}, {"type": "Feature", "properties": {"tile_id": 1191, "average_temperature": 18.629}, "geometry": {"type": "Polygon", "coordinates": [[[-118.43286088631062, 34.03579805234367], [-118.43178032002263, 34.03581064219178], [-118.43179544474575, 34.036710689371006], [-118.43287602243885, 34.03669809909897], [-118.43286088631062, 34.03579805234367]]]}}, {"type": "Feature", "properties": {"tile_id": 1192, "average_temperature": 18.6367}, "geometry": {"type": "Polygon", "coordinates": [[[-118.43178032002263, 34.03581064219178], [-118.43069975306408, 34.03582322254792], [-118.43071486638203, 34.03672327015076], [-118.43179544474575, 34.036710689371006], [-118.43178032002263, 34.03581064219178]]]}}, {"type": "Feature", "properties": {"tile_id": 1193, "average_temperature": 18.6433}, "geometry": {"type": "Polygon", "coordinates": [[[-118.43069975306408, 34.03582322254792], [-118.4296191854355, 34.03583579341206], [-118.42963428734826, 34.0367358414382], [-118.43071486638203, 34.03672327015076], [-118.43069975306408, 34.03582322254792]]]}}, {"type": "Feature", "properties": {"tile_id": 1194, "average_temperature": 18.6491}, "geometry": {"type": "Polygon", "coordinates": [[[-118.4296191854355, 34.03583579341206], [-118.42853861713738, 34.03584835478421], [-118.42855370764494, 34.03674840323332], [-118.42963428734826, 34.0367358414382], [-118.4296191854355, 34.03583579341206]]]}}, {"type": "Feature", "properties": {"tile_id": 1195, "average_temperature": 18.6542}, "geometry": {"type": "Polygon", "coordinates": [[[-118.42853861713738, 34.03584835478421], [-118.42745804817022, 34.03586090666432], [-118.42747312727253, 34.036760955536074], [-118.42855370764494, 34.03674840323332], [-118.42853861713738, 34.03584835478421]]]}}, {"type": "Feature", "properties": {"tile_id": 1196, "average_temperature": 18.6587}, "geometry": {"type": "Polygon", "coordinates": [[[-118.42745804817022, 34.03586090666432], [-118.42637747853453, 34.03587344905238], [-118.42639254623155, 34.03677349834648], [-118.42747312727253, 34.036760955536074], [-118.42745804817022, 34.03586090666432]]]}}, {"type": "Feature", "properties": {"tile_id": 1197, "average_temperature": 18.6627}, "geometry": {"type": "Polygon", "coordinates": [[[-118.42637747853453, 34.03587344905238], [-118.42529690823083, 34.035885981948375], [-118.42531196452256, 34.036786031664505], [-118.42639254623155, 34.03677349834648], [-118.42637747853453, 34.03587344905238]]]}}, {"type": "Feature", "properties": {"tile_id": 1198, "average_temperature": 18.6662}, "geometry": {"type": "Polygon", "coordinates": [[[-118.42529690823083, 34.035885981948375], [-118.4242163372596, 34.035898505352286], [-118.424231382146, 34.0367985554901], [-118.42531196452256, 34.036786031664505], [-118.42529690823083, 34.035885981948375]]]}}, {"type": "Feature", "properties": {"tile_id": 1199, "average_temperature": 18.669}, "geometry": {"type": "Polygon", "coordinates": [[[-118.4242163372596, 34.035898505352286], [-118.42313576562135, 34.03591101926409], [-118.4231507991024, 34.03681106982329], [-118.424231382146, 34.0367985554901], [-118.4242163372596, 34.035898505352286]]]}}, {"type": "Feature", "properties": {"tile_id": 1200, "average_temperature": 18.671}, "geometry": {"type": "Polygon", "coordinates": [[[-118.42313576562135, 34.03591101926409], [-118.42205519331661, 34.03592352368378], [-118.42207021539225, 34.03682357466403], [-118.4231507991024, 34.03681106982329], [-118.42313576562135, 34.03591101926409]]]}}, {"type": "Feature", "properties": {"tile_id": 1201, "average_temperature": 18.6721}, "geometry": {"type": "Polygon", "coordinates": [[[-118.42205519331661, 34.03592352368378], [-118.42097462034586, 34.03593601861131], [-118.4209896310161, 34.036836070012306], [-118.42207021539225, 34.03682357466403], [-118.42205519331661, 34.03592352368378]]]}}, {"type": "Feature", "properties": {"tile_id": 1202, "average_temperature": 18.672}, "geometry": {"type": "Polygon", "coordinates": [[[-118.42097462034586, 34.03593601861131], [-118.4198940467096, 34.03594850404669], [-118.41990904597442, 34.03684855586809], [-118.4209896310161, 34.036836070012306], [-118.42097462034586, 34.03593601861131]]]}}, {"type": "Feature", "properties": {"tile_id": 1203, "average_temperature": 18.6707}, "geometry": {"type": "Polygon", "coordinates": [[[-118.4198940467096, 34.03594850404669], [-118.41881347240837, 34.035960979989866], [-118.41882846026769, 34.036861032231386], [-118.41990904597442, 34.03684855586809], [-118.4198940467096, 34.03594850404669]]]}}, {"type": "Feature", "properties": {"tile_id": 1204, "average_temperature": 18.668}, "geometry": {"type": "Polygon", "coordinates": [[[-118.41881347240837, 34.035960979989866], [-118.41773289744263, 34.03597344644087], [-118.41774787389646, 34.03687349910215], [-118.41882846026769, 34.036861032231386], [-118.41881347240837, 34.035960979989866]]]}}, {"type": "Feature", "properties": {"tile_id": 1205, "average_temperature": 18.6637}, "geometry": {"type": "Polygon", "coordinates": [[[-118.41773289744263, 34.03597344644087], [-118.41665232181293, 34.03598590339963], [-118.41666728686124, 34.03688595648038], [-118.41774787389646, 34.03687349910215], [-118.41773289744263, 34.03597344644087]]]}}, {"type": "Feature", "properties": {"tile_id": 1206, "average_temperature": 18.6576}, "geometry": {"type": "Polygon", "coordinates": [[[-118.41665232181293, 34.03598590339963], [-118.41557174551976, 34.035998350866144], [-118.4155866991625, 34.03689840436605], [-118.41666728686124, 34.03688595648038], [-118.41665232181293, 34.03598590339963]]]}}, {"type": "Feature", "properties": {"tile_id": 1207, "average_temperature": 18.6497}, "geometry": {"type": "Polygon", "coordinates": [[[-118.41557174551976, 34.035998350866144], [-118.41449116856361, 34.036010788840414], [-118.41450611080077, 34.036910842759134], [-118.4155866991625, 34.03689840436605], [-118.41557174551976, 34.035998350866144]]]}}, {"type": "Feature", "properties": {"tile_id": 1208, "average_temperature": 18.6404}, "geometry": {"type": "Polygon", "coordinates": [[[-118.41449116856361, 34.036010788840414], [-118.41341059094499, 34.036023217322395], [-118.41342552177653, 34.036923271659624], [-118.41450611080077, 34.036910842759134], [-118.41449116856361, 34.036010788840414]]]}}, {"type": "Feature", "properties": {"tile_id": 1209, "average_temperature": 18.6306}, "geometry": {"type": "Polygon", "coordinates": [[[-118.41341059094499, 34.036023217322395], [-118.41233001266443, 34.036035636312086], [-118.41234493209032, 34.03693569106749], [-118.41342552177653, 34.036923271659624], [-118.41341059094499, 34.036023217322395]]]}}, {"type": "Feature", "properties": {"tile_id": 1210, "average_temperature": 18.6207}, "geometry": {"type": "Polygon", "coordinates": [[[-118.41233001266443, 34.036035636312086], [-118.41124943372239, 34.03604804580945], [-118.41126434174261, 34.03694810098271], [-118.41234493209032, 34.03693569106749], [-118.41233001266443, 34.036035636312086]]]}}, {"type": "Feature", "properties": {"tile_id": 1211, "average_temperature": 18.6116}, "geometry": {"type": "Polygon", "coordinates": [[[-118.41124943372239, 34.03604804580945], [-118.4101688541194, 34.036060445814485], [-118.41018375073395, 34.03696050140529], [-118.41126434174261, 34.03694810098271], [-118.41124943372239, 34.03604804580945]]]}}, {"type": "Feature", "properties": {"tile_id": 1212, "average_temperature": 18.6037}, "geometry": {"type": "Polygon", "coordinates": [[[-118.4101688541194, 34.036060445814485], [-118.40908827385599, 34.03607283632715], [-118.40910315906478, 34.036972892335186], [-118.41018375073395, 34.03696050140529], [-118.4101688541194, 34.036060445814485]]]}}, {"type": "Feature", "properties": {"tile_id": 1213, "average_temperature": 18.5979}, "geometry": {"type": "Polygon", "coordinates": [[[-118.40908827385599, 34.03607283632715], [-118.40800769293264, 34.03608521734745], [-118.4080225667357, 34.03698527377238], [-118.40910315906478, 34.036972892335186], [-118.40908827385599, 34.03607283632715]]]}}, {"type": "Feature", "properties": {"tile_id": 1214, "average_temperature": 18.5947}, "geometry": {"type": "Polygon", "coordinates": [[[-118.40800769293264, 34.03608521734745], [-118.40692711134984, 34.03609758887535], [-118.4069419737471, 34.03699764571687], [-118.4080225667357, 34.03698527377238], [-118.40800769293264, 34.03608521734745]]]}}, {"type": "Feature", "properties": {"tile_id": 1215, "average_temperature": 18.5947}, "geometry": {"type": "Polygon", "coordinates": [[[-118.40692711134984, 34.03609758887535], [-118.40584652910812, 34.03610995091083], [-118.40586138009958, 34.03701000816863], [-118.4069419737471, 34.03699764571687], [-118.40692711134984, 34.03609758887535]]]}}, {"type": "Feature", "properties": {"tile_id": 1216, "average_temperature": 18.5988}, "geometry": {"type": "Polygon", "coordinates": [[[-118.40584652910812, 34.03610995091083], [-118.40476594620797, 34.03612230345388], [-118.4047807857936, 34.03702236112762], [-118.40586138009958, 34.03701000816863], [-118.40584652910812, 34.03610995091083]]]}}, {"type": "Feature", "properties": {"tile_id": 1217, "average_temperature": 18.6073}, "geometry": {"type": "Polygon", "coordinates": [[[-118.40476594620797, 34.03612230345388], [-118.40368536264992, 34.036134646504486], [-118.40370019082968, 34.03703470459385], [-118.4047807857936, 34.03702236112762], [-118.40476594620797, 34.03612230345388]]]}}, {"type": "Feature", "properties": {"tile_id": 1218, "average_temperature": 18.6198}, "geometry": {"type": "Polygon", "coordinates": [[[-118.40368536264992, 34.036134646504486], [-118.40260477843445, 34.03614698006261], [-118.40261959520834, 34.03704703856728], [-118.40370019082968, 34.03703470459385], [-118.40368536264992, 34.036134646504486]]]}}, {"type": "Feature", "properties": {"tile_id": 1219, "average_temperature": 18.6355}, "geometry": {"type": "Polygon", "coordinates": [[[-118.40260477843445, 34.03614698006261], [-118.40152419356208, 34.03615930412825], [-118.40153899893002, 34.037059363047916], [-118.40261959520834, 34.03704703856728], [-118.40260477843445, 34.03614698006261]]]}}, {"type": "Feature", "properties": {"tile_id": 1220, "average_temperature": 18.6535}, "geometry": {"type": "Polygon", "coordinates": [[[-118.40152419356208, 34.03615930412825], [-118.40044360803331, 34.03617161870138], [-118.40045840199531, 34.0370716780357], [-118.40153899893002, 34.037059363047916], [-118.40152419356208, 34.03615930412825]]]}}, {"type": "Feature", "properties": {"tile_id": 1221, "average_temperature": 18.6729}, "geometry": {"type": "Polygon", "coordinates": [[[-118.40044360803331, 34.03617161870138], [-118.39936302184864, 34.03618392378197], [-118.39937780440466, 34.03708398353065], [-118.40045840199531, 34.0370716780357], [-118.40044360803331, 34.03617161870138]]]}}, {"type": "Feature", "properties": {"tile_id": 1222, "average_temperature": 18.693}, "geometry": {"type": "Polygon", "coordinates": [[[-118.39936302184864, 34.03618392378197], [-118.3982824350086, 34.03619621937002], [-118.39829720615859, 34.03709627953273], [-118.39937780440466, 34.03708398353065], [-118.39936302184864, 34.03618392378197]]]}}, {"type": "Feature", "properties": {"tile_id": 1223, "average_temperature": 18.7128}, "geometry": {"type": "Polygon", "coordinates": [[[-118.3982824350086, 34.03619621937002], [-118.39720184751364, 34.0362085054655], [-118.39721660725763, 34.03710856604192], [-118.39829720615859, 34.03709627953273], [-118.3982824350086, 34.03619621937002]]]}}, {"type": "Feature", "properties": {"tile_id": 1224, "average_temperature": 18.6097}, "geometry": {"type": "Polygon", "coordinates": [[[-118.43827890082807, 34.03663500535512], [-118.43719832649543, 34.036647643088315], [-118.4372135089177, 34.03754768800673], [-118.43829409465583, 34.037535049848], [-118.43827890082807, 34.03663500535512]]]}}, {"type": "Feature", "properties": {"tile_id": 1225, "average_temperature": 18.6218}, "geometry": {"type": "Polygon", "coordinates": [[[-118.43719832649543, 34.036647643088315], [-118.43611775148968, 34.0366602713293], [-118.4361329225064, 34.03756031667295], [-118.4372135089177, 34.03754768800673], [-118.43719832649543, 34.036647643088315]]]}}, {"type": "Feature", "properties": {"tile_id": 1226, "average_temperature": 18.6313}, "geometry": {"type": "Polygon", "coordinates": [[[-118.43611775148968, 34.0366602713293], [-118.43503717581135, 34.036672890078094], [-118.43505233542251, 34.03757293584664], [-118.4361329225064, 34.03756031667295], [-118.43611775148968, 34.0366602713293]]]}}, {"type": "Feature", "properties": {"tile_id": 1227, "average_temperature": 18.6384}, "geometry": {"type": "Polygon", "coordinates": [[[-118.43503717581135, 34.036672890078094], [-118.4339565994609, 34.03668549933465], [-118.43397174766649, 34.03758554552778], [-118.43505233542251, 34.03757293584664], [-118.43503717581135, 34.036672890078094]]]}}, {"type": "Feature", "properties": {"tile_id": 1228, "average_temperature": 18.6434}, "geometry": {"type": "Polygon", "coordinates": [[[-118.4339565994609, 34.03668549933465], [-118.43287602243885, 34.036698099098956], [-118.43289115923886, 34.03759814571636], [-118.43397174766649, 34.03758554552778], [-118.4339565994609, 34.03668549933465]]]}}, {"type": "Feature", "properties": {"tile_id": 1229, "average_temperature": 18.6468}, "geometry": {"type": "Polygon", "coordinates": [[[-118.43287602243885, 34.036698099098956], [-118.43179544474575, 34.036710689371], [-118.4318105701401, 34.03761073641233], [-118.43289115923886, 34.03759814571636], [-118.43287602243885, 34.036698099098956]]]}}, {"type": "Feature", "properties": {"tile_id": 1230, "average_temperature": 18.6489}, "geometry": {"type": "Polygon", "coordinates": [[[-118.43179544474575, 34.036710689371], [-118.43071486638203, 34.03672327015075], [-118.43072998037073, 34.03762331761571], [-118.4318105701401, 34.03761073641233], [-118.43179544474575, 34.036710689371]]]}}, {"type": "Feature", "properties": {"tile_id": 1231, "average_temperature": 18.65}, "geometry": {"type": "Polygon", "coordinates": [[[-118.43071486638203, 34.03672327015075], [-118.42963428734826, 34.036735841438194], [-118.42964938993127, 34.03763588932645], [-118.43072998037073, 34.03762331761571], [-118.43071486638203, 34.03672327015075]]]}}, {"type": "Feature", "properties": {"tile_id": 1232, "average_temperature": 18.6506}, "geometry": {"type": "Polygon", "coordinates": [[[-118.42963428734826, 34.036735841438194], [-118.42855370764494, 34.03674840323331], [-118.42856879882221, 34.03764845154455], [-118.42964938993127, 34.03763588932645], [-118.42963428734826, 34.036735841438194]]]}}, {"type": "Feature", "properties": {"tile_id": 1233, "average_temperature": 18.651}, "geometry": {"type": "Polygon", "coordinates": [[[-118.42855370764494, 34.03674840323331], [-118.42747312727253, 34.03676095553607], [-118.42748820704406, 34.037661004269985], [-118.42856879882221, 34.03764845154455], [-118.42855370764494, 34.03674840323331]]]}}, {"type": "Feature", "properties": {"tile_id": 1234, "average_temperature": 18.6517}, "geometry": {"type": "Polygon", "coordinates": [[[-118.42747312727253, 34.03676095553607], [-118.42639254623155, 34.03677349834647], [-118.42640761459731, 34.037673547502735], [-118.42748820704406, 34.037661004269985], [-118.42747312727253, 34.03676095553607]]]}}, {"type": "Feature", "properties": {"tile_id": 1235, "average_temperature": 18.6529}, "geometry": {"type": "Polygon", "coordinates": [[[-118.42639254623155, 34.03677349834647], [-118.42531196452256, 34.03678603166449], [-118.42532702148252, 34.037686081242775], [-118.42640761459731, 34.037673547502735], [-118.42639254623155, 34.03677349834647]]]}}, {"type": "Feature", "properties": {"tile_id": 1236, "average_temperature": 18.6544}, "geometry": {"type": "Polygon", "coordinates": [[[-118.42531196452256, 34.03678603166449], [-118.424231382146, 34.0367985554901], [-118.42424642770011, 34.03769860549009], [-118.42532702148252, 34.037686081242775], [-118.42531196452256, 34.03678603166449]]]}}, {"type": "Feature", "properties": {"tile_id": 1237, "average_temperature": 18.656}, "geometry": {"type": "Polygon", "coordinates": [[[-118.424231382146, 34.0367985554901], [-118.4231507991024, 34.03681106982328], [-118.42316583325065, 34.037711120244666], [-118.42424642770011, 34.03769860549009], [-118.424231382146, 34.0367985554901]]]}}, {"type": "Feature", "properties": {"tile_id": 1238, "average_temperature": 18.6575}, "geometry": {"type": "Polygon", "coordinates": [[[-118.4231507991024, 34.03681106982328], [-118.42207021539225, 34.03682357466402], [-118.42208523813463, 34.037723625506466], [-118.42316583325065, 34.037711120244666], [-118.4231507991024, 34.03681106982328]]]}}, {"type": "Feature", "properties": {"tile_id": 1239, "average_temperature": 18.6586}, "geometry": {"type": "Polygon", "coordinates": [[[-118.42207021539225, 34.03682357466402], [-118.4209896310161, 34.0368360700123], [-118.42100464235251, 34.03773612127549], [-118.42208523813463, 34.037723625506466], [-118.42207021539225, 34.03682357466402]]]}}, {"type": "Feature", "properties": {"tile_id": 1240, "average_temperature": 18.6591}, "geometry": {"type": "Polygon", "coordinates": [[[-118.4209896310161, 34.0368360700123], [-118.41990904597442, 34.03684855586808], [-118.41992404590489, 34.037748607551706], [-118.42100464235251, 34.03773612127549], [-118.4209896310161, 34.0368360700123]]]}}, {"type": "Feature", "properties": {"tile_id": 1241, "average_temperature": 18.6586}, "geometry": {"type": "Polygon", "coordinates": [[[-118.41990904597442, 34.03684855586808], [-118.41882846026769, 34.036861032231386], [-118.41884344879222, 34.03776108433511], [-118.41992404590489, 34.037748607551706], [-118.41990904597442, 34.03684855586808]]]}}, {"type": "Feature", "properties": {"tile_id": 1242, "average_temperature": 18.6571}, "geometry": {"type": "Polygon", "coordinates": [[[-118.41882846026769, 34.036861032231386], [-118.41774787389646, 34.03687349910214], [-118.41776285101498, 34.03777355162567], [-118.41884344879222, 34.03776108433511], [-118.41882846026769, 34.036861032231386]]]}}, {"type": "Feature", "properties": {"tile_id": 1243, "average_temperature": 18.6541}, "geometry": {"type": "Polygon", "coordinates": [[[-118.41774787389646, 34.03687349910214], [-118.41666728686124, 34.036885956480376], [-118.4166822525737, 34.03778600942336], [-118.41776285101498, 34.03777355162567], [-118.41774787389646, 34.03687349910214]]]}}, {"type": "Feature", "properties": {"tile_id": 1244, "average_temperature": 18.6495}, "geometry": {"type": "Polygon", "coordinates": [[[-118.41666728686124, 34.036885956480376], [-118.4155866991625, 34.03689840436604], [-118.4156016534689, 34.03779845772817], [-118.4166822525737, 34.03778600942336], [-118.41666728686124, 34.036885956480376]]]}}, {"type": "Feature", "properties": {"tile_id": 1245, "average_temperature": 18.6431}, "geometry": {"type": "Polygon", "coordinates": [[[-118.4155866991625, 34.03689840436604], [-118.41450611080077, 34.03691084275913], [-118.41452105370108, 34.0378108965401], [-118.4156016534689, 34.03779845772817], [-118.4155866991625, 34.03689840436604]]]}}, {"type": "Feature", "properties": {"tile_id": 1246, "average_temperature": 18.6355}, "geometry": {"type": "Polygon", "coordinates": [[[-118.41450611080077, 34.03691084275913], [-118.41342552177653, 34.03692327165961], [-118.41344045327072, 34.03782332585909], [-118.41452105370108, 34.0378108965401], [-118.41450611080077, 34.03691084275913]]]}}, {"type": "Feature", "properties": {"tile_id": 1247, "average_temperature": 18.6272}, "geometry": {"type": "Polygon", "coordinates": [[[-118.41342552177653, 34.03692327165961], [-118.41234493209032, 34.03693569106748], [-118.41235985217835, 34.03783574568515], [-118.41344045327072, 34.03782332585909], [-118.41342552177653, 34.03692327165961]]]}}, {"type": "Feature", "properties": {"tile_id": 1248, "average_temperature": 18.6189}, "geometry": {"type": "Polygon", "coordinates": [[[-118.41234493209032, 34.03693569106748], [-118.41126434174261, 34.0369481009827], [-118.41127925042449, 34.03784815601824], [-118.41235985217835, 34.03783574568515], [-118.41234493209032, 34.03693569106748]]]}}, {"type": "Feature", "properties": {"tile_id": 1249, "average_temperature": 18.6113}, "geometry": {"type": "Polygon", "coordinates": [[[-118.41126434174261, 34.0369481009827], [-118.41018375073395, 34.03696050140528], [-118.4101986480096, 34.037860556858384], [-118.41127925042449, 34.03784815601824], [-118.41126434174261, 34.0369481009827]]]}}, {"type": "Feature", "properties": {"tile_id": 1250, "average_temperature": 18.6049}, "geometry": {"type": "Polygon", "coordinates": [[[-118.41018375073395, 34.03696050140528], [-118.40910315906478, 34.03697289233518], [-118.40911804493423, 34.037872948205504], [-118.4101986480096, 34.037860556858384], [-118.41018375073395, 34.03696050140528]]]}}, {"type": "Feature", "properties": {"tile_id": 1251, "average_temperature": 18.6004}, "geometry": {"type": "Polygon", "coordinates": [[[-118.40910315906478, 34.03697289233518], [-118.4080225667357, 34.03698527377237], [-118.40803744119884, 34.03788533005963], [-118.40911804493423, 34.037872948205504], [-118.40910315906478, 34.03697289233518]]]}}, {"type": "Feature", "properties": {"tile_id": 1252, "average_temperature": 18.5983}, "geometry": {"type": "Polygon", "coordinates": [[[-118.4080225667357, 34.03698527377237], [-118.4069419737471, 34.036997645716866], [-118.406956836804, 34.03789770242071], [-118.40803744119884, 34.03788533005963], [-118.4080225667357, 34.03698527377237]]]}}, {"type": "Feature", "properties": {"tile_id": 1253, "average_temperature": 18.5994}, "geometry": {"type": "Polygon", "coordinates": [[[-118.4069419737471, 34.036997645716866], [-118.40586138009958, 34.03701000816862], [-118.40587623175014, 34.03791006528873], [-118.406956836804, 34.03789770242071], [-118.4069419737471, 34.036997645716866]]]}}, {"type": "Feature", "properties": {"tile_id": 1254, "average_temperature": 18.6042}, "geometry": {"type": "Polygon", "coordinates": [[[-118.40586138009958, 34.03701000816862], [-118.4047807857936, 34.03702236112761], [-118.40479562603784, 34.03792241866368], [-118.40587623175014, 34.03791006528873], [-118.40586138009958, 34.03701000816862]]]}}, {"type": "Feature", "properties": {"tile_id": 1255, "average_temperature": 18.6131}, "geometry": {"type": "Polygon", "coordinates": [[[-118.4047807857936, 34.03702236112761], [-118.40370019082968, 34.03703470459384], [-118.40371501966753, 34.03793476254555], [-118.40479562603784, 34.03792241866368], [-118.4047807857936, 34.03702236112761]]]}}, {"type": "Feature", "properties": {"tile_id": 1256, "average_temperature": 18.6257}, "geometry": {"type": "Polygon", "coordinates": [[[-118.40370019082968, 34.03703470459384], [-118.40261959520834, 34.03704703856727], [-118.40263441263977, 34.037947096934296], [-118.40371501966753, 34.03793476254555], [-118.40370019082968, 34.03703470459384]]]}}, {"type": "Feature", "properties": {"tile_id": 1257, "average_temperature": 18.6412}, "geometry": {"type": "Polygon", "coordinates": [[[-118.40261959520834, 34.03704703856727], [-118.40153899893002, 34.03705936304791], [-118.40155380495506, 34.03795942182992], [-118.40263441263977, 34.037947096934296], [-118.40261959520834, 34.03704703856727]]]}}, {"type": "Feature", "properties": {"tile_id": 1258, "average_temperature": 18.6588}, "geometry": {"type": "Polygon", "coordinates": [[[-118.40153899893002, 34.03705936304791], [-118.40045840199531, 34.0370716780357], [-118.40047319661387, 34.03797173723239], [-118.40155380495506, 34.03795942182992], [-118.40153899893002, 34.03705936304791]]]}}, {"type": "Feature", "properties": {"tile_id": 1259, "average_temperature": 18.6777}, "geometry": {"type": "Polygon", "coordinates": [[[-118.40045840199531, 34.0370716780357], [-118.39937780440466, 34.03708398353065], [-118.39939258761675, 34.03798404314169], [-118.40047319661387, 34.03797173723239], [-118.40045840199531, 34.0370716780357]]]}}, {"type": "Feature", "properties": {"tile_id": 1260, "average_temperature": 18.6971}, "geometry": {"type": "Polygon", "coordinates": [[[-118.39937780440466, 34.03708398353065], [-118.39829720615859, 34.037096279532726], [-118.39831197796418, 34.037996339557814], [-118.39939258761675, 34.03798404314169], [-118.39937780440466, 34.03708398353065]]]}}, {"type": "Feature", "properties": {"tile_id": 1261, "average_temperature": 18.7162}, "geometry": {"type": "Polygon", "coordinates": [[[-118.39829720615859, 34.037096279532726], [-118.39721660725763, 34.037108566041915], [-118.39723136765666, 34.03800862648071], [-118.39831197796418, 34.037996339557814], [-118.39829720615859, 34.037096279532726]]]}}, {"type": "Feature", "properties": {"tile_id": 1262, "average_temperature": 18.612}, "geometry": {"type": "Polygon", "coordinates": [[[-118.43937467972032, 34.03752240219677], [-118.43829409465583, 34.037535049848], [-118.43830928915789, 34.03843509420291], [-118.43938988562834, 34.03842244612582], [-118.43937467972032, 34.03752240219677]]]}}, {"type": "Feature", "properties": {"tile_id": 1263, "average_temperature": 18.626}, "geometry": {"type": "Polygon", "coordinates": [[[-118.43829409465583, 34.037535049848], [-118.4372135089177, 34.037547688006725], [-118.43722869201376, 34.0384477327872], [-118.43830928915789, 34.03843509420291], [-118.43829409465583, 34.037535049848]]]}}, {"type": "Feature", "properties": {"tile_id": 1264, "average_temperature": 18.6359}, "geometry": {"type": "Polygon", "coordinates": [[[-118.4372135089177, 34.037547688006725], [-118.4361329225064, 34.03756031667294], [-118.43614809419645, 34.03846036187864], [-118.43722869201376, 34.0384477327872], [-118.4372135089177, 34.037547688006725]]]}}, {"type": "Feature", "properties": {"tile_id": 1265, "average_temperature": 18.6423}, "geometry": {"type": "Polygon", "coordinates": [[[-118.4361329225064, 34.03756031667294], [-118.43505233542251, 34.03757293584663], [-118.43506749570649, 34.03847298147724], [-118.43614809419645, 34.03846036187864], [-118.4361329225064, 34.03756031667294]]]}}, {"type": "Feature", "properties": {"tile_id": 1266, "average_temperature": 18.6458}, "geometry": {"type": "Polygon", "coordinates": [[[-118.43505233542251, 34.03757293584663], [-118.43397174766649, 34.03758554552778], [-118.4339868965444, 34.03848559158297], [-118.43506749570649, 34.03847298147724], [-118.43505233542251, 34.03757293584663]]]}}, {"type": "Feature", "properties": {"tile_id": 1267, "average_temperature": 18.6467}, "geometry": {"type": "Polygon", "coordinates": [[[-118.43397174766649, 34.03758554552778], [-118.43289115923886, 34.037598145716345], [-118.43290629671064, 34.03849819219582], [-118.4339868965444, 34.03848559158297], [-118.43397174766649, 34.03758554552778]]]}}, {"type": "Feature", "properties": {"tile_id": 1268, "average_temperature": 18.6456}, "geometry": {"type": "Polygon", "coordinates": [[[-118.43289115923886, 34.037598145716345], [-118.4318105701401, 34.037610736412326], [-118.43182569620573, 34.03851078331575], [-118.43290629671064, 34.03849819219582], [-118.43289115923886, 34.037598145716345]]]}}, {"type": "Feature", "properties": {"tile_id": 1269, "average_temperature": 18.6432}, "geometry": {"type": "Polygon", "coordinates": [[[-118.4318105701401, 34.037610736412326], [-118.43072998037073, 34.037623317615704], [-118.43074509503019, 34.03852336494275], [-118.43182569620573, 34.03851078331575], [-118.4318105701401, 34.037610736412326]]]}}, {"type": "Feature", "properties": {"tile_id": 1270, "average_temperature": 18.6398}, "geometry": {"type": "Polygon", "coordinates": [[[-118.43072998037073, 34.037623317615704], [-118.42964938993127, 34.037635889326445], [-118.42966449318455, 34.038535937076816], [-118.43074509503019, 34.03852336494275], [-118.43072998037073, 34.037623317615704]]]}}, {"type": "Feature", "properties": {"tile_id": 1271, "average_temperature": 18.6361}, "geometry": {"type": "Polygon", "coordinates": [[[-118.42964938993127, 34.037635889326445], [-118.42856879882221, 34.03764845154455], [-118.42858389066926, 34.038548499717905], [-118.42966449318455, 34.038535937076816], [-118.42964938993127, 34.037635889326445]]]}}, {"type": "Feature", "properties": {"tile_id": 1272, "average_temperature": 18.6326}, "geometry": {"type": "Polygon", "coordinates": [[[-118.42856879882221, 34.03764845154455], [-118.42748820704406, 34.03766100426998], [-118.42750328748485, 34.038561052866015], [-118.42858389066926, 34.038548499717905], [-118.42856879882221, 34.03764845154455]]]}}, {"type": "Feature", "properties": {"tile_id": 1273, "average_temperature": 18.6298}, "geometry": {"type": "Polygon", "coordinates": [[[-118.42748820704406, 34.03766100426998], [-118.42640761459731, 34.03767354750273], [-118.42642268363181, 34.03857359652111], [-118.42750328748485, 34.038561052866015], [-118.42748820704406, 34.03766100426998]]]}}, {"type": "Feature", "properties": {"tile_id": 1274, "average_temperature": 18.6282}, "geometry": {"type": "Polygon", "coordinates": [[[-118.42640761459731, 34.03767354750273], [-118.42532702148249, 34.03768608124277], [-118.42534207911069, 34.03858613068318], [-118.42642268363181, 34.03857359652111], [-118.42640761459731, 34.03767354750273]]]}}, {"type": "Feature", "properties": {"tile_id": 1275, "average_temperature": 18.6275}, "geometry": {"type": "Polygon", "coordinates": [[[-118.42532702148249, 34.03768608124277], [-118.42424642770011, 34.037698605490085], [-118.42426147392194, 34.03859865535222], [-118.42534207911069, 34.03858613068318], [-118.42532702148249, 34.03768608124277]]]}}, {"type": "Feature", "properties": {"tile_id": 1276, "average_temperature": 18.6275}, "geometry": {"type": "Polygon", "coordinates": [[[-118.42424642770011, 34.037698605490085], [-118.42316583325065, 34.03771112024465], [-118.42318086806614, 34.03861117052818], [-118.42426147392194, 34.03859865535222], [-118.42424642770011, 34.037698605490085]]]}}, {"type": "Feature", "properties": {"tile_id": 1277, "average_temperature": 18.6279}, "geometry": {"type": "Polygon", "coordinates": [[[-118.42316583325065, 34.03771112024465], [-118.42208523813463, 34.037723625506466], [-118.4221002615437, 34.03862367621107], [-118.42318086806614, 34.03861117052818], [-118.42316583325065, 34.03771112024465]]]}}, {"type": "Feature", "properties": {"tile_id": 1278, "average_temperature": 18.6285}, "geometry": {"type": "Polygon", "coordinates": [[[-118.42208523813463, 34.037723625506466], [-118.42100464235251, 34.037736121275486], [-118.42101965435518, 34.03863617240084], [-118.4221002615437, 34.03862367621107], [-118.42208523813463, 34.037723625506466]]]}}, {"type": "Feature", "properties": {"tile_id": 1279, "average_temperature": 18.629}, "geometry": {"type": "Polygon", "coordinates": [[[-118.42100464235251, 34.037736121275486], [-118.41992404590489, 34.0377486075517], [-118.41993904650109, 34.038648659097504], [-118.42101965435518, 34.03863617240084], [-118.42100464235251, 34.037736121275486]]]}}, {"type": "Feature", "properties": {"tile_id": 1280, "average_temperature": 18.6292}, "geometry": {"type": "Polygon", "coordinates": [[[-118.41992404590489, 34.0377486075517], [-118.41884344879222, 34.0377610843351], [-118.41885843798192, 34.03866113630102], [-118.41993904650109, 34.038648659097504], [-118.41992404590489, 34.0377486075517]]]}}, {"type": "Feature", "properties": {"tile_id": 1281, "average_temperature": 18.6289}, "geometry": {"type": "Polygon", "coordinates": [[[-118.41884344879222, 34.0377610843351], [-118.41776285101498, 34.03777355162566], [-118.41777782879818, 34.03867360401137], [-118.41885843798192, 34.03866113630102], [-118.41884344879222, 34.0377610843351]]]}}, {"type": "Feature", "properties": {"tile_id": 1282, "average_temperature": 18.6278}, "geometry": {"type": "Polygon", "coordinates": [[[-118.41776285101498, 34.03777355162566], [-118.4166822525737, 34.03778600942336], [-118.41669721895036, 34.03868606222856], [-118.41777782879818, 34.03867360401137], [-118.41776285101498, 34.03777355162566]]]}}, {"type": "Feature", "properties": {"tile_id": 1283, "average_temperature": 18.6257}, "geometry": {"type": "Polygon", "coordinates": [[[-118.4166822525737, 34.03778600942336], [-118.4156016534689, 34.037798457728165], [-118.415616608439, 34.03869851095253], [-118.41669721895036, 34.03868606222856], [-118.4166822525737, 34.03778600942336]]]}}, {"type": "Feature", "properties": {"tile_id": 1284, "average_temperature": 18.6225}, "geometry": {"type": "Polygon", "coordinates": [[[-118.4156016534689, 34.037798457728165], [-118.41452105370108, 34.03781089654009], [-118.41453599726458, 34.03871095018328], [-118.415616608439, 34.03869851095253], [-118.4156016534689, 34.037798457728165]]]}}, {"type": "Feature", "properties": {"tile_id": 1285, "average_temperature": 18.6185}, "geometry": {"type": "Polygon", "coordinates": [[[-118.41452105370108, 34.03781089654009], [-118.41344045327072, 34.03782332585909], [-118.4134553854276, 34.038723379920796], [-118.41453599726458, 34.03871095018328], [-118.41452105370108, 34.03781089654009]]]}}, {"type": "Feature", "properties": {"tile_id": 1286, "average_temperature": 18.6144}, "geometry": {"type": "Polygon", "coordinates": [[[-118.41344045327072, 34.03782332585909], [-118.41235985217835, 34.03783574568514], [-118.41237477292859, 34.03873580016506], [-118.4134553854276, 34.038723379920796], [-118.41344045327072, 34.03782332585909]]]}}, {"type": "Feature", "properties": {"tile_id": 1287, "average_temperature": 18.6104}, "geometry": {"type": "Polygon", "coordinates": [[[-118.41235985217835, 34.03783574568514], [-118.41127925042449, 34.03784815601824], [-118.41129415976803, 34.03874821091604], [-118.41237477292859, 34.03873580016506], [-118.41235985217835, 34.03783574568514]]]}}, {"type": "Feature", "properties": {"tile_id": 1288, "average_temperature": 18.6073}, "geometry": {"type": "Polygon", "coordinates": [[[-118.41127925042449, 34.03784815601824], [-118.4101986480096, 34.03786055685838], [-118.41021354594642, 34.038760612173725], [-118.41129415976803, 34.03874821091604], [-118.41127925042449, 34.03784815601824]]]}}, {"type": "Feature", "properties": {"tile_id": 1289, "average_temperature": 18.6053}, "geometry": {"type": "Polygon", "coordinates": [[[-118.4101986480096, 34.03786055685838], [-118.40911804493423, 34.037872948205504], [-118.40913293146431, 34.038773003938104], [-118.41021354594642, 34.038760612173725], [-118.4101986480096, 34.03786055685838]]]}}, {"type": "Feature", "properties": {"tile_id": 1290, "average_temperature": 18.6049}, "geometry": {"type": "Polygon", "coordinates": [[[-118.40911804493423, 34.037872948205504], [-118.40803744119884, 34.037885330059616], [-118.40805231632218, 34.038785386209135], [-118.40913293146431, 34.038773003938104], [-118.40911804493423, 34.037872948205504]]]}}, {"type": "Feature", "properties": {"tile_id": 1291, "average_temperature": 18.6066}, "geometry": {"type": "Polygon", "coordinates": [[[-118.40803744119884, 34.037885330059616], [-118.406956836804, 34.0378977024207], [-118.40697170052053, 34.03879775898682], [-118.40805231632218, 34.038785386209135], [-118.40803744119884, 34.037885330059616]]]}}, {"type": "Feature", "properties": {"tile_id": 1292, "average_temperature": 18.6108}, "geometry": {"type": "Polygon", "coordinates": [[[-118.406956836804, 34.0378977024207], [-118.40587623175014, 34.03791006528872], [-118.40589108405987, 34.03881012227113], [-118.40697170052053, 34.03879775898682], [-118.406956836804, 34.0378977024207]]]}}, {"type": "Feature", "properties": {"tile_id": 1293, "average_temperature": 18.618}, "geometry": {"type": "Polygon", "coordinates": [[[-118.40587623175014, 34.03791006528872], [-118.40479562603784, 34.03792241866368], [-118.40481046694069, 34.03882247606205], [-118.40589108405987, 34.03881012227113], [-118.40587623175014, 34.03791006528872]]]}}, {"type": "Feature", "properties": {"tile_id": 1294, "average_temperature": 18.6283}, "geometry": {"type": "Polygon", "coordinates": [[[-118.40479562603784, 34.03792241866368], [-118.40371501966753, 34.03793476254554], [-118.40372984916353, 34.038834820359554], [-118.40481046694069, 34.03882247606205], [-118.40479562603784, 34.03792241866368]]]}}, {"type": "Feature", "properties": {"tile_id": 1295, "average_temperature": 18.6414}, "geometry": {"type": "Polygon", "coordinates": [[[-118.40371501966753, 34.03793476254554], [-118.40263441263977, 34.037947096934296], [-118.40264923072884, 34.03884715516363], [-118.40372984916353, 34.038834820359554], [-118.40371501966753, 34.03793476254554]]]}}, {"type": "Feature", "properties": {"tile_id": 1296, "average_temperature": 18.6566}, "geometry": {"type": "Polygon", "coordinates": [[[-118.40263441263977, 34.037947096934296], [-118.40155380495506, 34.03795942182991], [-118.40156861163719, 34.03885948047426], [-118.40264923072884, 34.03884715516363], [-118.40263441263977, 34.037947096934296]]]}}, {"type": "Feature", "properties": {"tile_id": 1297, "average_temperature": 18.6733}, "geometry": {"type": "Polygon", "coordinates": [[[-118.40155380495506, 34.03795942182991], [-118.40047319661387, 34.03797173723238], [-118.40048799188907, 34.03887179629141], [-118.40156861163719, 34.03885948047426], [-118.40155380495506, 34.03795942182991]]]}}, {"type": "Feature", "properties": {"tile_id": 1298, "average_temperature": 18.6907}, "geometry": {"type": "Polygon", "coordinates": [[[-118.40047319661387, 34.03797173723238], [-118.39939258761675, 34.037984043141684], [-118.39940737148493, 34.03888410261508], [-118.40048799188907, 34.03887179629141], [-118.40047319661387, 34.03797173723238]]]}}, {"type": "Feature", "properties": {"tile_id": 1299, "average_temperature": 18.7083}, "geometry": {"type": "Polygon", "coordinates": [[[-118.39939258761675, 34.037984043141684], [-118.39831197796418, 34.03799633955781], [-118.39832675042535, 34.038896399445235], [-118.39940737148493, 34.03888410261508], [-118.39939258761675, 34.037984043141684]]]}}, {"type": "Feature", "properties": {"tile_id": 1300, "average_temperature": 18.7253}, "geometry": {"type": "Polygon", "coordinates": [[[-118.39831197796418, 34.03799633955781], [-118.39723136765666, 34.0380086264807], [-118.39724612871078, 34.03890868678189], [-118.39832675042535, 34.038896399445235], [-118.39831197796418, 34.03799633955781]]]}}, {"type": "Feature", "properties": {"tile_id": 1301, "average_temperature": 18.5997}, "geometry": {"type": "Polygon", "coordinates": [[[-118.43938988562834, 34.03842244612582], [-118.43830928915789, 34.03843509420291], [-118.43832448433429, 34.03933513841987], [-118.43940509221123, 34.03932248991691], [-118.43938988562834, 34.03842244612582]]]}}, {"type": "Feature", "properties": {"tile_id": 1302, "average_temperature": 18.6119}, "geometry": {"type": "Polygon", "coordinates": [[[-118.43830928915789, 34.03843509420291], [-118.43722869201376, 34.0384477327872], [-118.43724387578365, 34.039347777429704], [-118.43832448433429, 34.03933513841987], [-118.43830928915789, 34.03843509420291]]]}}, {"type": "Feature", "properties": {"tile_id": 1303, "average_temperature": 18.6198}, "geometry": {"type": "Polygon", "coordinates": [[[-118.43722869201376, 34.0384477327872], [-118.43614809419645, 34.03846036187864], [-118.43616326655983, 34.0393604069464], [-118.43724387578365, 34.039347777429704], [-118.43722869201376, 34.0384477327872]]]}}, {"type": "Feature", "properties": {"tile_id": 1304, "average_temperature": 18.6239}, "geometry": {"type": "Polygon", "coordinates": [[[-118.43614809419645, 34.03846036187864], [-118.43506749570649, 34.03847298147724], [-118.4350826566633, 34.039373026969926], [-118.43616326655983, 34.0393604069464], [-118.43614809419645, 34.03846036187864]]]}}, {"type": "Feature", "properties": {"tile_id": 1305, "average_temperature": 18.6248}, "geometry": {"type": "Polygon", "coordinates": [[[-118.43506749570649, 34.03847298147724], [-118.4339868965444, 34.03848559158297], [-118.43400204609459, 34.039385637500246], [-118.4350826566633, 34.039373026969926], [-118.43506749570649, 34.03847298147724]]]}}, {"type": "Feature", "properties": {"tile_id": 1306, "average_temperature": 18.623}, "geometry": {"type": "Polygon", "coordinates": [[[-118.4339868965444, 34.03848559158297], [-118.43290629671064, 34.03849819219582], [-118.43292143485422, 34.03939823853738], [-118.43400204609459, 34.039385637500246], [-118.4339868965444, 34.03848559158297]]]}}, {"type": "Feature", "properties": {"tile_id": 1307, "average_temperature": 18.6192}, "geometry": {"type": "Polygon", "coordinates": [[[-118.43290629671064, 34.03849819219582], [-118.43182569620573, 34.03851078331575], [-118.43184082294269, 34.039410830081266], [-118.43292143485422, 34.03939823853738], [-118.43290629671064, 34.03849819219582]]]}}, {"type": "Feature", "properties": {"tile_id": 1308, "average_temperature": 18.6139}, "geometry": {"type": "Polygon", "coordinates": [[[-118.43182569620573, 34.03851078331575], [-118.43074509503019, 34.03852336494275], [-118.43076021036048, 34.03942341213192], [-118.43184082294269, 34.039410830081266], [-118.43182569620573, 34.03851078331575]]]}}, {"type": "Feature", "properties": {"tile_id": 1309, "average_temperature": 18.6077}, "geometry": {"type": "Polygon", "coordinates": [[[-118.43074509503019, 34.03852336494275], [-118.42966449318455, 34.038535937076816], [-118.42967959710812, 34.03943598468929], [-118.43076021036048, 34.03942341213192], [-118.43074509503019, 34.03852336494275]]]}}, {"type": "Feature", "properties": {"tile_id": 1310, "average_temperature": 18.6011}, "geometry": {"type": "Polygon", "coordinates": [[[-118.42966449318455, 34.038535937076816], [-118.42858389066926, 34.038548499717905], [-118.42859898318608, 34.03944854775339], [-118.42967959710812, 34.03943598468929], [-118.42966449318455, 34.038535937076816]]]}}, {"type": "Feature", "properties": {"tile_id": 1311, "average_temperature": 18.5949}, "geometry": {"type": "Polygon", "coordinates": [[[-118.42858389066926, 34.038548499717905], [-118.42750328748485, 34.038561052866015], [-118.4275183685949, 34.03946110132418], [-118.42859898318608, 34.03944854775339], [-118.42858389066926, 34.038548499717905]]]}}, {"type": "Feature", "properties": {"tile_id": 1312, "average_temperature": 18.5894}, "geometry": {"type": "Polygon", "coordinates": [[[-118.42750328748485, 34.038561052866015], [-118.42642268363181, 34.03857359652111], [-118.42643775333511, 34.03947364540164], [-118.4275183685949, 34.03946110132418], [-118.42750328748485, 34.038561052866015]]]}}, {"type": "Feature", "properties": {"tile_id": 1313, "average_temperature": 18.5852}, "geometry": {"type": "Polygon", "coordinates": [[[-118.42642268363181, 34.03857359652111], [-118.42534207911069, 34.03858613068318], [-118.42535713740716, 34.03948617998576], [-118.42643775333511, 34.03947364540164], [-118.42642268363181, 34.03857359652111]]]}}, {"type": "Feature", "properties": {"tile_id": 1314, "average_temperature": 18.5821}, "geometry": {"type": "Polygon", "coordinates": [[[-118.42534207911069, 34.03858613068318], [-118.42426147392194, 34.03859865535222], [-118.42427652081157, 34.03949870507651], [-118.42535713740716, 34.03948617998576], [-118.42534207911069, 34.03858613068318]]]}}, {"type": "Feature", "properties": {"tile_id": 1315, "average_temperature": 18.58}, "geometry": {"type": "Polygon", "coordinates": [[[-118.42426147392194, 34.03859865535222], [-118.42318086806614, 34.03861117052818], [-118.42319590354887, 34.03951122067389], [-118.42427652081157, 34.03949870507651], [-118.42426147392194, 34.03859865535222]]]}}, {"type": "Feature", "properties": {"tile_id": 1316, "average_temperature": 18.5787}, "geometry": {"type": "Polygon", "coordinates": [[[-118.42318086806614, 34.03861117052818], [-118.4221002615437, 34.03862367621107], [-118.42211528561954, 34.03952372677786], [-118.42319590354887, 34.03951122067389], [-118.42318086806614, 34.03861117052818]]]}}, {"type": "Feature", "properties": {"tile_id": 1317, "average_temperature": 18.5782}, "geometry": {"type": "Polygon", "coordinates": [[[-118.4221002615437, 34.03862367621107], [-118.42101965435518, 34.03863617240084], [-118.42103466702407, 34.039536223388396], [-118.42211528561954, 34.03952372677786], [-118.4221002615437, 34.03862367621107]]]}}, {"type": "Feature", "properties": {"tile_id": 1318, "average_temperature": 18.5783}, "geometry": {"type": "Polygon", "coordinates": [[[-118.42101965435518, 34.03863617240084], [-118.41993904650109, 34.038648659097504], [-118.41995404776303, 34.0395487105055], [-118.42103466702407, 34.039536223388396], [-118.42101965435518, 34.03863617240084]]]}}, {"type": "Feature", "properties": {"tile_id": 1319, "average_temperature": 18.579}, "geometry": {"type": "Polygon", "coordinates": [[[-118.41993904650109, 34.038648659097504], [-118.41885843798192, 34.03866113630102], [-118.41887342783687, 34.039561188129134], [-118.41995404776303, 34.0395487105055], [-118.41993904650109, 34.038648659097504]]]}}, {"type": "Feature", "properties": {"tile_id": 1320, "average_temperature": 18.58}, "geometry": {"type": "Polygon", "coordinates": [[[-118.41885843798192, 34.03866113630102], [-118.41777782879818, 34.03867360401137], [-118.41779280724612, 34.03957365625931], [-118.41887342783687, 34.039561188129134], [-118.41885843798192, 34.03866113630102]]]}}, {"type": "Feature", "properties": {"tile_id": 1321, "average_temperature": 18.5814}, "geometry": {"type": "Polygon", "coordinates": [[[-118.41777782879818, 34.03867360401137], [-118.41669721895036, 34.03868606222856], [-118.41671218599124, 34.03958611489597], [-118.41779280724612, 34.03957365625931], [-118.41777782879818, 34.03867360401137]]]}}, {"type": "Feature", "properties": {"tile_id": 1322, "average_temperature": 18.583}, "geometry": {"type": "Polygon", "coordinates": [[[-118.41669721895036, 34.03868606222856], [-118.415616608439, 34.03869851095253], [-118.41563156407281, 34.03959856403911], [-118.41671218599124, 34.03958611489597], [-118.41669721895036, 34.03868606222856]]]}}, {"type": "Feature", "properties": {"tile_id": 1323, "average_temperature": 18.5849}, "geometry": {"type": "Polygon", "coordinates": [[[-118.415616608439, 34.03869851095253], [-118.41453599726458, 34.03871095018328], [-118.41455094149127, 34.03961100368872], [-118.41563156407281, 34.03959856403911], [-118.415616608439, 34.03869851095253]]]}}, {"type": "Feature", "properties": {"tile_id": 1324, "average_temperature": 18.5872}, "geometry": {"type": "Polygon", "coordinates": [[[-118.41453599726458, 34.03871095018328], [-118.4134553854276, 34.038723379920796], [-118.41347031824719, 34.03962343384476], [-118.41455094149127, 34.03961100368872], [-118.41453599726458, 34.03871095018328]]]}}, {"type": "Feature", "properties": {"tile_id": 1325, "average_temperature": 18.5901}, "geometry": {"type": "Polygon", "coordinates": [[[-118.4134553854276, 34.038723379920796], [-118.41237477292859, 34.03873580016506], [-118.41238969434102, 34.03963585450723], [-118.41347031824719, 34.03962343384476], [-118.4134553854276, 34.038723379920796]]]}}, {"type": "Feature", "properties": {"tile_id": 1326, "average_temperature": 18.5938}, "geometry": {"type": "Polygon", "coordinates": [[[-118.41237477292859, 34.03873580016506], [-118.41129415976803, 34.03874821091604], [-118.41130906977325, 34.0396482656761], [-118.41238969434102, 34.03963585450723], [-118.41237477292859, 34.03873580016506]]]}}, {"type": "Feature", "properties": {"tile_id": 1327, "average_temperature": 18.5986}, "geometry": {"type": "Polygon", "coordinates": [[[-118.41129415976803, 34.03874821091604], [-118.41021354594642, 34.038760612173725], [-118.41022844454444, 34.03966066735136], [-118.41130906977325, 34.0396482656761], [-118.41129415976803, 34.03874821091604]]]}}, {"type": "Feature", "properties": {"tile_id": 1328, "average_temperature": 18.6044}, "geometry": {"type": "Polygon", "coordinates": [[[-118.41021354594642, 34.038760612173725], [-118.40913293146431, 34.038773003938104], [-118.4091478186551, 34.03967305953299], [-118.41022844454444, 34.03966066735136], [-118.41021354594642, 34.038760612173725]]]}}, {"type": "Feature", "properties": {"tile_id": 1329, "average_temperature": 18.6115}, "geometry": {"type": "Polygon", "coordinates": [[[-118.40913293146431, 34.038773003938104], [-118.40805231632218, 34.038785386209135], [-118.40806719210569, 34.03968544222095], [-118.4091478186551, 34.03967305953299], [-118.40913293146431, 34.038773003938104]]]}}, {"type": "Feature", "properties": {"tile_id": 1330, "average_temperature": 18.62}, "geometry": {"type": "Polygon", "coordinates": [[[-118.40805231632218, 34.038785386209135], [-118.40697170052053, 34.03879775898682], [-118.40698656489671, 34.03969781541524], [-118.40806719210569, 34.03968544222095], [-118.40805231632218, 34.038785386209135]]]}}, {"type": "Feature", "properties": {"tile_id": 1331, "average_temperature": 18.6299}, "geometry": {"type": "Polygon", "coordinates": [[[-118.40697170052053, 34.03879775898682], [-118.40589108405987, 34.03881012227113], [-118.40590593702873, 34.039710179115836], [-118.40698656489671, 34.03969781541524], [-118.40697170052053, 34.03879775898682]]]}}, {"type": "Feature", "properties": {"tile_id": 1332, "average_temperature": 18.6413}, "geometry": {"type": "Polygon", "coordinates": [[[-118.40589108405987, 34.03881012227113], [-118.40481046694069, 34.03882247606205], [-118.40482530850221, 34.03972253332273], [-118.40590593702873, 34.039710179115836], [-118.40589108405987, 34.03881012227113]]]}}, {"type": "Feature", "properties": {"tile_id": 1333, "average_temperature": 18.6542}, "geometry": {"type": "Polygon", "coordinates": [[[-118.40481046694069, 34.03882247606205], [-118.40372984916353, 34.038834820359554], [-118.40374467931767, 34.039734878035894], [-118.40482530850221, 34.03972253332273], [-118.40481046694069, 34.03882247606205]]]}}, {"type": "Feature", "properties": {"tile_id": 1334, "average_temperature": 18.6683}, "geometry": {"type": "Polygon", "coordinates": [[[-118.40372984916353, 34.038834820359554], [-118.40264923072884, 34.03884715516363], [-118.40266404947558, 34.0397472132553], [-118.40374467931767, 34.039734878035894], [-118.40372984916353, 34.038834820359554]]]}}, {"type": "Feature", "properties": {"tile_id": 1335, "average_temperature": 18.683}, "geometry": {"type": "Polygon", "coordinates": [[[-118.40264923072884, 34.03884715516363], [-118.40156861163719, 34.03885948047426], [-118.40158341897647, 34.03975953898094], [-118.40266404947558, 34.0397472132553], [-118.40264923072884, 34.03884715516363]]]}}, {"type": "Feature", "properties": {"tile_id": 1336, "average_temperature": 18.6981}, "geometry": {"type": "Polygon", "coordinates": [[[-118.40156861163719, 34.03885948047426], [-118.40048799188907, 34.03887179629141], [-118.40050278782087, 34.03977185521279], [-118.40158341897647, 34.03975953898094], [-118.40156861163719, 34.03885948047426]]]}}, {"type": "Feature", "properties": {"tile_id": 1337, "average_temperature": 18.713}, "geometry": {"type": "Polygon", "coordinates": [[[-118.40048799188907, 34.03887179629141], [-118.39940737148493, 34.03888410261508], [-118.39942215600925, 34.039784161950834], [-118.40050278782087, 34.03977185521279], [-118.40048799188907, 34.03887179629141]]]}}, {"type": "Feature", "properties": {"tile_id": 1338, "average_temperature": 18.7275}, "geometry": {"type": "Polygon", "coordinates": [[[-118.39940737148493, 34.03888410261508], [-118.39832675042535, 34.038896399445235], [-118.39834152354214, 34.03979645919505], [-118.39942215600925, 34.039784161950834], [-118.39940737148493, 34.03888410261508]]]}}, {"type": "Feature", "properties": {"tile_id": 1339, "average_temperature": 18.5689}, "geometry": {"type": "Polygon", "coordinates": [[[-118.43832448433429, 34.03933513841987], [-118.43724387578365, 34.039347777429704], [-118.4372590602274, 34.04024782193428], [-118.43833968018507, 34.040235182498876], [-118.43832448433429, 34.03933513841987]]]}}, {"type": "Feature", "properties": {"tile_id": 1340, "average_temperature": 18.575}, "geometry": {"type": "Polygon", "coordinates": [[[-118.43724387578365, 34.039347777429704], [-118.43616326655983, 34.0393604069464], [-118.43617843959653, 34.04026045187621], [-118.4372590602274, 34.04024782193428], [-118.43724387578365, 34.039347777429704]]]}}, {"type": "Feature", "properties": {"tile_id": 1341, "average_temperature": 18.5776}, "geometry": {"type": "Polygon", "coordinates": [[[-118.43616326655983, 34.0393604069464], [-118.4350826566633, 34.039373026969926], [-118.43509781829295, 34.04027307232466], [-118.43617843959653, 34.04026045187621], [-118.43616326655983, 34.0393604069464]]]}}, {"type": "Feature", "properties": {"tile_id": 1342, "average_temperature": 18.5773}, "geometry": {"type": "Polygon", "coordinates": [[[-118.4350826566633, 34.039373026969926], [-118.43400204609459, 34.039385637500246], [-118.43401719631716, 34.0402856832796], [-118.43509781829295, 34.04027307232466], [-118.4350826566633, 34.039373026969926]]]}}, {"type": "Feature", "properties": {"tile_id": 1343, "average_temperature": 18.5744}, "geometry": {"type": "Polygon", "coordinates": [[[-118.43400204609459, 34.039385637500246], [-118.43292143485422, 34.03939823853738], [-118.43293657366966, 34.04029828474102], [-118.43401719631716, 34.0402856832796], [-118.43400204609459, 34.039385637500246]]]}}, {"type": "Feature", "properties": {"tile_id": 1344, "average_temperature": 18.5696}, "geometry": {"type": "Polygon", "coordinates": [[[-118.43292143485422, 34.03939823853738], [-118.43184082294269, 34.039410830081266], [-118.43185595035098, 34.04031087670887], [-118.43293657366966, 34.04029828474102], [-118.43292143485422, 34.03939823853738]]]}}, {"type": "Feature", "properties": {"tile_id": 1345, "average_temperature": 18.5633}, "geometry": {"type": "Polygon", "coordinates": [[[-118.43184082294269, 34.039410830081266], [-118.43076021036048, 34.03942341213192], [-118.43077532636157, 34.04032345918318], [-118.43185595035098, 34.04031087670887], [-118.43184082294269, 34.039410830081266]]]}}, {"type": "Feature", "properties": {"tile_id": 1346, "average_temperature": 18.556}, "geometry": {"type": "Polygon", "coordinates": [[[-118.43076021036048, 34.03942341213192], [-118.42967959710812, 34.03943598468929], [-118.42969470170199, 34.04033603216388], [-118.43077532636157, 34.04032345918318], [-118.43076021036048, 34.03942341213192]]]}}, {"type": "Feature", "properties": {"tile_id": 1347, "average_temperature": 18.5483}, "geometry": {"type": "Polygon", "coordinates": [[[-118.42967959710812, 34.03943598468929], [-118.42859898318608, 34.03944854775339], [-118.42861407637272, 34.04034859565099], [-118.42969470170199, 34.04033603216388], [-118.42967959710812, 34.03943598468929]]]}}, {"type": "Feature", "properties": {"tile_id": 1348, "average_temperature": 18.5405}, "geometry": {"type": "Polygon", "coordinates": [[[-118.42859898318608, 34.03944854775339], [-118.4275183685949, 34.03946110132418], [-118.42753345037431, 34.04036114964447], [-118.42861407637272, 34.04034859565099], [-118.42859898318608, 34.03944854775339]]]}}, {"type": "Feature", "properties": {"tile_id": 1349, "average_temperature": 18.5333}, "geometry": {"type": "Polygon", "coordinates": [[[-118.4275183685949, 34.03946110132418], [-118.42643775333511, 34.03947364540164], [-118.42645282370718, 34.04037369414431], [-118.42753345037431, 34.04036114964447], [-118.4275183685949, 34.03946110132418]]]}}, {"type": "Feature", "properties": {"tile_id": 1350, "average_temperature": 18.5269}, "geometry": {"type": "Polygon", "coordinates": [[[-118.42643775333511, 34.03947364540164], [-118.42535713740716, 34.03948617998576], [-118.42537219637191, 34.04038622915048], [-118.42645282370718, 34.04037369414431], [-118.42643775333511, 34.03947364540164]]]}}, {"type": "Feature", "properties": {"tile_id": 1351, "average_temperature": 18.5215}, "geometry": {"type": "Polygon", "coordinates": [[[-118.42535713740716, 34.03948617998576], [-118.42427652081157, 34.03949870507651], [-118.42429156836897, 34.04039875466295], [-118.42537219637191, 34.04038622915048], [-118.42535713740716, 34.03948617998576]]]}}, {"type": "Feature", "properties": {"tile_id": 1352, "average_temperature": 18.5171}, "geometry": {"type": "Polygon", "coordinates": [[[-118.42427652081157, 34.03949870507651], [-118.42319590354887, 34.03951122067389], [-118.42321093969889, 34.04041127068174], [-118.42429156836897, 34.04039875466295], [-118.42427652081157, 34.03949870507651]]]}}, {"type": "Feature", "properties": {"tile_id": 1353, "average_temperature": 18.5138}, "geometry": {"type": "Polygon", "coordinates": [[[-118.42319590354887, 34.03951122067389], [-118.42211528561954, 34.03952372677786], [-118.42213031036215, 34.040423777206804], [-118.42321093969889, 34.04041127068174], [-118.42319590354887, 34.03951122067389]]]}}, {"type": "Feature", "properties": {"tile_id": 1354, "average_temperature": 18.5118}, "geometry": {"type": "Polygon", "coordinates": [[[-118.42211528561954, 34.03952372677786], [-118.42103466702407, 34.039536223388396], [-118.42104968035926, 34.04043627423813], [-118.42213031036215, 34.040423777206804], [-118.42211528561954, 34.03952372677786]]]}}, {"type": "Feature", "properties": {"tile_id": 1355, "average_temperature": 18.5111}, "geometry": {"type": "Polygon", "coordinates": [[[-118.42103466702407, 34.039536223388396], [-118.41995404776303, 34.0395487105055], [-118.41996904969074, 34.04044876177568], [-118.42104968035926, 34.04043627423813], [-118.42103466702407, 34.039536223388396]]]}}, {"type": "Feature", "properties": {"tile_id": 1356, "average_temperature": 18.512}, "geometry": {"type": "Polygon", "coordinates": [[[-118.41995404776303, 34.0395487105055], [-118.41887342783687, 34.039561188129134], [-118.41888841835707, 34.040461239819464], [-118.41996904969074, 34.04044876177568], [-118.41995404776303, 34.0395487105055]]]}}, {"type": "Feature", "properties": {"tile_id": 1357, "average_temperature": 18.5145}, "geometry": {"type": "Polygon", "coordinates": [[[-118.41887342783687, 34.039561188129134], [-118.41779280724612, 34.03957365625931], [-118.41780778635881, 34.04047370836945], [-118.41888841835707, 34.040461239819464], [-118.41887342783687, 34.039561188129134]]]}}, {"type": "Feature", "properties": {"tile_id": 1358, "average_temperature": 18.5188}, "geometry": {"type": "Polygon", "coordinates": [[[-118.41779280724612, 34.03957365625931], [-118.41671218599124, 34.03958611489597], [-118.41672715369639, 34.0404861674256], [-118.41780778635881, 34.04047370836945], [-118.41779280724612, 34.03957365625931]]]}}, {"type": "Feature", "properties": {"tile_id": 1359, "average_temperature": 18.5251}, "geometry": {"type": "Polygon", "coordinates": [[[-118.41671218599124, 34.03958611489597], [-118.41563156407281, 34.03959856403911], [-118.41564652037037, 34.04049861698792], [-118.41672715369639, 34.0404861674256], [-118.41671218599124, 34.03958611489597]]]}}, {"type": "Feature", "properties": {"tile_id": 1360, "average_temperature": 18.5336}, "geometry": {"type": "Polygon", "coordinates": [[[-118.41563156407281, 34.03959856403911], [-118.41455094149127, 34.03961100368872], [-118.41456588638123, 34.04051105705638], [-118.41564652037037, 34.04049861698792], [-118.41563156407281, 34.03959856403911]]]}}, {"type": "Feature", "properties": {"tile_id": 1361, "average_temperature": 18.5441}, "geometry": {"type": "Polygon", "coordinates": [[[-118.41455094149127, 34.03961100368872], [-118.41347031824719, 34.03962343384476], [-118.41348525172948, 34.040523487630956], [-118.41456588638123, 34.04051105705638], [-118.41455094149127, 34.03961100368872]]]}}, {"type": "Feature", "properties": {"tile_id": 1362, "average_temperature": 18.5565}, "geometry": {"type": "Polygon", "coordinates": [[[-118.41347031824719, 34.03962343384476], [-118.41238969434102, 34.03963585450723], [-118.41240461641564, 34.04053590871165], [-118.41348525172948, 34.040523487630956], [-118.41347031824719, 34.03962343384476]]]}}, {"type": "Feature", "properties": {"tile_id": 1363, "average_temperature": 18.5704}, "geometry": {"type": "Polygon", "coordinates": [[[-118.41238969434102, 34.03963585450723], [-118.41130906977325, 34.0396482656761], [-118.4113239804402, 34.04054832029841], [-118.41240461641564, 34.04053590871165], [-118.41238969434102, 34.03963585450723]]]}}, {"type": "Feature", "properties": {"tile_id": 1364, "average_temperature": 18.5857}, "geometry": {"type": "Polygon", "coordinates": [[[-118.41130906977325, 34.0396482656761], [-118.41022844454444, 34.03966066735136], [-118.4102433438037, 34.04056072239125], [-118.4113239804402, 34.04054832029841], [-118.41130906977325, 34.0396482656761]]]}}, {"type": "Feature", "properties": {"tile_id": 1365, "average_temperature": 18.602}, "geometry": {"type": "Polygon", "coordinates": [[[-118.41022844454444, 34.03966066735136], [-118.4091478186551, 34.03967305953299], [-118.40916270650656, 34.04057311499013], [-118.4102433438037, 34.04056072239125], [-118.41022844454444, 34.03966066735136]]]}}, {"type": "Feature", "properties": {"tile_id": 1366, "average_temperature": 18.619}, "geometry": {"type": "Polygon", "coordinates": [[[-118.4091478186551, 34.03967305953299], [-118.40806719210569, 34.03968544222095], [-118.40808206854939, 34.040585498095034], [-118.40916270650656, 34.04057311499013], [-118.4091478186551, 34.03967305953299]]]}}, {"type": "Feature", "properties": {"tile_id": 1367, "average_temperature": 18.6364}, "geometry": {"type": "Polygon", "coordinates": [[[-118.40806719210569, 34.03968544222095], [-118.40698656489671, 34.03969781541524], [-118.40700142993263, 34.04059787170595], [-118.40808206854939, 34.040585498095034], [-118.40806719210569, 34.03968544222095]]]}}, {"type": "Feature", "properties": {"tile_id": 1368, "average_temperature": 18.6538}, "geometry": {"type": "Polygon", "coordinates": [[[-118.40698656489671, 34.03969781541524], [-118.40590593702873, 34.039710179115836], [-118.4059207906568, 34.04061023582286], [-118.40700142993263, 34.04059787170595], [-118.40698656489671, 34.03969781541524]]]}}, {"type": "Feature", "properties": {"tile_id": 1369, "average_temperature": 18.6709}, "geometry": {"type": "Polygon", "coordinates": [[[-118.40590593702873, 34.039710179115836], [-118.40482530850221, 34.03972253332273], [-118.4048401507224, 34.04062259044572], [-118.4059207906568, 34.04061023582286], [-118.40590593702873, 34.039710179115836]]]}}, {"type": "Feature", "properties": {"tile_id": 1370, "average_temperature": 18.6871}, "geometry": {"type": "Polygon", "coordinates": [[[-118.40482530850221, 34.03972253332273], [-118.40374467931767, 34.039734878035894], [-118.40375951012997, 34.040634935574545], [-118.4048401507224, 34.04062259044572], [-118.40482530850221, 34.03972253332273]]]}}, {"type": "Feature", "properties": {"tile_id": 1371, "average_temperature": 18.7024}, "geometry": {"type": "Polygon", "coordinates": [[[-118.40374467931767, 34.039734878035894], [-118.40266404947558, 34.0397472132553], [-118.40267886887997, 34.0406472712093], [-118.40375951012997, 34.040634935574545], [-118.40374467931767, 34.039734878035894]]]}}, {"type": "Feature", "properties": {"tile_id": 1372, "average_temperature": 18.7165}, "geometry": {"type": "Polygon", "coordinates": [[[-118.40266404947558, 34.0397472132553], [-118.40158341897647, 34.03975953898094], [-118.40159822697292, 34.04065959734996], [-118.40267886887997, 34.0406472712093], [-118.40266404947558, 34.0397472132553]]]}}, {"type": "Feature", "properties": {"tile_id": 1373, "average_temperature": 18.7295}, "geometry": {"type": "Polygon", "coordinates": [[[-118.40158341897647, 34.03975953898094], [-118.40050278782087, 34.03977185521279], [-118.40051758440934, 34.04067191399652], [-118.40159822697292, 34.04065959734996], [-118.40158341897647, 34.03975953898094]]]}}, {"type": "Feature", "properties": {"tile_id": 1374, "average_temperature": 18.7411}, "geometry": {"type": "Polygon", "coordinates": [[[-118.40050278782087, 34.03977185521279], [-118.39942215600925, 34.039784161950834], [-118.39943694118972, 34.040684221148936], [-118.40051758440934, 34.04067191399652], [-118.40050278782087, 34.03977185521279]]]}}, {"type": "Feature", "properties": {"tile_id": 1375, "average_temperature": 18.7514}, "geometry": {"type": "Polygon", "coordinates": [[[-118.39942215600925, 34.039784161950834], [-118.39834152354214, 34.03979645919505], [-118.39835629731456, 34.04069651880722], [-118.39943694118972, 34.040684221148936], [-118.39942215600925, 34.039784161950834]]]}}, {"type": "Feature", "properties": {"tile_id": 1376, "average_temperature": 18.5109}, "geometry": {"type": "Polygon", "coordinates": [[[-118.4372590602274, 34.04024782193428], [-118.43617843959653, 34.04026045187621], [-118.43619361330666, 34.041160496668084], [-118.43727424534505, 34.041147866300896], [-118.4372590602274, 34.04024782193428]]]}}, {"type": "Feature", "properties": {"tile_id": 1377, "average_temperature": 18.5128}, "geometry": {"type": "Polygon", "coordinates": [[[-118.43617843959653, 34.04026045187621], [-118.43509781829295, 34.04027307232466], [-118.43511298059549, 34.041173117541476], [-118.43619361330666, 34.041160496668084], [-118.43617843959653, 34.04026045187621]]]}}, {"type": "Feature", "properties": {"tile_id": 1378, "average_temperature": 18.5122}, "geometry": {"type": "Polygon", "coordinates": [[[-118.43509781829295, 34.04027307232466], [-118.43401719631716, 34.0402856832796], [-118.4340323472121, 34.041185728921036], [-118.43511298059549, 34.041173117541476], [-118.43509781829295, 34.04027307232466]]]}}, {"type": "Feature", "properties": {"tile_id": 1379, "average_temperature": 18.5095}, "geometry": {"type": "Polygon", "coordinates": [[[-118.43401719631716, 34.0402856832796], [-118.43293657366966, 34.04029828474102], [-118.43295171315697, 34.041198330806736], [-118.4340323472121, 34.041185728921036], [-118.43401719631716, 34.0402856832796]]]}}, {"type": "Feature", "properties": {"tile_id": 1380, "average_temperature": 18.5051}, "geometry": {"type": "Polygon", "coordinates": [[[-118.43293657366966, 34.04029828474102], [-118.43185595035098, 34.04031087670887], [-118.43187107843063, 34.04121092319858], [-118.43295171315697, 34.041198330806736], [-118.43293657366966, 34.04029828474102]]]}}, {"type": "Feature", "properties": {"tile_id": 1381, "average_temperature": 18.4992}, "geometry": {"type": "Polygon", "coordinates": [[[-118.43185595035098, 34.04031087670887], [-118.43077532636157, 34.04032345918318], [-118.43079044303354, 34.041223506096536], [-118.43187107843063, 34.04121092319858], [-118.43185595035098, 34.04031087670887]]]}}, {"type": "Feature", "properties": {"tile_id": 1382, "average_temperature": 18.4922}, "geometry": {"type": "Polygon", "coordinates": [[[-118.43077532636157, 34.04032345918318], [-118.42969470170199, 34.04033603216388], [-118.42970980696624, 34.04123607950058], [-118.43079044303354, 34.041223506096536], [-118.43077532636157, 34.04032345918318]]]}}, {"type": "Feature", "properties": {"tile_id": 1383, "average_temperature": 18.4845}, "geometry": {"type": "Polygon", "coordinates": [[[-118.42969470170199, 34.04033603216388], [-118.42861407637272, 34.04034859565099], [-118.42862917022923, 34.04124864341072], [-118.42970980696624, 34.04123607950058], [-118.42969470170199, 34.04033603216388]]]}}, {"type": "Feature", "properties": {"tile_id": 1384, "average_temperature": 18.4764}, "geometry": {"type": "Polygon", "coordinates": [[[-118.42861407637272, 34.04034859565099], [-118.42753345037431, 34.04036114964447], [-118.42754853282302, 34.04126119782689], [-118.42862917022923, 34.04124864341072], [-118.42861407637272, 34.04034859565099]]]}}, {"type": "Feature", "properties": {"tile_id": 1385, "average_temperature": 18.4681}, "geometry": {"type": "Polygon", "coordinates": [[[-118.42753345037431, 34.04036114964447], [-118.42645282370718, 34.04037369414431], [-118.42646789474811, 34.04127374274911], [-118.42754853282302, 34.04126119782689], [-118.42753345037431, 34.04036114964447]]]}}, {"type": "Feature", "properties": {"tile_id": 1386, "average_temperature": 18.46}, "geometry": {"type": "Polygon", "coordinates": [[[-118.42645282370718, 34.04037369414431], [-118.42537219637191, 34.04038622915048], [-118.425387256005, 34.04128627817734], [-118.42646789474811, 34.04127374274911], [-118.42645282370718, 34.04037369414431]]]}}, {"type": "Feature", "properties": {"tile_id": 1387, "average_temperature": 18.4525}, "geometry": {"type": "Polygon", "coordinates": [[[-118.42537219637191, 34.04038622915048], [-118.42429156836897, 34.04039875466295], [-118.42430661659421, 34.04129880411156], [-118.425387256005, 34.04128627817734], [-118.42537219637191, 34.04038622915048]]]}}, {"type": "Feature", "properties": {"tile_id": 1388, "average_temperature": 18.4458}, "geometry": {"type": "Polygon", "coordinates": [[[-118.42429156836897, 34.04039875466295], [-118.42321093969889, 34.04041127068174], [-118.42322597651624, 34.04131132055177], [-118.42430661659421, 34.04129880411156], [-118.42429156836897, 34.04039875466295]]]}}, {"type": "Feature", "properties": {"tile_id": 1389, "average_temperature": 18.4404}, "geometry": {"type": "Polygon", "coordinates": [[[-118.42321093969889, 34.04041127068174], [-118.42213031036215, 34.040423777206804], [-118.42214533577159, 34.04132382749793], [-118.42322597651624, 34.04131132055177], [-118.42321093969889, 34.04041127068174]]]}}, {"type": "Feature", "properties": {"tile_id": 1390, "average_temperature": 18.4366}, "geometry": {"type": "Polygon", "coordinates": [[[-118.42213031036215, 34.040423777206804], [-118.42104968035926, 34.04043627423813], [-118.42106469436075, 34.04133632495004], [-118.42214533577159, 34.04132382749793], [-118.42213031036215, 34.040423777206804]]]}}, {"type": "Feature", "properties": {"tile_id": 1391, "average_temperature": 18.435}, "geometry": {"type": "Polygon", "coordinates": [[[-118.42104968035926, 34.04043627423813], [-118.41996904969074, 34.04044876177568], [-118.41998405228425, 34.04134881290806], [-118.42106469436075, 34.04133632495004], [-118.42104968035926, 34.04043627423813]]]}}, {"type": "Feature", "properties": {"tile_id": 1392, "average_temperature": 18.436}, "geometry": {"type": "Polygon", "coordinates": [[[-118.41996904969074, 34.04044876177568], [-118.41888841835707, 34.040461239819464], [-118.4189034095426, 34.04136129137198], [-118.41998405228425, 34.04134881290806], [-118.41996904969074, 34.04044876177568]]]}}, {"type": "Feature", "properties": {"tile_id": 1393, "average_temperature": 18.4399}, "geometry": {"type": "Polygon", "coordinates": [[[-118.41888841835707, 34.040461239819464], [-118.41780778635881, 34.04047370836945], [-118.41782276613628, 34.04137376034178], [-118.4189034095426, 34.04136129137198], [-118.41888841835707, 34.040461239819464]]]}}, {"type": "Feature", "properties": {"tile_id": 1394, "average_temperature": 18.4474}, "geometry": {"type": "Polygon", "coordinates": [[[-118.41780778635881, 34.04047370836945], [-118.41672715369639, 34.0404861674256], [-118.41674212206583, 34.04138621981745], [-118.41782276613628, 34.04137376034178], [-118.41780778635881, 34.04047370836945]]]}}, {"type": "Feature", "properties": {"tile_id": 1395, "average_temperature": 18.4589}, "geometry": {"type": "Polygon", "coordinates": [[[-118.41672715369639, 34.0404861674256], [-118.41564652037037, 34.04049861698792], [-118.4156614773317, 34.04139866979894], [-118.41674212206583, 34.04138621981745], [-118.41672715369639, 34.0404861674256]]]}}, {"type": "Feature", "properties": {"tile_id": 1396, "average_temperature": 18.4746}, "geometry": {"type": "Polygon", "coordinates": [[[-118.41564652037037, 34.04049861698792], [-118.41456588638123, 34.04051105705638], [-118.41458083193446, 34.041411110286276], [-118.4156614773317, 34.04139866979894], [-118.41564652037037, 34.04049861698792]]]}}, {"type": "Feature", "properties": {"tile_id": 1397, "average_temperature": 18.4943}, "geometry": {"type": "Polygon", "coordinates": [[[-118.41456588638123, 34.04051105705638], [-118.41348525172948, 34.040523487630956], [-118.41350018587458, 34.04142354127941], [-118.41458083193446, 34.041411110286276], [-118.41456588638123, 34.04051105705638]]]}}, {"type": "Feature", "properties": {"tile_id": 1398, "average_temperature": 18.5172}, "geometry": {"type": "Polygon", "coordinates": [[[-118.41348525172948, 34.040523487630956], [-118.41240461641564, 34.04053590871165], [-118.41241953915255, 34.04143596277831], [-118.41350018587458, 34.04142354127941], [-118.41348525172948, 34.040523487630956]]]}}, {"type": "Feature", "properties": {"tile_id": 1399, "average_temperature": 18.5425}, "geometry": {"type": "Polygon", "coordinates": [[[-118.41240461641564, 34.04053590871165], [-118.4113239804402, 34.04054832029841], [-118.41133889176892, 34.041448374782995], [-118.41241953915255, 34.04143596277831], [-118.41240461641564, 34.04053590871165]]]}}, {"type": "Feature", "properties": {"tile_id": 1400, "average_temperature": 18.5696}, "geometry": {"type": "Polygon", "coordinates": [[[-118.4113239804402, 34.04054832029841], [-118.4102433438037, 34.04056072239125], [-118.41025824372417, 34.041460777293416], [-118.41133889176892, 34.041448374782995], [-118.4113239804402, 34.04054832029841]]]}}, {"type": "Feature", "properties": {"tile_id": 1401, "average_temperature": 18.5976}, "geometry": {"type": "Polygon", "coordinates": [[[-118.4102433438037, 34.04056072239125], [-118.40916270650656, 34.04057311499013], [-118.4091775950188, 34.041473170309565], [-118.41025824372417, 34.041460777293416], [-118.4102433438037, 34.04056072239125]]]}}, {"type": "Feature", "properties": {"tile_id": 1402, "average_temperature": 18.6257}, "geometry": {"type": "Polygon", "coordinates": [[[-118.40916270650656, 34.04057311499013], [-118.40808206854939, 34.040585498095034], [-118.40809694565333, 34.04148555383142], [-118.4091775950188, 34.041473170309565], [-118.40916270650656, 34.04057311499013]]]}}, {"type": "Feature", "properties": {"tile_id": 1403, "average_temperature": 18.653}, "geometry": {"type": "Polygon", "coordinates": [[[-118.40808206854939, 34.040585498095034], [-118.40700142993263, 34.04059787170595], [-118.40701629562825, 34.04149792785896], [-118.40809694565333, 34.04148555383142], [-118.40808206854939, 34.040585498095034]]]}}, {"type": "Feature", "properties": {"tile_id": 1404, "average_temperature": 18.6788}, "geometry": {"type": "Polygon", "coordinates": [[[-118.40700142993263, 34.04059787170595], [-118.4059207906568, 34.04061023582286], [-118.4059356449441, 34.04151029239218], [-118.40701629562825, 34.04149792785896], [-118.40700142993263, 34.04059787170595]]]}}, {"type": "Feature", "properties": {"tile_id": 1405, "average_temperature": 18.7021}, "geometry": {"type": "Polygon", "coordinates": [[[-118.4059207906568, 34.04061023582286], [-118.4048401507224, 34.04062259044572], [-118.40485499360133, 34.04152264743104], [-118.4059356449441, 34.04151029239218], [-118.4059207906568, 34.04061023582286]]]}}, {"type": "Feature", "properties": {"tile_id": 1406, "average_temperature": 18.7221}, "geometry": {"type": "Polygon", "coordinates": [[[-118.4048401507224, 34.04062259044572], [-118.40375951012997, 34.040634935574545], [-118.40377434160048, 34.04153499297552], [-118.40485499360133, 34.04152264743104], [-118.4048401507224, 34.04062259044572]]]}}, {"type": "Feature", "properties": {"tile_id": 1407, "average_temperature": 18.7386}, "geometry": {"type": "Polygon", "coordinates": [[[-118.40375951012997, 34.040634935574545], [-118.40267886887997, 34.0406472712093], [-118.40269368894207, 34.041547329025626], [-118.40377434160048, 34.04153499297552], [-118.40375951012997, 34.040634935574545]]]}}, {"type": "Feature", "properties": {"tile_id": 1408, "average_temperature": 18.752}, "geometry": {"type": "Polygon", "coordinates": [[[-118.40267886887997, 34.0406472712093], [-118.40159822697292, 34.04065959734996], [-118.40161303562657, 34.04155965558132], [-118.40269368894207, 34.041547329025626], [-118.40267886887997, 34.0406472712093]]]}}, {"type": "Feature", "properties": {"tile_id": 1409, "average_temperature": 18.7626}, "geometry": {"type": "Polygon", "coordinates": [[[-118.40159822697292, 34.04065959734996], [-118.40051758440934, 34.04067191399652], [-118.4005323816545, 34.041571972642586], [-118.40161303562657, 34.04155965558132], [-118.40159822697292, 34.04065959734996]]]}}, {"type": "Feature", "properties": {"tile_id": 1410, "average_temperature": 18.7705}, "geometry": {"type": "Polygon", "coordinates": [[[-118.40051758440934, 34.04067191399652], [-118.39943694118972, 34.040684221148936], [-118.39945172702639, 34.041584280209406], [-118.4005323816545, 34.041571972642586], [-118.40051758440934, 34.04067191399652]]]}}, {"type": "Feature", "properties": {"tile_id": 1411, "average_temperature": 18.7762}, "geometry": {"type": "Polygon", "coordinates": [[[-118.39943694118972, 34.040684221148936], [-118.39835629731456, 34.04069651880722], [-118.39837107174269, 34.041596578281755], [-118.39945172702639, 34.041584280209406], [-118.39943694118972, 34.040684221148936]]]}}, {"type": "Feature", "properties": {"tile_id": 1412, "average_temperature": 18.4388}, "geometry": {"type": "Polygon", "coordinates": [[[-118.43511298059549, 34.04117311754147], [-118.4340323472121, 34.04118572892103], [-118.43404749877945, 34.04208577442452], [-118.43512814357096, 34.04207316262033], [-118.43511298059549, 34.04117311754147]]]}}, {"type": "Feature", "properties": {"tile_id": 1413, "average_temperature": 18.4371}, "geometry": {"type": "Polygon", "coordinates": [[[-118.4340323472121, 34.04118572892103], [-118.43295171315697, 34.04119833080672], [-118.43296685331619, 34.042098376734536], [-118.43404749877945, 34.04208577442452], [-118.4340323472121, 34.04118572892103]]]}}, {"type": "Feature", "properties": {"tile_id": 1414, "average_temperature": 18.434}, "geometry": {"type": "Polygon", "coordinates": [[[-118.43295171315697, 34.04119833080672], [-118.43187107843063, 34.04121092319857], [-118.43188620718165, 34.042110969550365], [-118.43296685331619, 34.042098376734536], [-118.43295171315697, 34.04119833080672]]]}}, {"type": "Feature", "properties": {"tile_id": 1415, "average_temperature": 18.4295}, "geometry": {"type": "Polygon", "coordinates": [[[-118.43187107843063, 34.04121092319857], [-118.43079044303354, 34.04122350609653], [-118.43080556037637, 34.04212355287199], [-118.43188620718165, 34.042110969550365], [-118.43187107843063, 34.04121092319857]]]}}, {"type": "Feature", "properties": {"tile_id": 1416, "average_temperature": 18.4238}, "geometry": {"type": "Polygon", "coordinates": [[[-118.43079044303354, 34.04122350609653], [-118.42970980696624, 34.04123607950058], [-118.42972491290087, 34.04213612669938], [-118.43080556037637, 34.04212355287199], [-118.43079044303354, 34.04122350609653]]]}}, {"type": "Feature", "properties": {"tile_id": 1417, "average_temperature": 18.4171}, "geometry": {"type": "Polygon", "coordinates": [[[-118.42970980696624, 34.04123607950058], [-118.42862917022923, 34.041248643410704], [-118.4286442647556, 34.04214869103254], [-118.42972491290087, 34.04213612669938], [-118.42970980696624, 34.04123607950058]]]}}, {"type": "Feature", "properties": {"tile_id": 1418, "average_temperature": 18.4093}, "geometry": {"type": "Polygon", "coordinates": [[[-118.42862917022923, 34.041248643410704], [-118.42754853282302, 34.04126119782689], [-118.42756361594112, 34.042161245871426], [-118.4286442647556, 34.04214869103254], [-118.42862917022923, 34.041248643410704]]]}}, {"type": "Feature", "properties": {"tile_id": 1419, "average_temperature": 18.4007}, "geometry": {"type": "Polygon", "coordinates": [[[-118.42754853282302, 34.04126119782689], [-118.42646789474811, 34.0412737427491], [-118.4264829664579, 34.04217379121603], [-118.42756361594112, 34.042161245871426], [-118.42754853282302, 34.04126119782689]]]}}, {"type": "Feature", "properties": {"tile_id": 1420, "average_temperature": 18.3914}, "geometry": {"type": "Polygon", "coordinates": [[[-118.42646789474811, 34.0412737427491], [-118.425387256005, 34.04128627817733], [-118.42540231630647, 34.04218632706633], [-118.4264829664579, 34.04217379121603], [-118.42646789474811, 34.0412737427491]]]}}, {"type": "Feature", "properties": {"tile_id": 1421, "average_temperature": 18.382}, "geometry": {"type": "Polygon", "coordinates": [[[-118.425387256005, 34.04128627817733], [-118.42430661659421, 34.04129880411156], [-118.4243216654873, 34.042198853422306], [-118.42540231630647, 34.04218632706633], [-118.425387256005, 34.04128627817733]]]}}, {"type": "Feature", "properties": {"tile_id": 1422, "average_temperature": 18.3732}, "geometry": {"type": "Polygon", "coordinates": [[[-118.42430661659421, 34.04129880411156], [-118.42322597651624, 34.04131132055176], [-118.42324101400094, 34.042211370283944], [-118.4243216654873, 34.042198853422306], [-118.42430661659421, 34.04129880411156]]]}}, {"type": "Feature", "properties": {"tile_id": 1423, "average_temperature": 18.3657}, "geometry": {"type": "Polygon", "coordinates": [[[-118.42322597651624, 34.04131132055176], [-118.42214533577159, 34.041323827497926], [-118.42216036184784, 34.042223877651224], [-118.42324101400094, 34.042211370283944], [-118.42322597651624, 34.04131132055176]]]}}, {"type": "Feature", "properties": {"tile_id": 1424, "average_temperature": 18.3603}, "geometry": {"type": "Polygon", "coordinates": [[[-118.42214533577159, 34.041323827497926], [-118.42106469436075, 34.04133632495003], [-118.42107970902856, 34.04223637552411], [-118.42216036184784, 34.042223877651224], [-118.42214533577159, 34.041323827497926]]]}}, {"type": "Feature", "properties": {"tile_id": 1425, "average_temperature": 18.3577}, "geometry": {"type": "Polygon", "coordinates": [[[-118.42106469436075, 34.04133632495003], [-118.41998405228425, 34.041348812908055], [-118.41999905554358, 34.0422488639026], [-118.42107970902856, 34.04223637552411], [-118.42106469436075, 34.04133632495003]]]}}, {"type": "Feature", "properties": {"tile_id": 1426, "average_temperature": 18.3587}, "geometry": {"type": "Polygon", "coordinates": [[[-118.41998405228425, 34.041348812908055], [-118.4189034095426, 34.04136129137197], [-118.41891840139341, 34.04226134278668], [-118.41999905554358, 34.0422488639026], [-118.41998405228425, 34.041348812908055]]]}}, {"type": "Feature", "properties": {"tile_id": 1427, "average_temperature": 18.364}, "geometry": {"type": "Polygon", "coordinates": [[[-118.4189034095426, 34.04136129137197], [-118.41782276613628, 34.04137376034177], [-118.41783774657858, 34.042273812176326], [-118.41891840139341, 34.04226134278668], [-118.4189034095426, 34.04136129137197]]]}}, {"type": "Feature", "properties": {"tile_id": 1428, "average_temperature": 18.3745}, "geometry": {"type": "Polygon", "coordinates": [[[-118.41782276613628, 34.04137376034177], [-118.41674212206583, 34.04138621981744], [-118.41675709109954, 34.042286272071486], [-118.41783774657858, 34.042273812176326], [-118.41782276613628, 34.04137376034177]]]}}, {"type": "Feature", "properties": {"tile_id": 1429, "average_temperature": 18.391}, "geometry": {"type": "Polygon", "coordinates": [[[-118.41674212206583, 34.04138621981744], [-118.4156614773317, 34.04139866979893], [-118.41567643495685, 34.04229872247218], [-118.41675709109954, 34.042286272071486], [-118.41674212206583, 34.04138621981744]]]}}, {"type": "Feature", "properties": {"tile_id": 1430, "average_temperature": 18.414}, "geometry": {"type": "Polygon", "coordinates": [[[-118.4156614773317, 34.04139866979893], [-118.41458083193446, 34.04141111028627], [-118.41459577815098, 34.042311163378386], [-118.41567643495685, 34.04229872247218], [-118.4156614773317, 34.04139866979893]]]}}, {"type": "Feature", "properties": {"tile_id": 1431, "average_temperature": 18.4427}, "geometry": {"type": "Polygon", "coordinates": [[[-118.41458083193446, 34.04141111028627], [-118.41350018587458, 34.04142354127939], [-118.41351512068245, 34.042323594790076], [-118.41459577815098, 34.042311163378386], [-118.41458083193446, 34.04141111028627]]]}}, {"type": "Feature", "properties": {"tile_id": 1432, "average_temperature": 18.476}, "geometry": {"type": "Polygon", "coordinates": [[[-118.41350018587458, 34.04142354127939], [-118.41241953915255, 34.0414359627783], [-118.41243446255176, 34.04233601670722], [-118.41351512068245, 34.042323594790076], [-118.41350018587458, 34.04142354127939]]]}}, {"type": "Feature", "properties": {"tile_id": 1433, "average_temperature": 18.5126}, "geometry": {"type": "Polygon", "coordinates": [[[-118.41241953915255, 34.0414359627783], [-118.41133889176892, 34.04144837478298], [-118.41135380375943, 34.04234842912981], [-118.41243446255176, 34.04233601670722], [-118.41241953915255, 34.0414359627783]]]}}, {"type": "Feature", "properties": {"tile_id": 1434, "average_temperature": 18.5514}, "geometry": {"type": "Polygon", "coordinates": [[[-118.41133889176892, 34.04144837478298], [-118.41025824372417, 34.04146077729341], [-118.41027314430593, 34.04236083205783], [-118.41135380375943, 34.04234842912981], [-118.41133889176892, 34.04144837478298]]]}}, {"type": "Feature", "properties": {"tile_id": 1435, "average_temperature": 18.5909}, "geometry": {"type": "Polygon", "coordinates": [[[-118.41025824372417, 34.04146077729341], [-118.4091775950188, 34.04147317030956], [-118.40919248419179, 34.042373225491254], [-118.41027314430593, 34.04236083205783], [-118.41025824372417, 34.04146077729341]]]}}, {"type": "Feature", "properties": {"tile_id": 1436, "average_temperature": 18.6299}, "geometry": {"type": "Polygon", "coordinates": [[[-118.4091775950188, 34.04147317030956], [-118.40809694565333, 34.041485553831414], [-118.40811182341754, 34.04238560943007], [-118.40919248419179, 34.042373225491254], [-118.4091775950188, 34.04147317030956]]]}}, {"type": "Feature", "properties": {"tile_id": 1437, "average_temperature": 18.6671}, "geometry": {"type": "Polygon", "coordinates": [[[-118.40809694565333, 34.041485553831414], [-118.40701629562825, 34.041497927858956], [-118.40703116198364, 34.042397983874245], [-118.40811182341754, 34.04238560943007], [-118.40809694565333, 34.041485553831414]]]}}, {"type": "Feature", "properties": {"tile_id": 1438, "average_temperature": 18.7011}, "geometry": {"type": "Polygon", "coordinates": [[[-118.40701629562825, 34.041497927858956], [-118.4059356449441, 34.041510292392175], [-118.40595049989064, 34.04241034882378], [-118.40703116198364, 34.042397983874245], [-118.40701629562825, 34.041497927858956]]]}}, {"type": "Feature", "properties": {"tile_id": 1439, "average_temperature": 18.7305}, "geometry": {"type": "Polygon", "coordinates": [[[-118.4059356449441, 34.041510292392175], [-118.40485499360133, 34.04152264743103], [-118.40486983713899, 34.042422704278636], [-118.40595049989064, 34.04241034882378], [-118.4059356449441, 34.041510292392175]]]}}, {"type": "Feature", "properties": {"tile_id": 1440, "average_temperature": 18.7541}, "geometry": {"type": "Polygon", "coordinates": [[[-118.40485499360133, 34.04152264743103], [-118.40377434160048, 34.04153499297552], [-118.40378917372927, 34.042435050238815], [-118.40486983713899, 34.042422704278636], [-118.40485499360133, 34.04152264743103]]]}}, {"type": "Feature", "properties": {"tile_id": 1441, "average_temperature": 18.7719}, "geometry": {"type": "Polygon", "coordinates": [[[-118.40377434160048, 34.04153499297552], [-118.40269368894207, 34.041547329025626], [-118.40270850966189, 34.04244738670427], [-118.40378917372927, 34.042435050238815], [-118.40377434160048, 34.04153499297552]]]}}, {"type": "Feature", "properties": {"tile_id": 1442, "average_temperature": 18.7845}, "geometry": {"type": "Polygon", "coordinates": [[[-118.40269368894207, 34.041547329025626], [-118.40161303562657, 34.04155965558132], [-118.40162784493744, 34.042459713675], [-118.40270850966189, 34.04244738670427], [-118.40269368894207, 34.041547329025626]]]}}, {"type": "Feature", "properties": {"tile_id": 1443, "average_temperature": 18.7926}, "geometry": {"type": "Polygon", "coordinates": [[[-118.40161303562657, 34.04155965558132], [-118.4005323816545, 34.04157197264258], [-118.4005471795564, 34.042472031150986], [-118.40162784493744, 34.042459713675], [-118.40161303562657, 34.04155965558132]]]}}, {"type": "Feature", "properties": {"tile_id": 1444, "average_temperature": 18.7968}, "geometry": {"type": "Polygon", "coordinates": [[[-118.4005323816545, 34.04157197264258], [-118.39945172702639, 34.041584280209406], [-118.39946651351924, 34.0424843391322], [-118.4005471795564, 34.042472031150986], [-118.4005323816545, 34.04157197264258]]]}}, {"type": "Feature", "properties": {"tile_id": 1445, "average_temperature": 18.798}, "geometry": {"type": "Polygon", "coordinates": [[[-118.39945172702639, 34.041584280209406], [-118.39837107174269, 34.04159657828175], [-118.39838584682654, 34.04249663761864], [-118.39946651351924, 34.0424843391322], [-118.39945172702639, 34.041584280209406]]]}}, {"type": "Feature", "properties": {"tile_id": 1446, "average_temperature": 18.3662}, "geometry": {"type": "Polygon", "coordinates": [[[-118.43404749877945, 34.04208577442452], [-118.43296685331619, 34.042098376734536], [-118.43298199414731, 34.04299842252442], [-118.43406265101923, 34.04298581979009], [-118.43404749877945, 34.04208577442452]]]}}, {"type": "Feature", "properties": {"tile_id": 1447, "average_temperature": 18.3648}, "geometry": {"type": "Polygon", "coordinates": [[[-118.43296685331619, 34.042098376734536], [-118.43188620718165, 34.042110969550365], [-118.43190133660413, 34.04301101576424], [-118.43298199414731, 34.04299842252442], [-118.43296685331619, 34.042098376734536]]]}}, {"type": "Feature", "properties": {"tile_id": 1448, "average_temperature": 18.3622}, "geometry": {"type": "Polygon", "coordinates": [[[-118.43188620718165, 34.042110969550365], [-118.43080556037637, 34.04212355287199], [-118.43082067839015, 34.04302359950954], [-118.43190133660413, 34.04301101576424], [-118.43188620718165, 34.042110969550365]]]}}, {"type": "Feature", "properties": {"tile_id": 1449, "average_temperature": 18.3583}, "geometry": {"type": "Polygon", "coordinates": [[[-118.43080556037637, 34.04212355287199], [-118.42972491290087, 34.04213612669938], [-118.42974001950591, 34.04303617376029], [-118.43082067839015, 34.04302359950954], [-118.43080556037637, 34.04212355287199]]]}}, {"type": "Feature", "properties": {"tile_id": 1450, "average_temperature": 18.353}, "geometry": {"type": "Polygon", "coordinates": [[[-118.42972491290087, 34.04213612669938], [-118.4286442647556, 34.04214869103254], [-118.4286593599519, 34.04304873851649], [-118.42974001950591, 34.04303617376029], [-118.42972491290087, 34.04213612669938]]]}}, {"type": "Feature", "properties": {"tile_id": 1451, "average_temperature": 18.3461}, "geometry": {"type": "Polygon", "coordinates": [[[-118.4286442647556, 34.04214869103254], [-118.42756361594112, 34.042161245871426], [-118.42757869972863, 34.043061293778095], [-118.4286593599519, 34.04304873851649], [-118.4286442647556, 34.04214869103254]]]}}, {"type": "Feature", "properties": {"tile_id": 1452, "average_temperature": 18.3376}, "geometry": {"type": "Polygon", "coordinates": [[[-118.42756361594112, 34.042161245871426], [-118.4264829664579, 34.04217379121603], [-118.42649803883658, 34.0430738395451], [-118.42757869972863, 34.043061293778095], [-118.42756361594112, 34.042161245871426]]]}}, {"type": "Feature", "properties": {"tile_id": 1453, "average_temperature": 18.3276}, "geometry": {"type": "Polygon", "coordinates": [[[-118.4264829664579, 34.04217379121603], [-118.42540231630647, 34.04218632706633], [-118.42541737727629, 34.04308637581748], [-118.42649803883658, 34.0430738395451], [-118.4264829664579, 34.04217379121603]]]}}, {"type": "Feature", "properties": {"tile_id": 1454, "average_temperature": 18.3168}, "geometry": {"type": "Polygon", "coordinates": [[[-118.42540231630647, 34.04218632706633], [-118.4243216654873, 34.042198853422306], [-118.42433671504827, 34.04309890259521], [-118.42541737727629, 34.04308637581748], [-118.42540231630647, 34.04218632706633]]]}}, {"type": "Feature", "properties": {"tile_id": 1455, "average_temperature": 18.3064}, "geometry": {"type": "Polygon", "coordinates": [[[-118.4243216654873, 34.042198853422306], [-118.42324101400094, 34.042211370283944], [-118.423256052153, 34.043111419878294], [-118.42433671504827, 34.04309890259521], [-118.4243216654873, 34.042198853422306]]]}}, {"type": "Feature", "properties": {"tile_id": 1456, "average_temperature": 18.2972}, "geometry": {"type": "Polygon", "coordinates": [[[-118.42324101400094, 34.042211370283944], [-118.42216036184784, 34.042223877651224], [-118.42217538859097, 34.043123927666684], [-118.423256052153, 34.043111419878294], [-118.42324101400094, 34.042211370283944]]]}}, {"type": "Feature", "properties": {"tile_id": 1457, "average_temperature": 18.2904}, "geometry": {"type": "Polygon", "coordinates": [[[-118.42216036184784, 34.042223877651224], [-118.42107970902856, 34.04223637552411], [-118.42109472436275, 34.043136425960384], [-118.42217538859097, 34.043123927666684], [-118.42216036184784, 34.042223877651224]]]}}, {"type": "Feature", "properties": {"tile_id": 1458, "average_temperature": 18.2869}, "geometry": {"type": "Polygon", "coordinates": [[[-118.42107970902856, 34.04223637552411], [-118.41999905554358, 34.0422488639026], [-118.42001405946878, 34.04314891475935], [-118.42109472436275, 34.043136425960384], [-118.42107970902856, 34.04223637552411]]]}}, {"type": "Feature", "properties": {"tile_id": 1459, "average_temperature": 18.2879}, "geometry": {"type": "Polygon", "coordinates": [[[-118.41999905554358, 34.0422488639026], [-118.41891840139341, 34.04226134278668], [-118.4189333939096, 34.04316139406358], [-118.42001405946878, 34.04314891475935], [-118.41999905554358, 34.0422488639026]]]}}, {"type": "Feature", "properties": {"tile_id": 1460, "average_temperature": 18.2944}, "geometry": {"type": "Polygon", "coordinates": [[[-118.41891840139341, 34.04226134278668], [-118.41783774657858, 34.042273812176326], [-118.41785272768571, 34.043173863873065], [-118.4189333939096, 34.04316139406358], [-118.41891840139341, 34.04226134278668]]]}}, {"type": "Feature", "properties": {"tile_id": 1461, "average_temperature": 18.3075}, "geometry": {"type": "Polygon", "coordinates": [[[-118.41783774657858, 34.042273812176326], [-118.41675709109954, 34.042286272071486], [-118.41677206079763, 34.04318632418776], [-118.41785272768571, 34.043173863873065], [-118.41783774657858, 34.042273812176326]]]}}, {"type": "Feature", "properties": {"tile_id": 1462, "average_temperature": 18.3283}, "geometry": {"type": "Polygon", "coordinates": [[[-118.41675709109954, 34.042286272071486], [-118.41567643495685, 34.04229872247218], [-118.41569139324581, 34.04319877500766], [-118.41677206079763, 34.04318632418776], [-118.41675709109954, 34.042286272071486]]]}}, {"type": "Feature", "properties": {"tile_id": 1463, "average_temperature": 18.3576}, "geometry": {"type": "Polygon", "coordinates": [[[-118.41567643495685, 34.04229872247218], [-118.41459577815098, 34.042311163378386], [-118.41461072503083, 34.04321121633274], [-118.41569139324581, 34.04319877500766], [-118.41567643495685, 34.04229872247218]]]}}, {"type": "Feature", "properties": {"tile_id": 1464, "average_temperature": 18.3942}, "geometry": {"type": "Polygon", "coordinates": [[[-118.41459577815098, 34.042311163378386], [-118.41351512068245, 34.042323594790076], [-118.41353005615312, 34.04322364816299], [-118.41461072503083, 34.04321121633274], [-118.41459577815098, 34.042311163378386]]]}}, {"type": "Feature", "properties": {"tile_id": 1465, "average_temperature": 18.4367}, "geometry": {"type": "Polygon", "coordinates": [[[-118.41351512068245, 34.042323594790076], [-118.41243446255176, 34.04233601670722], [-118.41244938661328, 34.04323607049838], [-118.41353005615312, 34.04322364816299], [-118.41351512068245, 34.042323594790076]]]}}, {"type": "Feature", "properties": {"tile_id": 1466, "average_temperature": 18.4832}, "geometry": {"type": "Polygon", "coordinates": [[[-118.41243446255176, 34.04233601670722], [-118.41135380375943, 34.04234842912981], [-118.4113687164117, 34.0432484833389], [-118.41244938661328, 34.04323607049838], [-118.41243446255176, 34.04233601670722]]]}}, {"type": "Feature", "properties": {"tile_id": 1467, "average_temperature": 18.5321}, "geometry": {"type": "Polygon", "coordinates": [[[-118.41135380375943, 34.04234842912981], [-118.41027314430593, 34.04236083205783], [-118.41028804554898, 34.04326088668452], [-118.4113687164117, 34.0432484833389], [-118.41135380375943, 34.04234842912981]]]}}, {"type": "Feature", "properties": {"tile_id": 1468, "average_temperature": 18.5817}, "geometry": {"type": "Polygon", "coordinates": [[[-118.41027314430593, 34.04236083205783], [-118.40919248419179, 34.042373225491254], [-118.40920737402558, 34.04327328053524], [-118.41028804554898, 34.04326088668452], [-118.41027314430593, 34.04236083205783]]]}}, {"type": "Feature", "properties": {"tile_id": 1469, "average_temperature": 18.6303}, "geometry": {"type": "Polygon", "coordinates": [[[-118.40919248419179, 34.042373225491254], [-118.40811182341754, 34.04238560943007], [-118.40812670184202, 34.043285664891016], [-118.40920737402558, 34.04327328053524], [-118.40919248419179, 34.042373225491254]]]}}, {"type": "Feature", "properties": {"tile_id": 1470, "average_temperature": 18.676}, "geometry": {"type": "Polygon", "coordinates": [[[-118.40811182341754, 34.04238560943007], [-118.40703116198364, 34.042397983874245], [-118.4070460289988, 34.04329803975184], [-118.40812670184202, 34.043285664891016], [-118.40811182341754, 34.04238560943007]]]}}, {"type": "Feature", "properties": {"tile_id": 1471, "average_temperature": 18.717}, "geometry": {"type": "Polygon", "coordinates": [[[-118.40703116198364, 34.042397983874245], [-118.40595049989064, 34.04241034882378], [-118.40596535549643, 34.043310405117694], [-118.4070460289988, 34.04329803975184], [-118.40703116198364, 34.042397983874245]]]}}, {"type": "Feature", "properties": {"tile_id": 1472, "average_temperature": 18.7517}, "geometry": {"type": "Polygon", "coordinates": [[[-118.40595049989064, 34.04241034882378], [-118.40486983713899, 34.042422704278636], [-118.40488468133543, 34.04332276098856], [-118.40596535549643, 34.043310405117694], [-118.40595049989064, 34.04241034882378]]]}}, {"type": "Feature", "properties": {"tile_id": 1473, "average_temperature": 18.7784}, "geometry": {"type": "Polygon", "coordinates": [[[-118.40486983713899, 34.042422704278636], [-118.40378917372927, 34.042435050238815], [-118.40380400651628, 34.04333510736443], [-118.40488468133543, 34.04332276098856], [-118.40486983713899, 34.042422704278636]]]}}, {"type": "Feature", "properties": {"tile_id": 1474, "average_temperature": 18.7971}, "geometry": {"type": "Polygon", "coordinates": [[[-118.40378917372927, 34.042435050238815], [-118.40270850966189, 34.04244738670427], [-118.4027233310395, 34.043347444245235], [-118.40380400651628, 34.04333510736443], [-118.40378917372927, 34.042435050238815]]]}}, {"type": "Feature", "properties": {"tile_id": 1475, "average_temperature": 18.8088}, "geometry": {"type": "Polygon", "coordinates": [[[-118.40270850966189, 34.04244738670427], [-118.40162784493744, 34.042459713675], [-118.40164265490556, 34.043359771631025], [-118.4027233310395, 34.043347444245235], [-118.40270850966189, 34.04244738670427]]]}}, {"type": "Feature", "properties": {"tile_id": 1476, "average_temperature": 18.8146}, "geometry": {"type": "Polygon", "coordinates": [[[-118.40162784493744, 34.042459713675], [-118.4005471795564, 34.042472031150986], [-118.40056197811504, 34.04337208952174], [-118.40164265490556, 34.043359771631025], [-118.40162784493744, 34.042459713675]]]}}, {"type": "Feature", "properties": {"tile_id": 1477, "average_temperature": 18.8155}, "geometry": {"type": "Polygon", "coordinates": [[[-118.4005471795564, 34.042472031150986], [-118.39946651351924, 34.0424843391322], [-118.39948130066837, 34.043384397917364], [-118.40056197811504, 34.04337208952174], [-118.4005471795564, 34.042472031150986]]]}}, {"type": "Feature", "properties": {"tile_id": 1478, "average_temperature": 18.3052}, "geometry": {"type": "Polygon", "coordinates": [[[-118.43190133660413, 34.04301101576424], [-118.43082067839015, 34.04302359950954], [-118.43083579707485, 34.04392364600919], [-118.43191646669804, 34.043911061840205], [-118.43190133660413, 34.04301101576424]]]}}, {"type": "Feature", "properties": {"tile_id": 1479, "average_temperature": 18.3032}, "geometry": {"type": "Polygon", "coordinates": [[[-118.43082067839015, 34.04302359950954], [-118.42974001950591, 34.04303617376029], [-118.42975512678137, 34.04393622068331], [-118.43083579707485, 34.04392364600919], [-118.43082067839015, 34.04302359950954]]]}}, {"type": "Feature", "properties": {"tile_id": 1480, "average_temperature": 18.2995}, "geometry": {"type": "Polygon", "coordinates": [[[-118.42974001950591, 34.04303617376029], [-118.4286593599519, 34.04304873851649], [-118.4286744558181, 34.04394878586255], [-118.42975512678137, 34.04393622068331], [-118.42974001950591, 34.04303617376029]]]}}, {"type": "Feature", "properties": {"tile_id": 1481, "average_temperature": 18.2938}, "geometry": {"type": "Polygon", "coordinates": [[[-118.4286593599519, 34.04304873851649], [-118.42757869972863, 34.043061293778095], [-118.42759378418553, 34.04396134154688], [-118.4286744558181, 34.04394878586255], [-118.4286593599519, 34.04304873851649]]]}}, {"type": "Feature", "properties": {"tile_id": 1482, "average_temperature": 18.2858}, "geometry": {"type": "Polygon", "coordinates": [[[-118.42757869972863, 34.043061293778095], [-118.42649803883658, 34.0430738395451], [-118.42651311188416, 34.04397388773628], [-118.42759378418553, 34.04396134154688], [-118.42757869972863, 34.043061293778095]]]}}, {"type": "Feature", "properties": {"tile_id": 1483, "average_temperature": 18.2755}, "geometry": {"type": "Polygon", "coordinates": [[[-118.42649803883658, 34.0430738395451], [-118.42541737727629, 34.04308637581748], [-118.42543243891456, 34.04398642443075], [-118.42651311188416, 34.04397388773628], [-118.42649803883658, 34.0430738395451]]]}}, {"type": "Feature", "properties": {"tile_id": 1484, "average_temperature": 18.2639}, "geometry": {"type": "Polygon", "coordinates": [[[-118.42541737727629, 34.04308637581748], [-118.42433671504827, 34.04309890259521], [-118.42435176527715, 34.04399895163026], [-118.42543243891456, 34.04398642443075], [-118.42541737727629, 34.04308637581748]]]}}, {"type": "Feature", "properties": {"tile_id": 1485, "average_temperature": 18.2524}, "geometry": {"type": "Polygon", "coordinates": [[[-118.42433671504827, 34.04309890259521], [-118.423256052153, 34.043111419878294], [-118.42327109097246, 34.044011469334784], [-118.42435176527715, 34.04399895163026], [-118.42433671504827, 34.04309890259521]]]}}, {"type": "Feature", "properties": {"tile_id": 1486, "average_temperature": 18.2421}, "geometry": {"type": "Polygon", "coordinates": [[[-118.423256052153, 34.043111419878294], [-118.42217538859097, 34.043123927666684], [-118.42219041600103, 34.0440239775443], [-118.42327109097246, 34.044011469334784], [-118.423256052153, 34.043111419878294]]]}}, {"type": "Feature", "properties": {"tile_id": 1487, "average_temperature": 18.2342}, "geometry": {"type": "Polygon", "coordinates": [[[-118.42217538859097, 34.043123927666684], [-118.42109472436275, 34.043136425960384], [-118.4211097403633, 34.04403647625881], [-118.42219041600103, 34.0440239775443], [-118.42217538859097, 34.043123927666684]]]}}, {"type": "Feature", "properties": {"tile_id": 1488, "average_temperature": 18.2302}, "geometry": {"type": "Polygon", "coordinates": [[[-118.42109472436275, 34.043136425960384], [-118.42001405946878, 34.04314891475935], [-118.42002906405986, 34.044048965478275], [-118.4211097403633, 34.04403647625881], [-118.42109472436275, 34.043136425960384]]]}}, {"type": "Feature", "properties": {"tile_id": 1489, "average_temperature": 18.2312}, "geometry": {"type": "Polygon", "coordinates": [[[-118.42001405946878, 34.04314891475935], [-118.4189333939096, 34.04316139406358], [-118.41894838709116, 34.04406144520267], [-118.42002906405986, 34.044048965478275], [-118.42001405946878, 34.04314891475935]]]}}, {"type": "Feature", "properties": {"tile_id": 1490, "average_temperature": 18.2386}, "geometry": {"type": "Polygon", "coordinates": [[[-118.4189333939096, 34.04316139406358], [-118.41785272768571, 34.043173863873065], [-118.41786770945774, 34.044073915432], [-118.41894838709116, 34.04406144520267], [-118.4189333939096, 34.04316139406358]]]}}, {"type": "Feature", "properties": {"tile_id": 1491, "average_temperature": 18.2536}, "geometry": {"type": "Polygon", "coordinates": [[[-118.41785272768571, 34.043173863873065], [-118.41677206079763, 34.04318632418776], [-118.41678703116006, 34.04408637616623], [-118.41786770945774, 34.044073915432], [-118.41785272768571, 34.043173863873065]]]}}, {"type": "Feature", "properties": {"tile_id": 1492, "average_temperature": 18.2776}, "geometry": {"type": "Polygon", "coordinates": [[[-118.41677206079763, 34.04318632418776], [-118.41569139324581, 34.04319877500766], [-118.41570635219865, 34.04409882740534], [-118.41678703116006, 34.04408637616623], [-118.41677206079763, 34.04318632418776]]]}}, {"type": "Feature", "properties": {"tile_id": 1493, "average_temperature": 18.3115}, "geometry": {"type": "Polygon", "coordinates": [[[-118.41569139324581, 34.04319877500766], [-118.41461072503083, 34.04321121633274], [-118.41462567257402, 34.04411126914932], [-118.41570635219865, 34.04409882740534], [-118.41569139324581, 34.04319877500766]]]}}, {"type": "Feature", "properties": {"tile_id": 1494, "average_temperature": 18.354}, "geometry": {"type": "Polygon", "coordinates": [[[-118.41461072503083, 34.04321121633274], [-118.41353005615312, 34.04322364816299], [-118.41354499228669, 34.044123701398135], [-118.41462567257402, 34.04411126914932], [-118.41461072503083, 34.04321121633274]]]}}, {"type": "Feature", "properties": {"tile_id": 1495, "average_temperature": 18.4031}, "geometry": {"type": "Polygon", "coordinates": [[[-118.41353005615312, 34.04322364816299], [-118.41244938661328, 34.04323607049838], [-118.4124643113371, 34.044136124151784], [-118.41354499228669, 34.044123701398135], [-118.41353005615312, 34.04322364816299]]]}}, {"type": "Feature", "properties": {"tile_id": 1496, "average_temperature": 18.4569}, "geometry": {"type": "Polygon", "coordinates": [[[-118.41244938661328, 34.04323607049838], [-118.4113687164117, 34.0432484833389], [-118.41138362972585, 34.04414853741023], [-118.4124643113371, 34.044136124151784], [-118.41244938661328, 34.04323607049838]]]}}, {"type": "Feature", "properties": {"tile_id": 1497, "average_temperature": 18.5132}, "geometry": {"type": "Polygon", "coordinates": [[[-118.4113687164117, 34.0432484833389], [-118.41028804554898, 34.04326088668452], [-118.41030294745336, 34.044160941173466], [-118.41138362972585, 34.04414853741023], [-118.4113687164117, 34.0432484833389]]]}}, {"type": "Feature", "properties": {"tile_id": 1498, "average_temperature": 18.57}, "geometry": {"type": "Polygon", "coordinates": [[[-118.41028804554898, 34.04326088668452], [-118.40920737402558, 34.04327328053524], [-118.40922226452021, 34.04417333544147], [-118.41030294745336, 34.044160941173466], [-118.41028804554898, 34.04326088668452]]]}}, {"type": "Feature", "properties": {"tile_id": 1499, "average_temperature": 18.6253}, "geometry": {"type": "Polygon", "coordinates": [[[-118.40920737402558, 34.04327328053524], [-118.40812670184202, 34.043285664891016], [-118.40814158092682, 34.04418572021422], [-118.40922226452021, 34.04417333544147], [-118.40920737402558, 34.04327328053524]]]}}, {"type": "Feature", "properties": {"tile_id": 1500, "average_temperature": 18.677}, "geometry": {"type": "Polygon", "coordinates": [[[-118.40812670184202, 34.043285664891016], [-118.4070460289988, 34.04329803975184], [-118.4070608966738, 34.0441980954917], [-118.40814158092682, 34.04418572021422], [-118.40812670184202, 34.043285664891016]]]}}, {"type": "Feature", "properties": {"tile_id": 1501, "average_temperature": 18.723}, "geometry": {"type": "Polygon", "coordinates": [[[-118.4070460289988, 34.04329803975184], [-118.40596535549643, 34.043310405117694], [-118.40598021176159, 34.04421046127389], [-118.4070608966738, 34.0441980954917], [-118.4070460289988, 34.04329803975184]]]}}, {"type": "Feature", "properties": {"tile_id": 1502, "average_temperature": 18.7613}, "geometry": {"type": "Polygon", "coordinates": [[[-118.40596535549643, 34.043310405117694], [-118.40488468133543, 34.04332276098856], [-118.40489952619069, 34.04422281756078], [-118.40598021176159, 34.04421046127389], [-118.40596535549643, 34.043310405117694]]]}}, {"type": "Feature", "properties": {"tile_id": 1503, "average_temperature": 18.7899}, "geometry": {"type": "Polygon", "coordinates": [[[-118.40488468133543, 34.04332276098856], [-118.40380400651628, 34.04333510736443], [-118.40381883996162, 34.04423516435233], [-118.40489952619069, 34.04422281756078], [-118.40488468133543, 34.04332276098856]]]}}, {"type": "Feature", "properties": {"tile_id": 1504, "average_temperature": 18.809}, "geometry": {"type": "Polygon", "coordinates": [[[-118.40380400651628, 34.04333510736443], [-118.4027233310395, 34.043347444245235], [-118.40273815307488, 34.044247501648535], [-118.40381883996162, 34.04423516435233], [-118.40380400651628, 34.04333510736443]]]}}, {"type": "Feature", "properties": {"tile_id": 1505, "average_temperature": 18.8199}, "geometry": {"type": "Polygon", "coordinates": [[[-118.4027233310395, 34.043347444245235], [-118.40164265490556, 34.043359771631025], [-118.40165746553097, 34.04425982944936], [-118.40273815307488, 34.044247501648535], [-118.4027233310395, 34.043347444245235]]]}}, {"type": "Feature", "properties": {"tile_id": 1506, "average_temperature": 18.8238}, "geometry": {"type": "Polygon", "coordinates": [[[-118.40164265490556, 34.043359771631025], [-118.40056197811504, 34.04337208952174], [-118.40057677733044, 34.04427214775482], [-118.40165746553097, 34.04425982944936], [-118.40164265490556, 34.043359771631025]]]}}, {"type": "Feature", "properties": {"tile_id": 1507, "average_temperature": 18.8221}, "geometry": {"type": "Polygon", "coordinates": [[[-118.40056197811504, 34.04337208952174], [-118.39948130066837, 34.043384397917364], [-118.39949608847375, 34.04428445656487], [-118.40057677733044, 34.04427214775482], [-118.40056197811504, 34.04337208952174]]]}}, {"type": "Feature", "properties": {"tile_id": 1508, "average_temperature": 18.2657}, "geometry": {"type": "Polygon", "coordinates": [[[-118.43083579707485, 34.04392364600919], [-118.42975512678137, 34.04393622068331], [-118.42977023472731, 34.044836267468426], [-118.43085091643054, 34.04482369237093], [-118.43083579707485, 34.04392364600919]]]}}, {"type": "Feature", "properties": {"tile_id": 1509, "average_temperature": 18.2633}, "geometry": {"type": "Polygon", "coordinates": [[[-118.42975512678137, 34.04393622068331], [-118.4286744558181, 34.04394878586255], [-118.42868955235429, 34.04484883307072], [-118.42977023472731, 34.044836267468426], [-118.42975512678137, 34.04393622068331]]]}}, {"type": "Feature", "properties": {"tile_id": 1510, "average_temperature": 18.2587}, "geometry": {"type": "Polygon", "coordinates": [[[-118.4286744558181, 34.04394878586255], [-118.42759378418553, 34.04396134154688], [-118.4276088693119, 34.04486138917778], [-118.42868955235429, 34.04484883307072], [-118.4286744558181, 34.04394878586255]]]}}, {"type": "Feature", "properties": {"tile_id": 1511, "average_temperature": 18.2514}, "geometry": {"type": "Polygon", "coordinates": [[[-118.42759378418553, 34.04396134154688], [-118.42651311188416, 34.04397388773628], [-118.42652818560073, 34.04487393578961], [-118.4276088693119, 34.04486138917778], [-118.42759378418553, 34.04396134154688]]]}}, {"type": "Feature", "properties": {"tile_id": 1512, "average_temperature": 18.2413}, "geometry": {"type": "Polygon", "coordinates": [[[-118.42651311188416, 34.04397388773628], [-118.42543243891456, 34.04398642443075], [-118.42544750122124, 34.04488647290618], [-118.42652818560073, 34.04487393578961], [-118.42651311188416, 34.04397388773628]]]}}, {"type": "Feature", "properties": {"tile_id": 1513, "average_temperature": 18.2297}, "geometry": {"type": "Polygon", "coordinates": [[[-118.42543243891456, 34.04398642443075], [-118.42435176527715, 34.04399895163026], [-118.42436681617394, 34.04489900052746], [-118.42544750122124, 34.04488647290618], [-118.42543243891456, 34.04398642443075]]]}}, {"type": "Feature", "properties": {"tile_id": 1514, "average_temperature": 18.2178}, "geometry": {"type": "Polygon", "coordinates": [[[-118.42435176527715, 34.04399895163026], [-118.42327109097246, 34.044011469334784], [-118.42328613045936, 34.04491151865343], [-118.42436681617394, 34.04489900052746], [-118.42435176527715, 34.04399895163026]]]}}, {"type": "Feature", "properties": {"tile_id": 1515, "average_temperature": 18.207}, "geometry": {"type": "Polygon", "coordinates": [[[-118.42327109097246, 34.044011469334784], [-118.42219041600103, 34.0440239775443], [-118.42220544407797, 34.0449240272841], [-118.42328613045936, 34.04491151865343], [-118.42327109097246, 34.044011469334784]]]}}, {"type": "Feature", "properties": {"tile_id": 1516, "average_temperature": 18.1989}, "geometry": {"type": "Polygon", "coordinates": [[[-118.42219041600103, 34.0440239775443], [-118.4211097403633, 34.04403647625881], [-118.42112475703031, 34.04493652641941], [-118.42220544407797, 34.0449240272841], [-118.42219041600103, 34.0440239775443]]]}}, {"type": "Feature", "properties": {"tile_id": 1517, "average_temperature": 18.1946}, "geometry": {"type": "Polygon", "coordinates": [[[-118.4211097403633, 34.04403647625881], [-118.42002906405986, 34.044048965478275], [-118.42004406931686, 34.04494901605938], [-118.42112475703031, 34.04493652641941], [-118.4211097403633, 34.04403647625881]]]}}, {"type": "Feature", "properties": {"tile_id": 1518, "average_temperature": 18.1957}, "geometry": {"type": "Polygon", "coordinates": [[[-118.42002906405986, 34.044048965478275], [-118.41894838709116, 34.04406144520267], [-118.41896338093815, 34.04496149620396], [-118.42004406931686, 34.04494901605938], [-118.42002906405986, 34.044048965478275]]]}}, {"type": "Feature", "properties": {"tile_id": 1519, "average_temperature": 18.2036}, "geometry": {"type": "Polygon", "coordinates": [[[-118.41894838709116, 34.04406144520267], [-118.41786770945774, 34.044073915432], [-118.41788269189465, 34.04497396685315], [-118.41896338093815, 34.04496149620396], [-118.41894838709116, 34.04406144520267]]]}}, {"type": "Feature", "properties": {"tile_id": 1520, "average_temperature": 18.2196}, "geometry": {"type": "Polygon", "coordinates": [[[-118.41786770945774, 34.044073915432], [-118.41678703116006, 34.04408637616623], [-118.41680200218688, 34.044986428006915], [-118.41788269189465, 34.04497396685315], [-118.41786770945774, 34.044073915432]]]}}, {"type": "Feature", "properties": {"tile_id": 1521, "average_temperature": 18.2452}, "geometry": {"type": "Polygon", "coordinates": [[[-118.41678703116006, 34.04408637616623], [-118.41570635219865, 34.04409882740534], [-118.41572131181536, 34.04499887966524], [-118.41680200218688, 34.044986428006915], [-118.41678703116006, 34.04408637616623]]]}}, {"type": "Feature", "properties": {"tile_id": 1522, "average_temperature": 18.2813}, "geometry": {"type": "Polygon", "coordinates": [[[-118.41570635219865, 34.04409882740534], [-118.41462567257402, 34.04411126914932], [-118.4146406207806, 34.04501132182811], [-118.41572131181536, 34.04499887966524], [-118.41570635219865, 34.04409882740534]]]}}, {"type": "Feature", "properties": {"tile_id": 1523, "average_temperature": 18.3266}, "geometry": {"type": "Polygon", "coordinates": [[[-118.41462567257402, 34.04411126914932], [-118.41354499228669, 34.044123701398135], [-118.41355992908309, 34.045023754495524], [-118.4146406207806, 34.04501132182811], [-118.41462567257402, 34.04411126914932]]]}}, {"type": "Feature", "properties": {"tile_id": 1524, "average_temperature": 18.3789}, "geometry": {"type": "Polygon", "coordinates": [[[-118.41354499228669, 34.044123701398135], [-118.4124643113371, 34.044136124151784], [-118.41247923672334, 34.04503617766743], [-118.41355992908309, 34.045023754495524], [-118.41354499228669, 34.044123701398135]]]}}, {"type": "Feature", "properties": {"tile_id": 1525, "average_temperature": 18.4359}, "geometry": {"type": "Polygon", "coordinates": [[[-118.4124643113371, 34.044136124151784], [-118.41138362972585, 34.04414853741023], [-118.41139854370185, 34.045048591343814], [-118.41247923672334, 34.04503617766743], [-118.4124643113371, 34.044136124151784]]]}}, {"type": "Feature", "properties": {"tile_id": 1526, "average_temperature": 18.4956}, "geometry": {"type": "Polygon", "coordinates": [[[-118.41138362972585, 34.04414853741023], [-118.41030294745336, 34.044160941173466], [-118.41031785001911, 34.04506099552468], [-118.41139854370185, 34.045048591343814], [-118.41138362972585, 34.04414853741023]]]}}, {"type": "Feature", "properties": {"tile_id": 1527, "average_temperature": 18.5557}, "geometry": {"type": "Polygon", "coordinates": [[[-118.41030294745336, 34.044160941173466], [-118.40922226452021, 34.04417333544147], [-118.40923715567565, 34.04507339020998], [-118.41031785001911, 34.04506099552468], [-118.41030294745336, 34.044160941173466]]]}}, {"type": "Feature", "properties": {"tile_id": 1528, "average_temperature": 18.6139}, "geometry": {"type": "Polygon", "coordinates": [[[-118.40922226452021, 34.04417333544147], [-118.40814158092682, 34.04418572021422], [-118.408156460672, 34.04508577539971], [-118.40923715567565, 34.04507339020998], [-118.40922226452021, 34.04417333544147]]]}}, {"type": "Feature", "properties": {"tile_id": 1529, "average_temperature": 18.6682}, "geometry": {"type": "Polygon", "coordinates": [[[-118.40814158092682, 34.04418572021422], [-118.4070608966738, 34.0441980954917], [-118.40707576500861, 34.04509815109387], [-118.408156460672, 34.04508577539971], [-118.40814158092682, 34.04418572021422]]]}}, {"type": "Feature", "properties": {"tile_id": 1530, "average_temperature": 18.7162}, "geometry": {"type": "Polygon", "coordinates": [[[-118.4070608966738, 34.0441980954917], [-118.40598021176159, 34.04421046127389], [-118.40599506868601, 34.04511051729239], [-118.40707576500861, 34.04509815109387], [-118.4070608966738, 34.0441980954917]]]}}, {"type": "Feature", "properties": {"tile_id": 1531, "average_temperature": 18.7558}, "geometry": {"type": "Polygon", "coordinates": [[[-118.40598021176159, 34.04421046127389], [-118.40489952619069, 34.04422281756078], [-118.40491437170473, 34.045122873995304], [-118.40599506868601, 34.04511051729239], [-118.40598021176159, 34.04421046127389]]]}}, {"type": "Feature", "properties": {"tile_id": 1532, "average_temperature": 18.7849}, "geometry": {"type": "Polygon", "coordinates": [[[-118.40489952619069, 34.04422281756078], [-118.40381883996162, 34.04423516435233], [-118.40383367406524, 34.04513522120256], [-118.40491437170473, 34.045122873995304], [-118.40489952619069, 34.04422281756078]]]}}, {"type": "Feature", "properties": {"tile_id": 1533, "average_temperature": 18.8039}, "geometry": {"type": "Polygon", "coordinates": [[[-118.40381883996162, 34.04423516435233], [-118.40273815307488, 34.044247501648535], [-118.40275297576808, 34.045147558914145], [-118.40383367406524, 34.04513522120256], [-118.40381883996162, 34.04423516435233]]]}}, {"type": "Feature", "properties": {"tile_id": 1534, "average_temperature": 18.8139}, "geometry": {"type": "Polygon", "coordinates": [[[-118.40273815307488, 34.044247501648535], [-118.40165746553097, 34.04425982944936], [-118.40167227681371, 34.04515988713004], [-118.40275297576808, 34.045147558914145], [-118.40273815307488, 34.044247501648535]]]}}, {"type": "Feature", "properties": {"tile_id": 1535, "average_temperature": 18.8166}, "geometry": {"type": "Polygon", "coordinates": [[[-118.40165746553097, 34.04425982944936], [-118.40057677733044, 34.04427214775482], [-118.40059157720265, 34.04517220585024], [-118.40167227681371, 34.04515988713004], [-118.40165746553097, 34.04425982944936]]]}}, {"type": "Feature", "properties": {"tile_id": 1536, "average_temperature": 18.8132}, "geometry": {"type": "Polygon", "coordinates": [[[-118.40057677733044, 34.04427214775482], [-118.39949608847375, 34.04428445656487], [-118.39951087693545, 34.04518451507472], [-118.40059157720265, 34.04517220585024], [-118.40057677733044, 34.04427214775482]]]}}, {"type": "Feature", "properties": {"tile_id": 1537, "average_temperature": 18.2455}, "geometry": {"type": "Polygon", "coordinates": [[[-118.42977023472731, 34.04483626746842], [-118.42868955235429, 34.044848833070716], [-118.42870464956043, 34.04574888014099], [-118.42978534334375, 34.045736314115636], [-118.42977023472731, 34.04483626746842]]]}}, {"type": "Feature", "properties": {"tile_id": 1538, "average_temperature": 18.2416}, "geometry": {"type": "Polygon", "coordinates": [[[-118.42868955235429, 34.044848833070716], [-118.4276088693119, 34.044861389177775], [-118.42762395510778, 34.045761436670794], [-118.42870464956043, 34.04574888014099], [-118.42868955235429, 34.044848833070716]]]}}, {"type": "Feature", "properties": {"tile_id": 1539, "average_temperature": 18.235}, "geometry": {"type": "Polygon", "coordinates": [[[-118.4276088693119, 34.044861389177775], [-118.42652818560073, 34.0448739357896], [-118.42654325998626, 34.04577398370505], [-118.42762395510778, 34.045761436670794], [-118.4276088693119, 34.044861389177775]]]}}, {"type": "Feature", "properties": {"tile_id": 1540, "average_temperature": 18.2254}, "geometry": {"type": "Polygon", "coordinates": [[[-118.42652818560073, 34.0448739357896], [-118.42544750122124, 34.04488647290617], [-118.42546256419641, 34.04578652124372], [-118.42654325998626, 34.04577398370505], [-118.42652818560073, 34.0448739357896]]]}}, {"type": "Feature", "properties": {"tile_id": 1541, "average_temperature": 18.2141}, "geometry": {"type": "Polygon", "coordinates": [[[-118.42544750122124, 34.04488647290617], [-118.42436681617394, 34.04489900052745], [-118.42438186773873, 34.045799049286785], [-118.42546256419641, 34.04578652124372], [-118.42544750122124, 34.04488647290617]]]}}, {"type": "Feature", "properties": {"tile_id": 1542, "average_temperature": 18.2025}, "geometry": {"type": "Polygon", "coordinates": [[[-118.42436681617394, 34.04489900052745], [-118.42328613045936, 34.04491151865343], [-118.42330117061371, 34.04581156783423], [-118.42438186773873, 34.045799049286785], [-118.42436681617394, 34.04489900052745]]]}}, {"type": "Feature", "properties": {"tile_id": 1543, "average_temperature": 18.192}, "geometry": {"type": "Polygon", "coordinates": [[[-118.42328613045936, 34.04491151865343], [-118.42220544407797, 34.0449240272841], [-118.42222047282188, 34.045824076886035], [-118.42330117061371, 34.04581156783423], [-118.42328613045936, 34.04491151865343]]]}}, {"type": "Feature", "properties": {"tile_id": 1544, "average_temperature": 18.1839}, "geometry": {"type": "Polygon", "coordinates": [[[-118.42220544407797, 34.0449240272841], [-118.42112475703031, 34.044936526419406], [-118.42113977436374, 34.04583657644219], [-118.42222047282188, 34.045824076886035], [-118.42220544407797, 34.0449240272841]]]}}, {"type": "Feature", "properties": {"tile_id": 1545, "average_temperature": 18.1798}, "geometry": {"type": "Polygon", "coordinates": [[[-118.42112475703031, 34.044936526419406], [-118.42004406931686, 34.04494901605938], [-118.4200590752398, 34.04584906650265], [-118.42113977436374, 34.04583657644219], [-118.42112475703031, 34.044936526419406]]]}}, {"type": "Feature", "properties": {"tile_id": 1546, "average_temperature": 18.1809}, "geometry": {"type": "Polygon", "coordinates": [[[-118.42004406931686, 34.04494901605938], [-118.41896338093815, 34.04496149620395], [-118.41897837545054, 34.045861547067425], [-118.4200590752398, 34.04584906650265], [-118.42004406931686, 34.04494901605938]]]}}, {"type": "Feature", "properties": {"tile_id": 1547, "average_temperature": 18.1888}, "geometry": {"type": "Polygon", "coordinates": [[[-118.41896338093815, 34.04496149620395], [-118.41788269189465, 34.044973966853135], [-118.4178976749965, 34.045874018136466], [-118.41897837545054, 34.045861547067425], [-118.41896338093815, 34.04496149620395]]]}}, {"type": "Feature", "properties": {"tile_id": 1548, "average_temperature": 18.2048}, "geometry": {"type": "Polygon", "coordinates": [[[-118.41788269189465, 34.044973966853135], [-118.41680200218688, 34.04498642800691], [-118.41681697387816, 34.045886479709786], [-118.4178976749965, 34.045874018136466], [-118.41788269189465, 34.044973966853135]]]}}, {"type": "Feature", "properties": {"tile_id": 1549, "average_temperature": 18.2304}, "geometry": {"type": "Polygon", "coordinates": [[[-118.41680200218688, 34.04498642800691], [-118.41572131181536, 34.044998879665236], [-118.41573627209601, 34.04589893178735], [-118.41681697387816, 34.045886479709786], [-118.41680200218688, 34.04498642800691]]]}}, {"type": "Feature", "properties": {"tile_id": 1550, "average_temperature": 18.2664}, "geometry": {"type": "Polygon", "coordinates": [[[-118.41572131181536, 34.044998879665236], [-118.4146406207806, 34.04501132182811], [-118.41465556965059, 34.04591137436913], [-118.41573627209601, 34.04589893178735], [-118.41572131181536, 34.044998879665236]]]}}, {"type": "Feature", "properties": {"tile_id": 1551, "average_temperature": 18.3117}, "geometry": {"type": "Polygon", "coordinates": [[[-118.4146406207806, 34.04501132182811], [-118.41355992908309, 34.04502375449552], [-118.4135748665424, 34.045923807455125], [-118.41465556965059, 34.04591137436913], [-118.4146406207806, 34.04501132182811]]]}}, {"type": "Feature", "properties": {"tile_id": 1552, "average_temperature": 18.3638}, "geometry": {"type": "Polygon", "coordinates": [[[-118.41355992908309, 34.04502375449552], [-118.41247923672334, 34.04503617766742], [-118.41249416277196, 34.045936231045296], [-118.4135748665424, 34.045923807455125], [-118.41355992908309, 34.04502375449552]]]}}, {"type": "Feature", "properties": {"tile_id": 1553, "average_temperature": 18.4207}, "geometry": {"type": "Polygon", "coordinates": [[[-118.41247923672334, 34.04503617766742], [-118.41139854370185, 34.045048591343814], [-118.41141345833974, 34.045948645139646], [-118.41249416277196, 34.045936231045296], [-118.41247923672334, 34.04503617766742]]]}}, {"type": "Feature", "properties": {"tile_id": 1554, "average_temperature": 18.4801}, "geometry": {"type": "Polygon", "coordinates": [[[-118.41139854370185, 34.045048591343814], [-118.41031785001911, 34.04506099552467], [-118.41033275324624, 34.04596104973813], [-118.41141345833974, 34.045948645139646], [-118.41139854370185, 34.045048591343814]]]}}, {"type": "Feature", "properties": {"tile_id": 1555, "average_temperature": 18.5397}, "geometry": {"type": "Polygon", "coordinates": [[[-118.41031785001911, 34.04506099552467], [-118.40923715567565, 34.04507339020997], [-118.409252047492, 34.04597344484074], [-118.41033275324624, 34.04596104973813], [-118.41031785001911, 34.04506099552467]]]}}, {"type": "Feature", "properties": {"tile_id": 1556, "average_temperature": 18.5975}, "geometry": {"type": "Polygon", "coordinates": [[[-118.40923715567565, 34.04507339020997], [-118.408156460672, 34.045085775399706], [-118.40817134107753, 34.04598583044747], [-118.409252047492, 34.04597344484074], [-118.40923715567565, 34.04507339020997]]]}}, {"type": "Feature", "properties": {"tile_id": 1557, "average_temperature": 18.6513}, "geometry": {"type": "Polygon", "coordinates": [[[-118.408156460672, 34.045085775399706], [-118.40707576500861, 34.04509815109385], [-118.40709063400331, 34.04599820655829], [-118.40817134107753, 34.04598583044747], [-118.408156460672, 34.045085775399706]]]}}, {"type": "Feature", "properties": {"tile_id": 1558, "average_temperature": 18.6987}, "geometry": {"type": "Polygon", "coordinates": [[[-118.40707576500861, 34.04509815109385], [-118.40599506868601, 34.045110517292386], [-118.40600992626985, 34.04601057317317], [-118.40709063400331, 34.04599820655829], [-118.40707576500861, 34.04509815109385]]]}}, {"type": "Feature", "properties": {"tile_id": 1559, "average_temperature": 18.7376}, "geometry": {"type": "Polygon", "coordinates": [[[-118.40599506868601, 34.045110517292386], [-118.40491437170473, 34.0451228739953], [-118.40492921787765, 34.04602293029211], [-118.40600992626985, 34.04601057317317], [-118.40599506868601, 34.045110517292386]]]}}, {"type": "Feature", "properties": {"tile_id": 1560, "average_temperature": 18.7661}, "geometry": {"type": "Polygon", "coordinates": [[[-118.40491437170473, 34.0451228739953], [-118.40383367406524, 34.04513522120256], [-118.40384850882724, 34.04603527791508], [-118.40492921787765, 34.04602293029211], [-118.40491437170473, 34.0451228739953]]]}}, {"type": "Feature", "properties": {"tile_id": 1561, "average_temperature": 18.7843}, "geometry": {"type": "Polygon", "coordinates": [[[-118.40383367406524, 34.04513522120256], [-118.40275297576808, 34.04514755891414], [-118.4027677991191, 34.04604761604207], [-118.40384850882724, 34.04603527791508], [-118.40383367406524, 34.04513522120256]]]}}, {"type": "Feature", "properties": {"tile_id": 1562, "average_temperature": 18.7937}, "geometry": {"type": "Polygon", "coordinates": [[[-118.40275297576808, 34.04514755891414], [-118.40167227681371, 34.04515988713004], [-118.40168708875375, 34.04605994467303], [-118.4027677991191, 34.04604761604207], [-118.40275297576808, 34.04514755891414]]]}}, {"type": "Feature", "properties": {"tile_id": 1563, "average_temperature": 18.7957}, "geometry": {"type": "Polygon", "coordinates": [[[-118.40167227681371, 34.04515988713004], [-118.40059157720265, 34.045172205850236], [-118.4006063777317, 34.04607226380799], [-118.40168708875375, 34.04605994467303], [-118.40167227681371, 34.04515988713004]]]}}, {"type": "Feature", "properties": {"tile_id": 1564, "average_temperature": 18.7918}, "geometry": {"type": "Polygon", "coordinates": [[[-118.40059157720265, 34.045172205850236], [-118.39951087693545, 34.04518451507471], [-118.39952566605344, 34.046084573446905], [-118.4006063777317, 34.04607226380799], [-118.40059157720265, 34.045172205850236]]]}}, {"type": "Feature", "properties": {"tile_id": 1565, "average_temperature": 18.2323}, "geometry": {"type": "Polygon", "coordinates": [[[-118.42762395510778, 34.045761436670794], [-118.42654325998626, 34.04577398370505], [-118.4265583350408, 34.046674031482624], [-118.42763904157314, 34.04666148402594], [-118.42762395510778, 34.045761436670794]]]}}, {"type": "Feature", "properties": {"tile_id": 1566, "average_temperature": 18.2235}, "geometry": {"type": "Polygon", "coordinates": [[[-118.42654325998626, 34.04577398370505], [-118.42546256419641, 34.04578652124372], [-118.42547762784005, 34.04668656944341], [-118.4265583350408, 34.046674031482624], [-118.42654325998626, 34.04577398370505]]]}}, {"type": "Feature", "properties": {"tile_id": 1567, "average_temperature": 18.2129}, "geometry": {"type": "Polygon", "coordinates": [[[-118.42546256419641, 34.04578652124372], [-118.42438186773873, 34.045799049286785], [-118.42439691997149, 34.04669909790826], [-118.42547762784005, 34.04668656944341], [-118.42546256419641, 34.04578652124372]]]}}, {"type": "Feature", "properties": {"tile_id": 1568, "average_temperature": 18.2019}, "geometry": {"type": "Polygon", "coordinates": [[[-118.42438186773873, 34.045799049286785], [-118.42330117061371, 34.04581156783423], [-118.42331621143556, 34.046711616877175], [-118.42439691997149, 34.04669909790826], [-118.42438186773873, 34.045799049286785]]]}}, {"type": "Feature", "properties": {"tile_id": 1569, "average_temperature": 18.192}, "geometry": {"type": "Polygon", "coordinates": [[[-118.42330117061371, 34.04581156783423], [-118.42222047282188, 34.045824076886035], [-118.42223550223278, 34.04672412635015], [-118.42331621143556, 34.046711616877175], [-118.42330117061371, 34.04581156783423]]]}}, {"type": "Feature", "properties": {"tile_id": 1570, "average_temperature": 18.1844}, "geometry": {"type": "Polygon", "coordinates": [[[-118.42222047282188, 34.045824076886035], [-118.42113977436374, 34.04583657644219], [-118.42115479236365, 34.046736626327124], [-118.42223550223278, 34.04672412635015], [-118.42222047282188, 34.045824076886035]]]}}, {"type": "Feature", "properties": {"tile_id": 1571, "average_temperature": 18.1805}, "geometry": {"type": "Polygon", "coordinates": [[[-118.42113977436374, 34.04583657644219], [-118.4200590752398, 34.04584906650265], [-118.4200740818287, 34.04674911680811], [-118.42115479236367, 34.046736626327124], [-118.42113977436374, 34.04583657644219]]]}}, {"type": "Feature", "properties": {"tile_id": 1572, "average_temperature": 18.1817}, "geometry": {"type": "Polygon", "coordinates": [[[-118.4200590752398, 34.04584906650265], [-118.41897837545054, 34.045861547067425], [-118.41899337062841, 34.04676159779307], [-118.4200740818287, 34.04674911680811], [-118.4200590752398, 34.04584906650265]]]}}, {"type": "Feature", "properties": {"tile_id": 1573, "average_temperature": 18.1893}, "geometry": {"type": "Polygon", "coordinates": [[[-118.41897837545054, 34.045861547067425], [-118.4178976749965, 34.045874018136466], [-118.41791265876329, 34.04677406928201], [-118.41899337062841, 34.04676159779307], [-118.41897837545054, 34.045861547067425]]]}}, {"type": "Feature", "properties": {"tile_id": 1574, "average_temperature": 18.2046}, "geometry": {"type": "Polygon", "coordinates": [[[-118.4178976749965, 34.045874018136466], [-118.41681697387816, 34.045886479709786], [-118.41683194623384, 34.046786531274876], [-118.41791265876329, 34.04677406928201], [-118.4178976749965, 34.045874018136466]]]}}, {"type": "Feature", "properties": {"tile_id": 1575, "average_temperature": 18.229}, "geometry": {"type": "Polygon", "coordinates": [[[-118.41681697387816, 34.045886479709786], [-118.41573627209601, 34.04589893178735], [-118.4157512330406, 34.04679898377168], [-118.41683194623384, 34.046786531274876], [-118.41681697387816, 34.045886479709786]]]}}, {"type": "Feature", "properties": {"tile_id": 1576, "average_temperature": 18.2633}, "geometry": {"type": "Polygon", "coordinates": [[[-118.41573627209601, 34.04589893178735], [-118.41465556965059, 34.04591137436913], [-118.41467051918403, 34.04681142677238], [-118.4157512330406, 34.04679898377168], [-118.41573627209601, 34.04589893178735]]]}}, {"type": "Feature", "properties": {"tile_id": 1577, "average_temperature": 18.3064}, "geometry": {"type": "Polygon", "coordinates": [[[-118.41465556965059, 34.04591137436913], [-118.4135748665424, 34.045923807455125], [-118.41358980466467, 34.046823860276966], [-118.41467051918403, 34.04681142677238], [-118.41465556965059, 34.04591137436913]]]}}, {"type": "Feature", "properties": {"tile_id": 1578, "average_temperature": 18.3561}, "geometry": {"type": "Polygon", "coordinates": [[[-118.4135748665424, 34.045923807455125], [-118.41249416277196, 34.045936231045296], [-118.41250908948298, 34.04683628428542], [-118.41358980466467, 34.046823860276966], [-118.4135748665424, 34.045923807455125]]]}}, {"type": "Feature", "properties": {"tile_id": 1579, "average_temperature": 18.4102}, "geometry": {"type": "Polygon", "coordinates": [[[-118.41249416277196, 34.045936231045296], [-118.41141345833974, 34.045948645139646], [-118.41142837363954, 34.04684869879772], [-118.41250908948298, 34.04683628428542], [-118.41249416277196, 34.045936231045296]]]}}, {"type": "Feature", "properties": {"tile_id": 1580, "average_temperature": 18.4667}, "geometry": {"type": "Polygon", "coordinates": [[[-118.41141345833974, 34.045948645139646], [-118.41033275324624, 34.04596104973813], [-118.41034765713479, 34.046861103813846], [-118.41142837363954, 34.04684869879772], [-118.41141345833974, 34.045948645139646]]]}}, {"type": "Feature", "properties": {"tile_id": 1581, "average_temperature": 18.5234}, "geometry": {"type": "Polygon", "coordinates": [[[-118.41033275324624, 34.04596104973813], [-118.409252047492, 34.04597344484074], [-118.40926693996926, 34.046873499333785], [-118.41034765713479, 34.046861103813846], [-118.41033275324624, 34.04596104973813]]]}}, {"type": "Feature", "properties": {"tile_id": 1582, "average_temperature": 18.5783}, "geometry": {"type": "Polygon", "coordinates": [[[-118.409252047492, 34.04597344484074], [-118.40817134107753, 34.04598583044747], [-118.40818622214347, 34.046885885357504], [-118.40926693996926, 34.046873499333785], [-118.409252047492, 34.04597344484074]]]}}, {"type": "Feature", "properties": {"tile_id": 1583, "average_temperature": 18.6293}, "geometry": {"type": "Polygon", "coordinates": [[[-118.40817134107753, 34.04598583044747], [-118.40709063400331, 34.04599820655829], [-118.4071055036579, 34.046898261885005], [-118.40818622214347, 34.046885885357504], [-118.40817134107753, 34.04598583044747]]]}}, {"type": "Feature", "properties": {"tile_id": 1584, "average_temperature": 18.6743}, "geometry": {"type": "Polygon", "coordinates": [[[-118.40709063400331, 34.04599820655829], [-118.40600992626985, 34.04601057317317], [-118.40602478451306, 34.04691062891625], [-118.4071055036579, 34.046898261885005], [-118.40709063400331, 34.04599820655829]]]}}, {"type": "Feature", "properties": {"tile_id": 1585, "average_temperature": 18.7112}, "geometry": {"type": "Polygon", "coordinates": [[[-118.40600992626985, 34.04601057317317], [-118.40492921787765, 34.04602293029211], [-118.40494406470945, 34.046922986451236], [-118.40602478451306, 34.04691062891625], [-118.40600992626985, 34.04601057317317]]]}}, {"type": "Feature", "properties": {"tile_id": 1586, "average_temperature": 18.7382}, "geometry": {"type": "Polygon", "coordinates": [[[-118.40492921787765, 34.04602293029211], [-118.40384850882724, 34.04603527791508], [-118.40386334424761, 34.04693533448992], [-118.40494406470945, 34.046922986451236], [-118.40492921787765, 34.04602293029211]]]}}, {"type": "Feature", "properties": {"tile_id": 1587, "average_temperature": 18.7554}, "geometry": {"type": "Polygon", "coordinates": [[[-118.40384850882724, 34.04603527791508], [-118.4027677991191, 34.04604761604207], [-118.402782623128, 34.046947673032314], [-118.40386334424761, 34.04693533448992], [-118.40384850882724, 34.04603527791508]]]}}, {"type": "Feature", "properties": {"tile_id": 1588, "average_temperature": 18.7642}, "geometry": {"type": "Polygon", "coordinates": [[[-118.4027677991191, 34.04604761604207], [-118.40168708875375, 34.04605994467303], [-118.40170190135117, 34.046960002078364], [-118.402782623128, 34.046947673032314], [-118.4027677991191, 34.04604761604207]]]}}, {"type": "Feature", "properties": {"tile_id": 1589, "average_temperature": 18.766}, "geometry": {"type": "Polygon", "coordinates": [[[-118.40168708875375, 34.04605994467303], [-118.4006063777317, 34.04607226380799], [-118.4006211789176, 34.046972321628076], [-118.40170190135117, 34.046960002078364], [-118.40168708875375, 34.04605994467303]]]}}, {"type": "Feature", "properties": {"tile_id": 1590, "average_temperature": 18.2311}, "geometry": {"type": "Polygon", "coordinates": [[[-118.4265583350408, 34.046674031482624], [-118.42547762784005, 34.04668656944341], [-118.42549269215226, 34.047586617505225], [-118.42657341076436, 34.04757407912231], [-118.4265583350408, 34.046674031482624]]]}}, {"type": "Feature", "properties": {"tile_id": 1591, "average_temperature": 18.2213}, "geometry": {"type": "Polygon", "coordinates": [[[-118.42547762784005, 34.04668656944341], [-118.42439691997149, 34.04669909790826], [-118.42441197287229, 34.04759914639189], [-118.42549269215226, 34.047586617505225], [-118.42547762784005, 34.04668656944341]]]}}, {"type": "Feature", "properties": {"tile_id": 1592, "average_temperature": 18.2113}, "geometry": {"type": "Polygon", "coordinates": [[[-118.42439691997149, 34.04669909790826], [-118.42331621143556, 34.046711616877175], [-118.42333125292491, 34.04761166578228], [-118.42441197287229, 34.04759914639189], [-118.42439691997149, 34.04669909790826]]]}}, {"type": "Feature", "properties": {"tile_id": 1593, "average_temperature": 18.2022}, "geometry": {"type": "Polygon", "coordinates": [[[-118.42331621143556, 34.046711616877175], [-118.42223550223278, 34.04672412635015], [-118.42225053231068, 34.04762417567641], [-118.42333125292491, 34.04761166578228], [-118.42331621143556, 34.046711616877175]]]}}, {"type": "Feature", "properties": {"tile_id": 1594, "average_temperature": 18.1953}, "geometry": {"type": "Polygon", "coordinates": [[[-118.42223550223278, 34.04672412635015], [-118.42115479236365, 34.046736626327124], [-118.42116981103007, 34.047636676074234], [-118.42225053231068, 34.04762417567641], [-118.42223550223278, 34.04672412635015]]]}}, {"type": "Feature", "properties": {"tile_id": 1595, "average_temperature": 18.1918}, "geometry": {"type": "Polygon", "coordinates": [[[-118.42115479236367, 34.046736626327124], [-118.4200740818287, 34.04674911680811], [-118.4200890890836, 34.047649166975745], [-118.42116981103007, 34.047636676074234], [-118.42115479236367, 34.046736626327124]]]}}, {"type": "Feature", "properties": {"tile_id": 1596, "average_temperature": 18.193}, "geometry": {"type": "Polygon", "coordinates": [[[-118.4200740818287, 34.04674911680811], [-118.41899337062841, 34.04676159779307], [-118.41900836647176, 34.04766164838092], [-118.4200890890836, 34.047649166975745], [-118.4200740818287, 34.04674911680811]]]}}, {"type": "Feature", "properties": {"tile_id": 1597, "average_temperature": 18.2001}, "geometry": {"type": "Polygon", "coordinates": [[[-118.41899337062841, 34.04676159779307], [-118.41791265876329, 34.04677406928201], [-118.41792764319509, 34.047674120289734], [-118.41900836647176, 34.04766164838092], [-118.41899337062841, 34.04676159779307]]]}}, {"type": "Feature", "properties": {"tile_id": 1598, "average_temperature": 18.2142}, "geometry": {"type": "Polygon", "coordinates": [[[-118.41791265876329, 34.04677406928201], [-118.41683194623384, 34.046786531274876], [-118.41684691925403, 34.04768658270217], [-118.41792764319509, 34.047674120289734], [-118.41791265876329, 34.04677406928201]]]}}, {"type": "Feature", "properties": {"tile_id": 1599, "average_temperature": 18.2367}, "geometry": {"type": "Polygon", "coordinates": [[[-118.41683194623384, 34.046786531274876], [-118.4157512330406, 34.04679898377168], [-118.41576619464915, 34.047699035618216], [-118.41684691925403, 34.04768658270217], [-118.41683194623384, 34.046786531274876]]]}}, {"type": "Feature", "properties": {"tile_id": 1600, "average_temperature": 18.2683}, "geometry": {"type": "Polygon", "coordinates": [[[-118.4157512330406, 34.04679898377168], [-118.41467051918403, 34.04681142677238], [-118.41468546938093, 34.04771147903783], [-118.41576619464915, 34.047699035618216], [-118.4157512330406, 34.04679898377168]]]}}, {"type": "Feature", "properties": {"tile_id": 1601, "average_temperature": 18.308}, "geometry": {"type": "Polygon", "coordinates": [[[-118.41467051918403, 34.04681142677238], [-118.41358980466467, 34.046823860276966], [-118.4136047434499, 34.04772391296103], [-118.41468546938093, 34.04771147903783], [-118.41467051918403, 34.04681142677238]]]}}, {"type": "Feature", "properties": {"tile_id": 1602, "average_temperature": 18.3537}, "geometry": {"type": "Polygon", "coordinates": [[[-118.41358980466467, 34.046823860276966], [-118.41250908948298, 34.04683628428542], [-118.4125240168565, 34.04773633738777], [-118.4136047434499, 34.04772391296103], [-118.41358980466467, 34.046823860276966]]]}}, {"type": "Feature", "properties": {"tile_id": 1603, "average_temperature": 18.4036}, "geometry": {"type": "Polygon", "coordinates": [[[-118.41250908948298, 34.04683628428542], [-118.41142837363954, 34.04684869879772], [-118.41144328960131, 34.047748752318036], [-118.4125240168565, 34.04773633738777], [-118.41250908948298, 34.04683628428542]]]}}, {"type": "Feature", "properties": {"tile_id": 1604, "average_temperature": 18.4556}, "geometry": {"type": "Polygon", "coordinates": [[[-118.41142837363954, 34.04684869879772], [-118.41034765713479, 34.046861103813846], [-118.41036256168478, 34.04776115775182], [-118.41144328960131, 34.047748752318036], [-118.41142837363954, 34.04684869879772]]]}}, {"type": "Feature", "properties": {"tile_id": 1605, "average_temperature": 18.5078}, "geometry": {"type": "Polygon", "coordinates": [[[-118.41034765713479, 34.046861103813846], [-118.40926693996926, 34.046873499333785], [-118.40928183310747, 34.04777355368908], [-118.41036256168478, 34.04776115775182], [-118.41034765713479, 34.046861103813846]]]}}, {"type": "Feature", "properties": {"tile_id": 1606, "average_temperature": 18.5584}, "geometry": {"type": "Polygon", "coordinates": [[[-118.40926693996926, 34.046873499333785], [-118.40818622214347, 34.046885885357504], [-118.40820110386984, 34.04778594012981], [-118.40928183310747, 34.04777355368908], [-118.40926693996926, 34.046873499333785]]]}}, {"type": "Feature", "properties": {"tile_id": 1607, "average_temperature": 18.6053}, "geometry": {"type": "Polygon", "coordinates": [[[-118.40818622214347, 34.046885885357504], [-118.4071055036579, 34.046898261885005], [-118.40712037397239, 34.047798317074], [-118.40820110386984, 34.04778594012981], [-118.40818622214347, 34.046885885357504]]]}}, {"type": "Feature", "properties": {"tile_id": 1608, "average_temperature": 18.6468}, "geometry": {"type": "Polygon", "coordinates": [[[-118.4071055036579, 34.046898261885005], [-118.40602478451306, 34.04691062891625], [-118.40603964341568, 34.04781068452162], [-118.40712037397239, 34.047798317074], [-118.4071055036579, 34.046898261885005]]]}}, {"type": "Feature", "properties": {"tile_id": 1609, "average_temperature": 18.6809}, "geometry": {"type": "Polygon", "coordinates": [[[-118.40602478451306, 34.04691062891625], [-118.40494406470945, 34.046922986451236], [-118.40495891220019, 34.04782304247266], [-118.40603964341568, 34.04781068452162], [-118.40602478451306, 34.04691062891625]]]}}, {"type": "Feature", "properties": {"tile_id": 1610, "average_temperature": 18.706}, "geometry": {"type": "Polygon", "coordinates": [[[-118.40494406470945, 34.046922986451236], [-118.40386334424761, 34.04693533448992], [-118.40387818032639, 34.04783539092708], [-118.40495891220019, 34.04782304247266], [-118.40494406470945, 34.046922986451236]]]}}, {"type": "Feature", "properties": {"tile_id": 1611, "average_temperature": 18.722}, "geometry": {"type": "Polygon", "coordinates": [[[-118.40386334424761, 34.04693533448992], [-118.402782623128, 34.046947673032314], [-118.40279744779482, 34.04784772988487], [-118.40387818032639, 34.04783539092708], [-118.40386334424761, 34.04693533448992]]]}}, {"type": "Feature", "properties": {"tile_id": 1612, "average_temperature": 18.7304}, "geometry": {"type": "Polygon", "coordinates": [[[-118.402782623128, 34.046947673032314], [-118.40170190135117, 34.046960002078364], [-118.40171671460598, 34.047860059346014], [-118.40279744779482, 34.04784772988487], [-118.402782623128, 34.046947673032314]]]}}, {"type": "Feature", "properties": {"tile_id": 1613, "average_temperature": 18.7324}, "geometry": {"type": "Polygon", "coordinates": [[[-118.40170190135117, 34.046960002078364], [-118.4006211789176, 34.046972321628076], [-118.4006359807604, 34.047872379310505], [-118.40171671460598, 34.047860059346014], [-118.40170190135117, 34.046960002078364]]]}}, {"type": "Feature", "properties": {"tile_id": 1614, "average_temperature": 18.2259}, "geometry": {"type": "Polygon", "coordinates": [[[-118.42441197287229, 34.047599146391875], [-118.42333125292491, 34.04761166578228], [-118.42334629508183, 34.048511714549534], [-118.42442702644114, 34.048499194737644], [-118.42441197287229, 34.047599146391875]]]}}, {"type": "Feature", "properties": {"tile_id": 1615, "average_temperature": 18.2177}, "geometry": {"type": "Polygon", "coordinates": [[[-118.42333125292491, 34.04761166578228], [-118.42225053231068, 34.047624175676404], [-118.42226556305562, 34.04852422486482], [-118.42334629508183, 34.048511714549534], [-118.42333125292491, 34.04761166578228]]]}}, {"type": "Feature", "properties": {"tile_id": 1616, "average_temperature": 18.2115}, "geometry": {"type": "Polygon", "coordinates": [[[-118.42225053231068, 34.047624175676404], [-118.42116981103007, 34.04763667607422], [-118.42118483036302, 34.0485367256835], [-118.42226556305562, 34.04852422486482], [-118.42225053231068, 34.047624175676404]]]}}, {"type": "Feature", "properties": {"tile_id": 1617, "average_temperature": 18.2085}, "geometry": {"type": "Polygon", "coordinates": [[[-118.42116981103007, 34.04763667607422], [-118.4200890890836, 34.04764916697574], [-118.42010409700451, 34.04854921700554], [-118.42118483036302, 34.0485367256835], [-118.42116981103007, 34.04763667607422]]]}}, {"type": "Feature", "properties": {"tile_id": 1618, "average_temperature": 18.2096}, "geometry": {"type": "Polygon", "coordinates": [[[-118.4200890890836, 34.04764916697574], [-118.41900836647176, 34.04766164838092], [-118.41902336298064, 34.04856169883093], [-118.42010409700451, 34.04854921700554], [-118.4200890890836, 34.04764916697574]]]}}, {"type": "Feature", "properties": {"tile_id": 1619, "average_temperature": 18.216}, "geometry": {"type": "Polygon", "coordinates": [[[-118.41900836647176, 34.04766164838092], [-118.41792764319509, 34.04767412028973], [-118.41794262829188, 34.048574171159636], [-118.41902336298064, 34.04856169883093], [-118.41900836647176, 34.04766164838092]]]}}, {"type": "Feature", "properties": {"tile_id": 1620, "average_temperature": 18.2288}, "geometry": {"type": "Polygon", "coordinates": [[[-118.41792764319509, 34.04767412028973], [-118.41684691925403, 34.04768658270216], [-118.41686189293874, 34.048586633991654], [-118.41794262829188, 34.048574171159636], [-118.41792764319509, 34.04767412028973]]]}}, {"type": "Feature", "properties": {"tile_id": 1621, "average_temperature": 18.2491}, "geometry": {"type": "Polygon", "coordinates": [[[-118.41684691925403, 34.04768658270216], [-118.41576619464915, 34.04769903561821], [-118.41578115692172, 34.04859908732695], [-118.41686189293874, 34.048586633991654], [-118.41684691925403, 34.04768658270216]]]}}, {"type": "Feature", "properties": {"tile_id": 1622, "average_temperature": 18.2777}, "geometry": {"type": "Polygon", "coordinates": [[[-118.41576619464915, 34.04769903561821], [-118.41468546938093, 34.04771147903783], [-118.41470042024132, 34.04861153116551], [-118.41578115692172, 34.04859908732695], [-118.41576619464915, 34.04769903561821]]]}}, {"type": "Feature", "properties": {"tile_id": 1623, "average_temperature": 18.3135}, "geometry": {"type": "Polygon", "coordinates": [[[-118.41468546938093, 34.04771147903783], [-118.4136047434499, 34.047723912961025], [-118.41361968289809, 34.048623965507325], [-118.41470042024132, 34.04861153116551], [-118.41468546938093, 34.04771147903783]]]}}, {"type": "Feature", "properties": {"tile_id": 1624, "average_temperature": 18.3548}, "geometry": {"type": "Polygon", "coordinates": [[[-118.4136047434499, 34.047723912961025], [-118.4125240168565, 34.04773633738776], [-118.41253894489249, 34.04863639035235], [-118.41361968289809, 34.048623965507325], [-118.4136047434499, 34.047723912961025]]]}}, {"type": "Feature", "properties": {"tile_id": 1625, "average_temperature": 18.3998}, "geometry": {"type": "Polygon", "coordinates": [[[-118.4125240168565, 34.04773633738776], [-118.41144328960131, 34.04774875231803], [-118.41145820622503, 34.0486488057006], [-118.41253894489249, 34.04863639035235], [-118.4125240168565, 34.04773633738776]]]}}, {"type": "Feature", "properties": {"tile_id": 1626, "average_temperature": 18.4468}, "geometry": {"type": "Polygon", "coordinates": [[[-118.41144328960131, 34.04774875231803], [-118.41036256168478, 34.047761157751815], [-118.41037746689625, 34.04866121155204], [-118.41145820622503, 34.0486488057006], [-118.41144328960131, 34.04774875231803]]]}}, {"type": "Feature", "properties": {"tile_id": 1627, "average_temperature": 18.4941}, "geometry": {"type": "Polygon", "coordinates": [[[-118.41036256168478, 34.047761157751815], [-118.40928183310747, 34.047773553689076], [-118.40929672690662, 34.04867360790663], [-118.41037746689625, 34.04866121155204], [-118.41036256168478, 34.047761157751815]]]}}, {"type": "Feature", "properties": {"tile_id": 1628, "average_temperature": 18.5398}, "geometry": {"type": "Polygon", "coordinates": [[[-118.40928183310747, 34.047773553689076], [-118.40820110386984, 34.047785940129806], [-118.40821598625665, 34.04868599476439], [-118.40929672690662, 34.04867360790663], [-118.40928183310747, 34.047773553689076]]]}}, {"type": "Feature", "properties": {"tile_id": 1629, "average_temperature": 18.5824}, "geometry": {"type": "Polygon", "coordinates": [[[-118.40820110386984, 34.047785940129806], [-118.40712037397239, 34.047798317074], [-118.40713524494686, 34.04869837212527], [-118.40821598625665, 34.04868599476439], [-118.40820110386984, 34.047785940129806]]]}}, {"type": "Feature", "properties": {"tile_id": 1630, "average_temperature": 18.6201}, "geometry": {"type": "Polygon", "coordinates": [[[-118.40712037397239, 34.047798317074], [-118.40603964341568, 34.04781068452161], [-118.40605450297777, 34.04871073998927], [-118.40713524494686, 34.04869837212527], [-118.40712037397239, 34.047798317074]]]}}, {"type": "Feature", "properties": {"tile_id": 1631, "average_temperature": 18.6512}, "geometry": {"type": "Polygon", "coordinates": [[[-118.40603964341568, 34.04781068452161], [-118.40495891220019, 34.04782304247264], [-118.40497376034985, 34.04872309835636], [-118.40605450297777, 34.04871073998927], [-118.40603964341568, 34.04781068452161]]]}}, {"type": "Feature", "properties": {"tile_id": 1632, "average_temperature": 18.6742}, "geometry": {"type": "Polygon", "coordinates": [[[-118.40495891220019, 34.04782304247264], [-118.40387818032639, 34.04783539092707], [-118.40389301706361, 34.04873544722651], [-118.40497376034985, 34.04872309835636], [-118.40495891220019, 34.04782304247264]]]}}, {"type": "Feature", "properties": {"tile_id": 1633, "average_temperature": 18.6892}, "geometry": {"type": "Polygon", "coordinates": [[[-118.40387818032639, 34.04783539092707], [-118.40279744779482, 34.047847729884865], [-118.40281227311957, 34.048747786599726], [-118.40389301706361, 34.04873544722651], [-118.40387818032639, 34.04783539092707]]]}}, {"type": "Feature", "properties": {"tile_id": 1634, "average_temperature": 18.6973}, "geometry": {"type": "Polygon", "coordinates": [[[-118.40279744779482, 34.047847729884865], [-118.40171671460598, 34.04786005934601], [-118.40173152851823, 34.04876011647598], [-118.40281227311957, 34.048747786599726], [-118.40279744779482, 34.047847729884865]]]}}, {"type": "Feature", "properties": {"tile_id": 1635, "average_temperature": 18.6996}, "geometry": {"type": "Polygon", "coordinates": [[[-118.40171671460598, 34.04786005934601], [-118.4006359807604, 34.0478723793105], [-118.4006507832601, 34.04877243685524], [-118.40173152851823, 34.04876011647598], [-118.40171671460598, 34.04786005934601]]]}}, {"type": "Feature", "properties": {"tile_id": 1636, "average_temperature": 18.2337}, "geometry": {"type": "Polygon", "coordinates": [[[-118.42334629508183, 34.04851171454953], [-118.42226556305562, 34.04852422486481], [-118.42228059446765, 34.0494242739154], [-118.42336133790633, 34.04941176317891], [-118.42334629508183, 34.04851171454953]]]}}, {"type": "Feature", "properties": {"tile_id": 1637, "average_temperature": 18.2281}, "geometry": {"type": "Polygon", "coordinates": [[[-118.42226556305562, 34.04852422486481], [-118.42118483036302, 34.04853672568349], [-118.42119985036254, 34.04943677515494], [-118.42228059446765, 34.0494242739154], [-118.42226556305562, 34.04852422486481]]]}}, {"type": "Feature", "properties": {"tile_id": 1638, "average_temperature": 18.2253}, "geometry": {"type": "Polygon", "coordinates": [[[-118.42118483036302, 34.04853672568349], [-118.42010409700451, 34.04854921700553], [-118.42011910559151, 34.04944926689752], [-118.42119985036254, 34.04943677515494], [-118.42118483036302, 34.04853672568349]]]}}, {"type": "Feature", "properties": {"tile_id": 1639, "average_temperature": 18.2263}, "geometry": {"type": "Polygon", "coordinates": [[[-118.42010409700451, 34.04854921700553], [-118.41902336298064, 34.04856169883092], [-118.41903836015507, 34.04946174914312], [-118.42011910559151, 34.04944926689752], [-118.42010409700451, 34.04854921700553]]]}}, {"type": "Feature", "properties": {"tile_id": 1640, "average_temperature": 18.2321}, "geometry": {"type": "Polygon", "coordinates": [[[-118.41902336298064, 34.04856169883092], [-118.41794262829188, 34.04857417115963], [-118.41795761405372, 34.04947422189173], [-118.41903836015507, 34.04946174914312], [-118.41902336298064, 34.04856169883092]]]}}, {"type": "Feature", "properties": {"tile_id": 1641, "average_temperature": 18.2437}, "geometry": {"type": "Polygon", "coordinates": [[[-118.41794262829188, 34.04857417115963], [-118.41686189293874, 34.04858663399165], [-118.41687686728795, 34.04948668514332], [-118.41795761405372, 34.04947422189173], [-118.41794262829188, 34.04857417115963]]]}}, {"type": "Feature", "properties": {"tile_id": 1642, "average_temperature": 18.262}, "geometry": {"type": "Polygon", "coordinates": [[[-118.41686189293874, 34.04858663399165], [-118.41578115692172, 34.04859908732694], [-118.4157961198583, 34.04949913889789], [-118.41687686728795, 34.04948668514332], [-118.41686189293874, 34.04858663399165]]]}}, {"type": "Feature", "properties": {"tile_id": 1643, "average_temperature": 18.2877}, "geometry": {"type": "Polygon", "coordinates": [[[-118.41578115692172, 34.04859908732694], [-118.41470042024132, 34.0486115311655], [-118.41471537176524, 34.0495115831554], [-118.4157961198583, 34.04949913889789], [-118.41578115692172, 34.04859908732694]]]}}, {"type": "Feature", "properties": {"tile_id": 1644, "average_temperature": 18.32}, "geometry": {"type": "Polygon", "coordinates": [[[-118.41470042024132, 34.0486115311655], [-118.41361968289809, 34.04862396550732], [-118.4136346230093, 34.049524017915836], [-118.41471537176524, 34.0495115831554], [-118.41470042024132, 34.0486115311655]]]}}, {"type": "Feature", "properties": {"tile_id": 1645, "average_temperature": 18.3573}, "geometry": {"type": "Polygon", "coordinates": [[[-118.41361968289809, 34.04862396550732], [-118.41253894489249, 34.04863639035235], [-118.41255387359098, 34.049536443179164], [-118.4136346230093, 34.049524017915836], [-118.41361968289809, 34.04862396550732]]]}}, {"type": "Feature", "properties": {"tile_id": 1646, "average_temperature": 18.3979}, "geometry": {"type": "Polygon", "coordinates": [[[-118.41253894489249, 34.04863639035235], [-118.41145820622503, 34.048648805700594], [-118.41147312351077, 34.0495488589454], [-118.41255387359098, 34.049536443179164], [-118.41253894489249, 34.04863639035235]]]}}, {"type": "Feature", "properties": {"tile_id": 1647, "average_temperature": 18.4404}, "geometry": {"type": "Polygon", "coordinates": [[[-118.41145820622503, 34.048648805700594], [-118.41037746689625, 34.04866121155202], [-118.41039237276921, 34.0495612652145], [-118.41147312351077, 34.0495488589454], [-118.41145820622503, 34.048648805700594]]]}}, {"type": "Feature", "properties": {"tile_id": 1648, "average_temperature": 18.4832}, "geometry": {"type": "Polygon", "coordinates": [[[-118.41037746689625, 34.04866121155202], [-118.40929672690662, 34.04867360790663], [-118.40931162136677, 34.04957366198644], [-118.41039237276921, 34.0495612652145], [-118.41037746689625, 34.04866121155202]]]}}, {"type": "Feature", "properties": {"tile_id": 1649, "average_temperature": 18.5247}, "geometry": {"type": "Polygon", "coordinates": [[[-118.40929672690662, 34.04867360790663], [-118.40821598625665, 34.04868599476438], [-118.40823086930398, 34.049586049261215], [-118.40931162136677, 34.04957366198644], [-118.40929672690662, 34.04867360790663]]]}}, {"type": "Feature", "properties": {"tile_id": 1650, "average_temperature": 18.5635}, "geometry": {"type": "Polygon", "coordinates": [[[-118.40821598625665, 34.04868599476438], [-118.40713524494686, 34.048698372125266], [-118.40715011658132, 34.04959842703881], [-118.40823086930398, 34.049586049261215], [-118.40821598625665, 34.04868599476438]]]}}, {"type": "Feature", "properties": {"tile_id": 1651, "average_temperature": 18.5979}, "geometry": {"type": "Polygon", "coordinates": [[[-118.40713524494686, 34.048698372125266], [-118.40605450297777, 34.04871073998926], [-118.40606936319931, 34.04961079531919], [-118.40715011658132, 34.04959842703881], [-118.40713524494686, 34.048698372125266]]]}}, {"type": "Feature", "properties": {"tile_id": 1652, "average_temperature": 18.6265}, "geometry": {"type": "Polygon", "coordinates": [[[-118.40605450297777, 34.04871073998926], [-118.40497376034985, 34.048723098356355], [-118.40498860915848, 34.04962315410234], [-118.40606936319931, 34.04961079531919], [-118.40605450297777, 34.04871073998926]]]}}, {"type": "Feature", "properties": {"tile_id": 1653, "average_temperature": 18.6478}, "geometry": {"type": "Polygon", "coordinates": [[[-118.40497376034985, 34.048723098356355], [-118.40389301706361, 34.048735447226505], [-118.40390785445929, 34.04963550338826], [-118.40498860915848, 34.04962315410234], [-118.40497376034985, 34.048723098356355]]]}}, {"type": "Feature", "properties": {"tile_id": 1654, "average_temperature": 18.662}, "geometry": {"type": "Polygon", "coordinates": [[[-118.40389301706361, 34.048735447226505], [-118.40281227311957, 34.04874778659972], [-118.40282709910227, 34.0496478431769], [-118.40390785445929, 34.04963550338826], [-118.40389301706361, 34.048735447226505]]]}}, {"type": "Feature", "properties": {"tile_id": 1655, "average_temperature": 18.6699}, "geometry": {"type": "Polygon", "coordinates": [[[-118.40281227311957, 34.04874778659972], [-118.40173152851823, 34.048760116475975], [-118.40174634308794, 34.049660173468254], [-118.40282709910227, 34.0496478431769], [-118.40281227311957, 34.04874778659972]]]}}, {"type": "Feature", "properties": {"tile_id": 1656, "average_temperature": 18.6726}, "geometry": {"type": "Polygon", "coordinates": [[[-118.40173152851823, 34.048760116475975], [-118.4006507832601, 34.04877243685523], [-118.40066558641678, 34.04967249426232], [-118.40174634308794, 34.049660173468254], [-118.40173152851823, 34.048760116475975]]]}}, {"type": "Feature", "properties": {"tile_id": 1657, "average_temperature": 18.2374}, "geometry": {"type": "Polygon", "coordinates": [[[-118.42119985036254, 34.04943677515494], [-118.42011910559151, 34.04944926689752], [-118.42013411484457, 34.05034931665166], [-118.42121487102864, 34.050336824488525], [-118.42119985036254, 34.04943677515494]]]}}, {"type": "Feature", "properties": {"tile_id": 1658, "average_temperature": 18.2383}, "geometry": {"type": "Polygon", "coordinates": [[[-118.42011910559151, 34.04944926689752], [-118.41903836015507, 34.04946174914312], [-118.41905335799508, 34.05036179931749], [-118.42013411484457, 34.05034931665166], [-118.42011910559151, 34.04944926689752]]]}}, {"type": "Feature", "properties": {"tile_id": 1659, "average_temperature": 18.2436}, "geometry": {"type": "Polygon", "coordinates": [[[-118.41903836015507, 34.04946174914312], [-118.41795761405372, 34.04947422189173], [-118.41797260048064, 34.05037427248602], [-118.41905335799508, 34.05036179931749], [-118.41903836015507, 34.04946174914312]]]}}, {"type": "Feature", "properties": {"tile_id": 1660, "average_temperature": 18.2543}, "geometry": {"type": "Polygon", "coordinates": [[[-118.41795761405372, 34.04947422189173], [-118.41687686728795, 34.04948668514332], [-118.41689184230175, 34.05038673615721], [-118.41797260048064, 34.05037427248602], [-118.41795761405372, 34.04947422189173]]]}}, {"type": "Feature", "properties": {"tile_id": 1661, "average_temperature": 18.2711}, "geometry": {"type": "Polygon", "coordinates": [[[-118.41687686728795, 34.04948668514332], [-118.4157961198583, 34.04949913889789], [-118.41581108345893, 34.050399190331035], [-118.41689184230175, 34.05038673615721], [-118.41687686728795, 34.04948668514332]]]}}, {"type": "Feature", "properties": {"tile_id": 1662, "average_temperature": 18.2948}, "geometry": {"type": "Polygon", "coordinates": [[[-118.4157961198583, 34.04949913889789], [-118.41471537176524, 34.0495115831554], [-118.41473032395271, 34.0504116350075], [-118.41581108345893, 34.050399190331035], [-118.4157961198583, 34.04949913889789]]]}}, {"type": "Feature", "properties": {"tile_id": 1663, "average_temperature": 18.3247}, "geometry": {"type": "Polygon", "coordinates": [[[-118.41471537176524, 34.0495115831554], [-118.4136346230093, 34.049524017915836], [-118.41364956378358, 34.05042407018657], [-118.41473032395271, 34.0504116350075], [-118.41471537176524, 34.0495115831554]]]}}, {"type": "Feature", "properties": {"tile_id": 1664, "average_temperature": 18.3592}, "geometry": {"type": "Polygon", "coordinates": [[[-118.4136346230093, 34.049524017915836], [-118.41255387359098, 34.049536443179164], [-118.41256880295201, 34.05043649586821], [-118.41364956378358, 34.05042407018657], [-118.4136346230093, 34.049524017915836]]]}}, {"type": "Feature", "properties": {"tile_id": 1665, "average_temperature": 18.4762}, "geometry": {"type": "Polygon", "coordinates": [[[-118.41039237276921, 34.0495612652145], [-118.40931162136677, 34.04957366198644], [-118.40932651648792, 34.05047371592851], [-118.41040727930368, 34.05046131873922], [-118.41039237276921, 34.0495612652145]]]}}, {"type": "Feature", "properties": {"tile_id": 1666, "average_temperature": 18.5149}, "geometry": {"type": "Polygon", "coordinates": [[[-118.40931162136677, 34.04957366198644], [-118.40823086930398, 34.049586049261215], [-118.40824575301178, 34.05048610362033], [-118.40932651648792, 34.05047371592851], [-118.40931162136677, 34.04957366198644]]]}}, {"type": "Feature", "properties": {"tile_id": 1667, "average_temperature": 18.5512}, "geometry": {"type": "Polygon", "coordinates": [[[-118.40823086930398, 34.049586049261215], [-118.40715011658132, 34.04959842703881], [-118.40716498887576, 34.05049848181463], [-118.40824575301178, 34.05048610362033], [-118.40823086930398, 34.049586049261215]]]}}, {"type": "Feature", "properties": {"tile_id": 1668, "average_temperature": 18.5835}, "geometry": {"type": "Polygon", "coordinates": [[[-118.40715011658132, 34.04959842703881], [-118.40606936319931, 34.04961079531919], [-118.40608422408036, 34.05051085051141], [-118.40716498887576, 34.05049848181463], [-118.40715011658132, 34.04959842703881]]]}}, {"type": "Feature", "properties": {"tile_id": 1669, "average_temperature": 18.6105}, "geometry": {"type": "Polygon", "coordinates": [[[-118.40606936319931, 34.04961079531919], [-118.40498860915848, 34.04962315410234], [-118.40500345862608, 34.05052320971064], [-118.40608422408036, 34.05051085051141], [-118.40606936319931, 34.04961079531919]]]}}, {"type": "Feature", "properties": {"tile_id": 1670, "average_temperature": 18.6308}, "geometry": {"type": "Polygon", "coordinates": [[[-118.40498860915848, 34.04962315410234], [-118.40390785445929, 34.04963550338826], [-118.40392269251345, 34.0505355594123], [-118.40500345862608, 34.05052320971064], [-118.40498860915848, 34.04962315410234]]]}}, {"type": "Feature", "properties": {"tile_id": 1671, "average_temperature": 18.6445}, "geometry": {"type": "Polygon", "coordinates": [[[-118.40390785445929, 34.04963550338826], [-118.40282709910227, 34.0496478431769], [-118.40284192574296, 34.05054789961638], [-118.40392269251345, 34.0505355594123], [-118.40390785445929, 34.04963550338826]]]}}, {"type": "Feature", "properties": {"tile_id": 1672, "average_temperature": 18.6525}, "geometry": {"type": "Polygon", "coordinates": [[[-118.40282709910227, 34.0496478431769], [-118.40174634308794, 34.049660173468254], [-118.4017611583151, 34.05056023032286], [-118.40284192574296, 34.05054789961638], [-118.40282709910227, 34.0496478431769]]]}}, {"type": "Feature", "properties": {"tile_id": 1673, "average_temperature": 18.6556}, "geometry": {"type": "Polygon", "coordinates": [[[-118.40174634308794, 34.049660173468254], [-118.40066558641678, 34.04967249426232], [-118.4006803902304, 34.05057255153171], [-118.4017611583151, 34.05056023032286], [-118.40174634308794, 34.049660173468254]]]}}, {"type": "Feature", "properties": {"tile_id": 1674, "average_temperature": 18.2441}, "geometry": {"type": "Polygon", "coordinates": [[[-118.42013411484457, 34.05034931665166], [-118.41905335799508, 34.05036179931749], [-118.41906835650069, 34.05126184935405], [-118.42014912476377, 34.05124936626797], [-118.42013411484457, 34.05034931665166]]]}}, {"type": "Feature", "properties": {"tile_id": 1675, "average_temperature": 18.2491}, "geometry": {"type": "Polygon", "coordinates": [[[-118.41905335799508, 34.05036179931749], [-118.41797260048064, 34.05037427248602], [-118.41798758757267, 34.05127432294249], [-118.41906835650069, 34.05126184935405], [-118.41905335799508, 34.05036179931749]]]}}, {"type": "Feature", "properties": {"tile_id": 1676, "average_temperature": 18.2592}, "geometry": {"type": "Polygon", "coordinates": [[[-118.41797260048064, 34.05037427248602], [-118.41689184230175, 34.05038673615721], [-118.41690681798013, 34.05128678703328], [-118.41798758757267, 34.05127432294249], [-118.41797260048064, 34.05037427248602]]]}}, {"type": "Feature", "properties": {"tile_id": 1677, "average_temperature": 18.2753}, "geometry": {"type": "Polygon", "coordinates": [[[-118.41689184230175, 34.05038673615721], [-118.41581108345893, 34.050399190331035], [-118.41582604772368, 34.051299241626396], [-118.41690681798013, 34.05128678703328], [-118.41689184230175, 34.05038673615721]]]}}, {"type": "Feature", "properties": {"tile_id": 1678, "average_temperature": 18.298}, "geometry": {"type": "Polygon", "coordinates": [[[-118.41581108345893, 34.050399190331035], [-118.41473032395271, 34.0504116350075], [-118.41474527680377, 34.0513116867218], [-118.41582604772368, 34.051299241626396], [-118.41581108345893, 34.050399190331035]]]}}, {"type": "Feature", "properties": {"tile_id": 1679, "average_temperature": 18.3267}, "geometry": {"type": "Polygon", "coordinates": [[[-118.41473032395271, 34.0504116350075], [-118.41364956378358, 34.05042407018657], [-118.41366450522094, 34.05132412231951], [-118.41474527680377, 34.0513116867218], [-118.41473032395271, 34.0504116350075]]]}}, {"type": "Feature", "properties": {"tile_id": 1680, "average_temperature": 18.5102}, "geometry": {"type": "Polygon", "coordinates": [[[-118.40932651648792, 34.05047371592851], [-118.40824575301178, 34.05048610362033], [-118.40826063738015, 34.05138615784169], [-118.40934141227017, 34.05137376973284], [-118.40932651648792, 34.05047371592851]]]}}, {"type": "Feature", "properties": {"tile_id": 1681, "average_temperature": 18.5454}, "geometry": {"type": "Polygon", "coordinates": [[[-118.40824575301178, 34.05048610362033], [-118.40716498887576, 34.05049848181463], [-118.40717986183024, 34.05139853645272], [-118.40826063738015, 34.05138615784169], [-118.40824575301178, 34.05048610362033]]]}}, {"type": "Feature", "properties": {"tile_id": 1682, "average_temperature": 18.5768}, "geometry": {"type": "Polygon", "coordinates": [[[-118.40716498887576, 34.05049848181463], [-118.40608422408036, 34.05051085051141], [-118.40609908562095, 34.051410905565895], [-118.40717986183024, 34.05139853645272], [-118.40716498887576, 34.05049848181463]]]}}, {"type": "Feature", "properties": {"tile_id": 1683, "average_temperature": 18.6032}, "geometry": {"type": "Polygon", "coordinates": [[[-118.40608422408036, 34.05051085051141], [-118.40500345862608, 34.05052320971064], [-118.40501830875273, 34.05142326518122], [-118.40609908562095, 34.051410905565895], [-118.40608422408036, 34.05051085051141]]]}}, {"type": "Feature", "properties": {"tile_id": 1684, "average_temperature": 18.6231}, "geometry": {"type": "Polygon", "coordinates": [[[-118.40500345862608, 34.05052320971064], [-118.40392269251345, 34.0505355594123], [-118.40393753122612, 34.051435615298644], [-118.40501830875273, 34.05142326518122], [-118.40500345862608, 34.05052320971064]]]}}, {"type": "Feature", "properties": {"tile_id": 1685, "average_temperature": 18.6367}, "geometry": {"type": "Polygon", "coordinates": [[[-118.40392269251345, 34.0505355594123], [-118.40284192574296, 34.05054789961638], [-118.40285675304165, 34.05144795591817], [-118.40393753122612, 34.051435615298644], [-118.40392269251345, 34.0505355594123]]]}}, {"type": "Feature", "properties": {"tile_id": 1686, "average_temperature": 18.6448}, "geometry": {"type": "Polygon", "coordinates": [[[-118.40284192574296, 34.05054789961638], [-118.4017611583151, 34.05056023032286], [-118.40177597419977, 34.051460287039774], [-118.40285675304165, 34.05144795591817], [-118.40284192574296, 34.05054789961638]]]}}, {"type": "Feature", "properties": {"tile_id": 1687, "average_temperature": 18.6482}, "geometry": {"type": "Polygon", "coordinates": [[[-118.4017611583151, 34.05056023032286], [-118.4006803902304, 34.05057255153171], [-118.40069519470103, 34.05147260866344], [-118.40177597419977, 34.051460287039774], [-118.4017611583151, 34.05056023032286]]]}}, {"type": "Feature", "properties": {"tile_id": 1688, "average_temperature": 18.2599}, "geometry": {"type": "Polygon", "coordinates": [[[-118.41798758757267, 34.05127432294248], [-118.41690681798013, 34.05128678703327], [-118.41692179432316, 34.052186837771515], [-118.4180025753298, 34.05217437326113], [-118.41798758757267, 34.05127432294248]]]}}, {"type": "Feature", "properties": {"tile_id": 1689, "average_temperature": 18.2758}, "geometry": {"type": "Polygon", "coordinates": [[[-118.41690681798013, 34.05128678703327], [-118.41582604772368, 34.05129924162639], [-118.41584101265254, 34.05219929278393], [-118.41692179432316, 34.052186837771515], [-118.41690681798013, 34.05128678703327]]]}}, {"type": "Feature", "properties": {"tile_id": 1690, "average_temperature": 18.2982}, "geometry": {"type": "Polygon", "coordinates": [[[-118.41582604772368, 34.05129924162639], [-118.41474527680377, 34.051311686721796], [-118.41476023031845, 34.05221173829832], [-118.41584101265254, 34.05219929278393], [-118.41582604772368, 34.05129924162639]]]}}, {"type": "Feature", "properties": {"tile_id": 1691, "average_temperature": 18.5759}, "geometry": {"type": "Polygon", "coordinates": [[[-118.40717986183024, 34.051398536452716], [-118.40609908562095, 34.05141090556589], [-118.40611394782108, 34.052310960482664], [-118.4071947354448, 34.052298590953065], [-118.40717986183024, 34.051398536452716]]]}}, {"type": "Feature", "properties": {"tile_id": 1692, "average_temperature": 18.6023}, "geometry": {"type": "Polygon", "coordinates": [[[-118.40609908562095, 34.05141090556589], [-118.40501830875273, 34.051423265181214], [-118.40503315953845, 34.05232332051407], [-118.40611394782108, 34.052310960482664], [-118.40609908562095, 34.05141090556589]]]}}, {"type": "Feature", "properties": {"tile_id": 1693, "average_temperature": 18.6225}, "geometry": {"type": "Polygon", "coordinates": [[[-118.40501830875273, 34.051423265181214], [-118.40393753122612, 34.05143561529864], [-118.40395237059735, 34.052335671047274], [-118.40503315953845, 34.05232332051407], [-118.40501830875273, 34.051423265181214]]]}}, {"type": "Feature", "properties": {"tile_id": 1694, "average_temperature": 18.6362}, "geometry": {"type": "Polygon", "coordinates": [[[-118.40393753122612, 34.05143561529864], [-118.40285675304165, 34.05144795591817], [-118.40287158099838, 34.052348012082255], [-118.40395237059735, 34.052335671047274], [-118.40393753122612, 34.05143561529864]]]}}, {"type": "Feature", "properties": {"tile_id": 1695, "average_temperature": 18.6444}, "geometry": {"type": "Polygon", "coordinates": [[[-118.40285675304165, 34.05144795591817], [-118.40177597419977, 34.05146028703977], [-118.40179079074197, 34.052360343618986], [-118.40287158099838, 34.052348012082255], [-118.40285675304165, 34.05144795591817]]]}}, {"type": "Feature", "properties": {"tile_id": 1696, "average_temperature": 18.6479}, "geometry": {"type": "Polygon", "coordinates": [[[-118.40177597419977, 34.05146028703977], [-118.40069519470103, 34.051472608663424], [-118.40070999982868, 34.05237266565746], [-118.40179079074197, 34.052360343618986], [-118.40177597419977, 34.05146028703977]]]}}, {"type": "Feature", "properties": {"tile_id": 1697, "average_temperature": 18.2736}, "geometry": {"type": "Polygon", "coordinates": [[[-118.41692179432316, 34.052186837771515], [-118.41584101265254, 34.05219929278393], [-118.41585597824553, 34.05309934380367], [-118.41693677133082, 34.05308688837197], [-118.41692179432316, 34.052186837771515]]]}}, {"type": "Feature", "properties": {"tile_id": 1698, "average_temperature": 18.6059}, "geometry": {"type": "Polygon", "coordinates": [[[-118.40611394782108, 34.052310960482664], [-118.40503315953845, 34.05232332051407], [-118.40504801098322, 34.053223375709216], [-118.40612881068081, 34.05321101526171], [-118.40611394782108, 34.052310960482664]]]}}, {"type": "Feature", "properties": {"tile_id": 1699, "average_temperature": 18.6265}, "geometry": {"type": "Polygon", "coordinates": [[[-118.40503315953845, 34.05232332051407], [-118.40395237059735, 34.052335671047274], [-118.40396721062717, 34.0532357266582], [-118.40504801098322, 34.053223375709216], [-118.40503315953845, 34.05232332051407]]]}}, {"type": "Feature", "properties": {"tile_id": 1700, "average_temperature": 18.6406}, "geometry": {"type": "Polygon", "coordinates": [[[-118.40395237059735, 34.052335671047274], [-118.40287158099838, 34.052348012082255], [-118.40288640961317, 34.05324806810864], [-118.40396721062717, 34.0532357266582], [-118.40395237059735, 34.052335671047274]]]}}, {"type": "Feature", "properties": {"tile_id": 1701, "average_temperature": 18.649}, "geometry": {"type": "Polygon", "coordinates": [[[-118.40287158099838, 34.052348012082255], [-118.40179079074197, 34.052360343618986], [-118.40180560794172, 34.05326040006052], [-118.40288640961317, 34.05324806810864], [-118.40287158099838, 34.052348012082255]]]}}, {"type": "Feature", "properties": {"tile_id": 1702, "average_temperature": 18.6525}, "geometry": {"type": "Polygon", "coordinates": [[[-118.40179079074197, 34.052360343618986], [-118.40070999982868, 34.05237266565746], [-118.40072480561338, 34.05327272251382], [-118.40180560794172, 34.05326040006052], [-118.40179079074197, 34.052360343618986]]]}}, {"type": "Feature", "properties": {"tile_id": 1703, "average_temperature": 18.6118}, "geometry": {"type": "Polygon", "coordinates": [[[-118.40612881068081, 34.05321101526171], [-118.40504801098322, 34.053223375709216], [-118.40506286308711, 34.054123430766644], [-118.40614367420017, 34.05411106990303], [-118.40612881068081, 34.05321101526171]]]}}, {"type": "Feature", "properties": {"tile_id": 1704, "average_temperature": 18.6331}, "geometry": {"type": "Polygon", "coordinates": [[[-118.40504801098322, 34.053223375709216], [-118.40396721062717, 34.0532357266582], [-118.40398205131558, 34.05413578213142], [-118.40506286308711, 34.054123430766644], [-118.40504801098322, 34.053223375709216]]]}}, {"type": "Feature", "properties": {"tile_id": 1705, "average_temperature": 18.6475}, "geometry": {"type": "Polygon", "coordinates": [[[-118.40396721062717, 34.0532357266582], [-118.40288640961317, 34.05324806810864], [-118.40290123888607, 34.05414812399732], [-118.40398205131558, 34.05413578213142], [-118.40396721062717, 34.0532357266582]]]}}, {"type": "Feature", "properties": {"tile_id": 1706, "average_temperature": 18.6561}, "geometry": {"type": "Polygon", "coordinates": [[[-118.40288640961317, 34.05324806810864], [-118.40180560794172, 34.05326040006052], [-118.4018204257991, 34.05416045636436], [-118.40290123888607, 34.05414812399732], [-118.40288640961317, 34.05324806810864]]]}}, {"type": "Feature", "properties": {"tile_id": 1707, "average_temperature": 18.6597}, "geometry": {"type": "Polygon", "coordinates": [[[-118.40180560794172, 34.05326040006052], [-118.40072480561338, 34.05327272251382], [-118.40073961205516, 34.05417277923248], [-118.4018204257991, 34.05416045636436], [-118.40180560794172, 34.05326040006052]]]}}, {"type": "Feature", "properties": {"tile_id": 1708, "average_temperature": 18.6398}, "geometry": {"type": "Polygon", "coordinates": [[[-118.40506286308711, 34.054123430766644], [-118.40398205131558, 34.05413578213142], [-118.4039968926626, 34.055035837466924], [-118.40507771585013, 34.05502348568635], [-118.40506286308711, 34.054123430766644]]]}}, {"type": "Feature", "properties": {"tile_id": 1709, "average_temperature": 18.6546}, "geometry": {"type": "Polygon", "coordinates": [[[-118.40398205131558, 34.05413578213142], [-118.40290123888607, 34.05414812399732], [-118.40291606881709, 34.05504817974832], [-118.4039968926626, 34.055035837466924], [-118.40398205131558, 34.05413578213142]]]}}, {"type": "Feature", "properties": {"tile_id": 1710, "average_temperature": 18.6634}, "geometry": {"type": "Polygon", "coordinates": [[[-118.40290123888607, 34.05414812399732], [-118.4018204257991, 34.05416045636436], [-118.40183524431407, 34.05506051253051], [-118.40291606881709, 34.05504817974832], [-118.40290123888607, 34.05414812399732]]]}}, {"type": "Feature", "properties": {"tile_id": 1711, "average_temperature": 18.667}, "geometry": {"type": "Polygon", "coordinates": [[[-118.4018204257991, 34.05416045636436], [-118.40073961205516, 34.05417277923248], [-118.40075441915407, 34.05507283581347], [-118.40183524431407, 34.05506051253051], [-118.4018204257991, 34.05416045636436]]]}}, {"type": "Feature", "properties": {"tile_id": 1712, "average_temperature": 18.6663}, "geometry": {"type": "Polygon", "coordinates": [[[-118.40073961205516, 34.05417277923248], [-118.39965879765478, 34.054185092601685], [-118.39967359333758, 34.05508514959719], [-118.40075441915407, 34.05507283581347], [-118.40073961205516, 34.05417277923248]]]}}, {"type": "Feature", "properties": {"tile_id": 1713, "average_temperature": 18.6224}, "geometry": {"type": "Polygon", "coordinates": [[[-118.40615853837915, 34.055011124406604], [-118.40507771585013, 34.05502348568634], [-118.40509256927234, 34.05592354046833], [-118.40617340321782, 34.05591117877246], [-118.40615853837915, 34.055011124406604]]]}}, {"type": "Feature", "properties": {"tile_id": 1714, "average_temperature": 18.6447}, "geometry": {"type": "Polygon", "coordinates": [[[-118.40507771585013, 34.05502348568634], [-118.4039968926626, 34.055035837466924], [-118.4040117346683, 34.055935892664706], [-118.40509256927234, 34.05592354046833], [-118.40507771585013, 34.05502348568634]]]}}, {"type": "Feature", "properties": {"tile_id": 1715, "average_temperature": 18.6598}, "geometry": {"type": "Polygon", "coordinates": [[[-118.4039968926626, 34.055035837466924], [-118.40291606881709, 34.05504817974832], [-118.40293089940626, 34.05594823536158], [-118.4040117346683, 34.055935892664706], [-118.4039968926626, 34.055035837466924]]]}}, {"type": "Feature", "properties": {"tile_id": 1716, "average_temperature": 18.6686}, "geometry": {"type": "Polygon", "coordinates": [[[-118.40291606881709, 34.05504817974832], [-118.40183524431407, 34.055060512530495], [-118.40185006348669, 34.05596056855895], [-118.40293089940626, 34.05594823536158], [-118.40291606881709, 34.05504817974832]]]}}, {"type": "Feature", "properties": {"tile_id": 1717, "average_temperature": 18.6722}, "geometry": {"type": "Polygon", "coordinates": [[[-118.40183524431407, 34.055060512530495], [-118.40075441915407, 34.05507283581347], [-118.40076922691011, 34.05597289225676], [-118.40185006348669, 34.05596056855895], [-118.40183524431407, 34.055060512530495]]]}}, {"type": "Feature", "properties": {"tile_id": 1718, "average_temperature": 18.6714}, "geometry": {"type": "Polygon", "coordinates": [[[-118.40075441915407, 34.05507283581347], [-118.39967359333758, 34.05508514959719], [-118.39968838967704, 34.05598520645501], [-118.40076922691011, 34.05597289225676], [-118.40075441915407, 34.05507283581347]]]}}, {"type": "Feature", "properties": {"tile_id": 1719, "average_temperature": 18.6673}, "geometry": {"type": "Polygon", "coordinates": [[[-118.39967359333758, 34.05508514959719], [-118.39859276686514, 34.055097453881665], [-118.39860755178792, 34.05599751115369], [-118.39968838967704, 34.05598520645501], [-118.39967359333758, 34.05508514959719]]]}}, {"type": "Feature", "properties": {"tile_id": 1720, "average_temperature": 18.6245}, "geometry": {"type": "Polygon", "coordinates": [[[-118.40617340321782, 34.05591117877246], [-118.40509256927234, 34.05592354046833], [-118.40510742335371, 34.05682359511259], [-118.40618826871616, 34.05681123300058], [-118.40617340321782, 34.05591117877246]]]}}, {"type": "Feature", "properties": {"tile_id": 1721, "average_temperature": 18.6471}, "geometry": {"type": "Polygon", "coordinates": [[[-118.40509256927234, 34.05592354046833], [-118.4040117346683, 34.055935892664706], [-118.40402657733269, 34.05683594772478], [-118.40510742335371, 34.05682359511259], [-118.40509256927234, 34.05592354046833]]]}}, {"type": "Feature", "properties": {"tile_id": 1722, "average_temperature": 18.6624}, "geometry": {"type": "Polygon", "coordinates": [[[-118.4040117346683, 34.055935892664706], [-118.40293089940626, 34.05594823536158], [-118.40294573065361, 34.056848290837166], [-118.40402657733269, 34.05683594772478], [-118.4040117346683, 34.055935892664706]]]}}, {"type": "Feature", "properties": {"tile_id": 1723, "average_temperature": 18.6713}, "geometry": {"type": "Polygon", "coordinates": [[[-118.40293089940626, 34.05594823536158], [-118.40185006348669, 34.05596056855895], [-118.401864883317, 34.0568606244497], [-118.40294573065361, 34.056848290837166], [-118.40293089940626, 34.05594823536158]]]}}, {"type": "Feature", "properties": {"tile_id": 1724, "average_temperature": 18.6749}, "geometry": {"type": "Polygon", "coordinates": [[[-118.40185006348669, 34.05596056855895], [-118.40076922691011, 34.05597289225676], [-118.40078403532333, 34.05687294856238], [-118.401864883317, 34.0568606244497], [-118.40185006348669, 34.05596056855895]]]}}, {"type": "Feature", "properties": {"tile_id": 1725, "average_temperature": 18.6741}, "geometry": {"type": "Polygon", "coordinates": [[[-118.40076922691011, 34.05597289225676], [-118.39968838967704, 34.05598520645501], [-118.39970318667312, 34.05688526317516], [-118.40078403532333, 34.05687294856238], [-118.40076922691011, 34.05597289225676]]]}}, {"type": "Feature", "properties": {"tile_id": 1726, "average_temperature": 18.6699}, "geometry": {"type": "Polygon", "coordinates": [[[-118.39968838967704, 34.05598520645501], [-118.39860755178792, 34.05599751115369], [-118.39862233736689, 34.05689756828806], [-118.39970318667312, 34.05688526317516], [-118.39968838967704, 34.05598520645501]]]}}]}