{
  "features": [
    {
      "geometry": {
        "coordinates": [
          [
            [
              -118.43973,
              34.039102
            ],
            [
              -118.439691,
              34.039125
            ],
            [
              -118.439355,
              34.039325
            ],
            [
              -118.438493,
              34.039841
            ],
            [
              -118.438147,
              34.040048
            ],
            [
              -118.437896,
              34.040198
            ],
            [
              -118.437046,
              34.040706
            ],
            [
              -118.436187,
              34.041219
            ],
            [
              -118.435302,
              34.041748
            ],
            [
              -118.434417,
              34.042277
            ],
            [
              -118.433532,
              34.042806
            ],
            [
              -118.432646,
              34.043336
            ],
            [
              -118.431734,
              34.04388
            ],
            [
              -118.430822,
              34.044425
            ],
            [
              -118.429937,
              34.044954
            ],
            [
              -118.429051,
              34.045484
            ],
            [
              -118.428166,
              34.046013
            ],
            [
              -118.426577,
              34.04417
            ],
            [
              -118.424654,
              34.04194
            ],
            [
              -118.424211,
              34.041079
            ],
            [
              -118.423658,
              34.040362
            ],
            [
              -118.423104,
              34.039644
            ],
            [
              -118.422551,
              34.038927
            ],
            [
              -118.421916,
              34.038102
            ],
            [
              -118.42141,
              34.037447
            ],
            [
              -118.421173,
              34.03714
            ],
            [
              -118.424909,
              34.036704
            ],
            [
              -118.425688,
              34.036619
            ],
            [
              -118.426797,
              34.036459
            ],
            [
              -118.42784,
              34.036308
            ],
            [
              -118.428931,
              34.03615
            ],
            [
              -118.430021,
              34.035992
            ],
            [
              -118.431166,
              34.035827
            ],
            [
              -118.432612,
              34.03561
            ],
            [
              -118.434213,
              34.035362
            ],
            [
              -118.436312,
              34.03501
            ],
            [
              -118.437145,
              34.034866
            ],
            [
              -118.437415,
              34.03482
            ],
            [
              -118.437491,
              34.03492
            ],
            [
              -118.437535,
              34.034977
            ],
            [
              -118.437628,
              34.035117
            ],
            [
              -118.437809,
              34.035422
            ],
            [
              -118.437894,
              34.035589
            ],
            [
              -118.437958,
              34.035713
            ],
            [
              -118.438532,
              34.036961
            ],
            [
              -118.43871,
              34.037346
            ],
            [
              -118.438893,
              34.037717
            ],
            [
              -118.439092,
              34.038084
            ],
            [
              -118.439306,
              34.038445
            ],
            [
              -118.439331,
              34.038483
            ],
            [
              -118.439507,
              34.038748
            ],
            [
              -118.439753,
              34.039088
            ],
            [
              -118.43973,
              34.039102
            ]
          ]
        ],
        "type": "Polygon"
      },
      "properties": {
        "ALAND": 1151184.0,
        "COUNTYFP": "037",
        "GEOID": "06037267800",
        "INTPTLAT": "+34.0395800",
        "INTPTLON": "-118.4306812",
        "NAME": "267800",
        "NAMELSAD": "Census Tract 267800",
        "STATEFP": "06",
        "TRACTCE": "267800"
      },
      "type": "Feature"
    },
    {
      "geometry": {
        "coordinates": [
          [
            [
              -118.42728,
              34.046541
            ],
            [
              -118.426395,
              34.04707
            ],
            [
              -118.425509,
              34.0476
            ],
            [
              -118.424971,
              34.047894
            ],
            [
              -118.424599,
              34.048098
            ],
            [
              -118.423688,
              34.048597
            ],
            [
              -118.423184,
              34.048873
            ],
            [
              -118.422413,
              34.049296
            ],
            [
              -118.421923,
              34.049564
            ],
            [
              -118.421502,
              34.049795
            ],
            [
              -118.420552,
              34.050342
            ],
            [
              -118.419629,
              34.050874
            ],
            [
              -118.418786,
              34.051405
            ],
            [
              -118.418449,
              34.051635
            ],
            [
              -118.418333,
              34.051715
            ],
            [
              -118.417458,
              34.052314
            ],
            [
              -118.416729,
              34.052814
            ],
            [
              -118.4162,
              34.053176
            ],
            [
              -118.416085,
              34.053255
            ],
            [
              -118.412133,
              34.049141
            ],
            [
              -118.413088,
              34.048591
            ],
            [
              -118.415284,
              34.047326
            ],
            [
              -118.417066,
              34.046299
            ],
            [
              -118.418901,
              34.045242
            ],
            [
              -118.419045,
              34.045159
            ],
            [
              -118.421071,
              34.043992
            ],
            [
              -118.421958,
              34.043481
            ],
            [
              -118.422855,
              34.042964
            ],
            [
              -118.423751,
              34.042448
            ],
            [
              -118.424654,
              34.04194
            ],
            [
              -118.426577,
              34.04417
            ],
            [
              -118.428166,
              34.046013
            ],
            [
              -118.42728,
              34.046541
            ]
          ]
        ],
        "type": "Polygon"
      },
      "properties": {
        "ALAND": 778072.0,
        "COUNTYFP": "037",
        "GEOID": "06037267902",
        "INTPTLAT": "+34.0475522",
        "INTPTLON": "-118.4201983",
        "NAME": "267902",
        "NAMELSAD": "Census Tract 267902",
        "STATEFP": "06",
        "TRACTCE": "267902"
      },
      "type": "Feature"
    },
    {
      "geometry": {
        "coordinates": [
          [
            [
              -118.411235,
              34.032246
            ],
            [
              -118.411218,
              34.032404
            ],
            [
              -118.411213,
              34.032429
            ],
            [
              -118.411181,
              34.032557
            ],
            [
              -118.411088,
              34.032816
            ],
            [
              -118.410953,
              34.033122
            ],
            [
              -118.410666,
              34.03377
            ],
            [
              -118.410568,
              34.033985
            ],
            [
              -118.410492,
              34.034129
            ],
            [
              -118.410367,
              34.034341
            ],
            [
              -118.410251,
              34.034515
            ],
            [
              -118.410095,
              34.034707
            ],
            [
              -118.410063,
              34.034746
            ],
            [
              -118.410045,
              34.034762
            ],
            [
              -118.409932,
              34.034855
            ],
            [
              -118.409814,
              34.034937
            ],
            [
              -118.409688,
              34.035031
            ],
            [
              -118.409574,
              34.035136
            ],
            [
              -118.40946,
              34.035268
            ],
            [
              -118.409337,
              34.03545
            ],
            [
              -118.409242,
              34.035593
            ],
            [
              -118.409122,
              34.035786
            ],
            [
              -118.409015,
              34.035984
            ],
            [
              -118.408904,
              34.03622
            ],
            [
              -118.408842,
              34.036382
            ],
            [
              -118.408773,
              34.036592
            ],
            [
              -118.408717,
              34.036804
            ],
            [
              -118.408684,
              34.036915
            ],
            [
              -118.408637,
              34.037013
            ],
            [
              -118.408588,
              34.037089
            ],
            [
              -118.408521,
              34.037168
            ],
            [
              -118.40842,
              34.037258
            ],
            [
              -118.408236,
              34.03738
            ],
            [
              -118.408113,
              34.037496
            ],
            [
              -118.408028,
              34.03759
            ],
            [
              -118.407939,
              34.037715
            ],
            [
              -118.407869,
              34.037849
            ],
            [
              -118.40782,
              34.037989
            ],
            [
              -118.407814,
              34.038009
            ],
            [
              -118.407693,
              34.03863
            ],
            [
              -118.407672,
              34.038716
            ],
            [
              -118.40762,
              34.038848
            ],
            [
              -118.407546,
              34.038972
            ],
            [
              -118.407465,
              34.039072
            ],
            [
              -118.407384,
              34.039151
            ],
            [
              -118.407141,
              34.039341
            ],
            [
              -118.406685,
              34.039692
            ],
            [
              -118.406352,
              34.039947
            ],
            [
              -118.406264,
              34.040009
            ],
            [
              -118.406218,
              34.040036
            ],
            [
              -118.406093,
              34.040098
            ],
            [
              -118.40598,
              34.040141
            ],
            [
              -118.405866,
              34.040172
            ],
            [
              -118.405746,
              34.040194
            ],
            [
              -118.405622,
              34.040206
            ],
            [
              -118.405142,
              34.040206
            ],
            [
              -118.404931,
              34.040216
            ],
            [
              -118.404696,
              34.040244
            ],
            [
              -118.404377,
              34.040306
            ],
            [
              -118.404204,
              34.040352
            ],
            [
              -118.403983,
              34.04041
            ],
            [
              -118.40394,
              34.040424
            ],
            [
              -118.403814,
              34.040479
            ],
            [
              -118.403712,
              34.040542
            ],
            [
              -118.403623,
              34.040613
            ],
            [
              -118.40354,
              34.040698
            ],
            [
              -118.403467,
              34.040789
            ],
            [
              -118.403398,
              34.040902
            ],
            [
              -118.403352,
              34.041005
            ],
            [
              -118.40332,
              34.041111
            ],
            [
              -118.403298,
              34.041237
            ],
            [
              -118.403296,
              34.041354
            ],
            [
              -118.403299,
              34.041401
            ],
            [
              -118.40332,
              34.041527
            ],
            [
              -118.40336,
              34.04165
            ],
            [
              -118.403418,
              34.041768
            ],
            [
              -118.403492,
              34.04188
            ],
            [
              -118.403632,
              34.04204
            ],
            [
              -118.403822,
              34.042169
            ],
            [
              -118.404066,
              34.042323
            ],
            [
              -118.404253,
              34.042457
            ],
            [
              -118.404431,
              34.042599
            ],
            [
              -118.4046,
              34.042748
            ],
            [
              -118.404759,
              34.042904
            ],
            [
              -118.404918,
              34.043078
            ],
            [
              -118.405485,
              34.043781
            ],
            [
              -118.407016,
              34.045589
            ],
            [
              -118.40908,
              34.048089
            ],
            [
              -118.410654,
              34.049994
            ],
            [
              -118.408593,
              34.05118
            ],
            [
              -118.408457,
              34.051259
            ],
            [
              -118.407144,
              34.052014
            ],
            [
              -118.406643,
              34.052303
            ],
            [
              -118.40633,
              34.052483
            ],
            [
              -118.406265,
              34.052521
            ],
            [
              -118.406133,
              34.0526
            ],
            [
              -118.406058,
              34.052645
            ],
            [
              -118.406023,
              34.052666
            ],
            [
              -118.406106,
              34.052781
            ],
            [
              -118.405896,
              34.052853
            ],
            [
              -118.405574,
              34.052964
            ],
            [
              -118.405665,
              34.053164
            ],
            [
              -118.405725,
              34.053294
            ],
            [
              -118.405813,
              34.053485
            ],
            [
              -118.405882,
              34.053677
            ],
            [
              -118.405954,
              34.053876
            ],
            [
              -118.406122,
              34.054145
            ],
            [
              -118.405694,
              34.054142
            ],
            [
              -118.405562,
              34.054141
            ],
            [
              -118.405562,
              34.054312
            ],
            [
              -118.405285,
              34.054402
            ],
            [
              -118.405362,
              34.054544
            ],
            [
              -118.405452,
              34.054861
            ],
            [
              -118.405714,
              34.054829
            ],
            [
              -118.405929,
              34.05483
            ],
            [
              -118.40595,
              34.054988
            ],
            [
              -118.405958,
              34.055167
            ],
            [
              -118.405952,
              34.055346
            ],
            [
              -118.405937,
              34.055479
            ],
            [
              -118.405925,
              34.055545
            ],
            [
              -118.40591,
              34.055624
            ],
            [
              -118.405925,
              34.055668
            ],
            [
              -118.405922,
              34.057104
            ],
            [
              -118.405658,
              34.057104
            ],
            [
              -118.405091,
              34.057103
            ],
            [
              -118.404548,
              34.057102
            ],
            [
              -118.403993,
              34.057101
            ],
            [
              -118.403993,
              34.057069
            ],
            [
              -118.403994,
              34.057024
            ],
            [
              -118.403455,
              34.057023
            ],
            [
              -118.403453,
              34.05694
            ],
            [
              -118.403362,
              34.05694
            ],
            [
              -118.403261,
              34.056831
            ],
            [
              -118.403026,
              34.056981
            ],
            [
              -118.402927,
              34.057055
            ],
            [
              -118.402771,
              34.056887
            ],
            [
              -118.40247,
              34.057082
            ],
            [
              -118.402463,
              34.057099
            ],
            [
              -118.402183,
              34.057099
            ],
            [
              -118.402371,
              34.056996
            ],
            [
              -118.40227,
              34.056886
            ],
            [
              -118.402211,
              34.056918
            ],
            [
              -118.401888,
              34.057095
            ],
            [
              -118.401737,
              34.057098
            ],
            [
              -118.401556,
              34.057099
            ],
            [
              -118.401679,
              34.057029
            ],
            [
              -118.401584,
              34.056915
            ],
            [
              -118.401271,
              34.057098
            ],
            [
              -118.400751,
              34.057098
            ],
            [
              -118.400907,
              34.056997
            ],
            [
              -118.400785,
              34.056867
            ],
            [
              -118.400428,
              34.057097
            ],
            [
              -118.400282,
              34.057097
            ],
            [
              -118.400247,
              34.057058
            ],
            [
              -118.400202,
              34.057025
            ],
            [
              -118.400072,
              34.056887
            ],
            [
              -118.400044,
              34.056855
            ],
            [
              -118.400001,
              34.056808
            ],
            [
              -118.399924,
              34.056866
            ],
            [
              -118.399717,
              34.057026
            ],
            [
              -118.399713,
              34.057096
            ],
            [
              -118.399681,
              34.057096
            ],
            [
              -118.39908,
              34.057096
            ],
            [
              -118.39908,
              34.057035
            ],
            [
              -118.399102,
              34.057001
            ],
            [
              -118.399102,
              34.056866
            ],
            [
              -118.399104,
              34.055846
            ],
            [
              -118.399106,
              34.054948
            ],
            [
              -118.399601,
              34.054818
            ],
            [
              -118.399911,
              34.054724
            ],
            [
              -118.400693,
              34.054462
            ],
            [
              -118.400981,
              34.054365
            ],
            [
              -118.400772,
              34.053678
            ],
            [
              -118.400552,
              34.052954
            ],
            [
              -118.400322,
              34.0522
            ],
            [
              -118.400125,
              34.051551
            ],
            [
              -118.400481,
              34.051299
            ],
            [
              -118.400644,
              34.051154
            ],
            [
              -118.400612,
              34.050966
            ],
            [
              -118.400566,
              34.050455
            ],
            [
              -118.400474,
              34.049911
            ],
            [
              -118.400434,
              34.049514
            ],
            [
              -118.400437,
              34.049428
            ],
            [
              -118.400448,
              34.049065
            ],
            [
              -118.400541,
              34.047883
            ],
            [
              -118.400647,
              34.046543
            ],
            [
              -118.400644,
              34.04643
            ],
            [
              -118.400641,
              34.046311
            ],
            [
              -118.399317,
              34.046067
            ],
            [
              -118.399754,
              34.044458
            ],
            [
              -118.399453,
              34.044128
            ],
            [
              -118.399387,
              34.04387
            ],
            [
              -118.398714,
              34.04193
            ],
            [
              -118.398683,
              34.04175
            ],
            [
              -118.39865,
              34.041596
            ],
            [
              -118.398626,
              34.041384
            ],
            [
              -118.398639,
              34.041225
            ],
            [
              -118.398649,
              34.041164
            ],
            [
              -118.398683,
              34.040998
            ],
            [
              -118.398812,
              34.040622
            ],
            [
              -118.398907,
              34.040381
            ],
            [
              -118.398729,
              34.040338
            ],
            [
              -118.398654,
              34.04032
            ],
            [
              -118.398741,
              34.04009
            ],
            [
              -118.398828,
              34.039797
            ],
            [
              -118.398597,
              34.039801
            ],
            [
              -118.397719,
              34.039814
            ],
            [
              -118.397857,
              34.039296
            ],
            [
              -118.397878,
              34.039153
            ],
            [
              -118.397885,
              34.039009
            ],
            [
              -118.397877,
              34.038865
            ],
            [
              -118.397854,
              34.038722
            ],
            [
              -118.397806,
              34.038554
            ],
            [
              -118.397738,
              34.038391
            ],
            [
              -118.397665,
              34.03826
            ],
            [
              -118.397528,
              34.038063
            ],
            [
              -118.39747,
              34.037965
            ],
            [
              -118.397421,
              34.037847
            ],
            [
              -118.397392,
              34.037743
            ],
            [
              -118.397375,
              34.037602
            ],
            [
              -118.397379,
              34.037478
            ],
            [
              -118.397403,
              34.037351
            ],
            [
              -118.397427,
              34.037265
            ],
            [
              -118.397502,
              34.037109
            ],
            [
              -118.397875,
              34.0362
            ],
            [
              -118.398063,
              34.035742
            ],
            [
              -118.398216,
              34.035372
            ],
            [
              -118.398585,
              34.034472
            ],
            [
              -118.39897,
              34.033536
            ],
            [
              -118.39985,
              34.031384
            ],
            [
              -118.400464,
              34.031391
            ],
            [
              -118.400663,
              34.031358
            ],
            [
              -118.400702,
              34.03135
            ],
            [
              -118.400839,
              34.031311
            ],
            [
              -118.400977,
              34.031257
            ],
            [
              -118.40145,
              34.03104
            ],
            [
              -118.401633,
              34.030945
            ],
            [
              -118.401853,
              34.030818
            ],
            [
              -118.402044,
              34.030694
            ],
            [
              -118.402285,
              34.030516
            ],
            [
              -118.402401,
              34.030421
            ],
            [
              -118.402633,
              34.030215
            ],
            [
              -118.402777,
              34.030065
            ],
            [
              -118.402821,
              34.030015
            ],
            [
              -118.402843,
              34.029989
            ],
            [
              -118.403055,
              34.029728
            ],
            [
              -118.403202,
              34.029546
            ],
            [
              -118.404112,
              34.029626
            ],
            [
              -118.405474,
              34.029746
            ],
            [
              -118.407097,
              34.029888
            ],
            [
              -118.408598,
              34.03002
            ],
            [
              -118.408696,
              34.030031
            ],
            [
              -118.409032,
              34.03007
            ],
            [
              -118.409462,
              34.030139
            ],
            [
              -118.409887,
              34.030226
            ],
            [
              -118.410307,
              34.030332
            ],
            [
              -118.410582,
              34.030413
            ],
            [
              -118.410854,
              34.030501
            ],
            [
              -118.41108,
              34.030583
            ],
            [
              -118.411016,
              34.030769
            ],
            [
              -118.411011,
              34.030784
            ],
            [
              -118.410988,
              34.030848
            ],
            [
              -118.410965,
              34.030931
            ],
            [
              -118.410952,
              34.031023
            ],
            [
              -118.41095,
              34.031131
            ],
            [
              -118.410966,
              34.031254
            ],
            [
              -118.410995,
              34.031371
            ],
            [
              -118.41113,
              34.031678
            ],
            [
              -118.411184,
              34.031828
            ],
            [
              -118.41122,
              34.031983
            ],
            [
              -118.41123,
              34.032073
            ],
            [
              -118.411234,
              34.032114
            ],
            [
              -118.411235,
              34.032246
            ]
          ]
        ],
        "type": "Polygon"
      },
      "properties": {
        "ALAND": 2294749.0,
        "COUNTYFP": "037",
        "GEOID": "06037269000",
        "INTPTLAT": "+34.0433250",
        "INTPTLON": "-118.4043050",
        "NAME": "269000",
        "NAMELSAD": "Census Tract 269000",
        "STATEFP": "06",
        "TRACTCE": "269000"
      },
      "type": "Feature"
    },
    {
      "geometry": {
        "coordinates": [
          [
            [
              -118.424654,
              34.04194
            ],
            [
              -118.423751,
              34.042448
            ],
            [
              -118.422855,
              34.042964
            ],
            [
              -118.421958,
              34.043481
            ],
            [
              -118.421071,
              34.043992
            ],
            [
              -118.419045,
              34.045159
            ],
            [
              -118.418901,
              34.045242
            ],
            [
              -118.417066,
              34.046299
            ],
            [
              -118.415284,
              34.047326
            ],
            [
              -118.413088,
              34.048591
            ],
            [
              -118.412133,
              34.049141
            ],
            [
              -118.411624,
              34.049434
            ],
            [
              -118.410654,
              34.049994
            ],
            [
              -118.40908,
              34.048089
            ],
            [
              -118.407016,
              34.045589
            ],
            [
              -118.405485,
              34.043781
            ],
            [
              -118.404918,
              34.043078
            ],
            [
              -118.404759,
              34.042904
            ],
            [
              -118.4046,
              34.042748
            ],
            [
              -118.404431,
              34.042599
            ],
            [
              -118.404253,
              34.042457
            ],
            [
              -118.404066,
              34.042323
            ],
            [
              -118.403822,
              34.042169
            ],
            [
              -118.403632,
              34.04204
            ],
            [
              -118.403492,
              34.04188
            ],
            [
              -118.403418,
              34.041768
            ],
            [
              -118.40336,
              34.04165
            ],
            [
              -118.40332,
              34.041527
            ],
            [
              -118.403299,
              34.041401
            ],
            [
              -118.403296,
              34.041354
            ],
            [
              -118.403298,
              34.041237
            ],
            [
              -118.40332,
              34.041111
            ],
            [
              -118.403352,
              34.041005
            ],
            [
              -118.403398,
              34.040902
            ],
            [
              -118.403467,
              34.040789
            ],
            [
              -118.40354,
              34.040698
            ],
            [
              -118.403623,
              34.040613
            ],
            [
              -118.403712,
              34.040542
            ],
            [
              -118.403814,
              34.040479
            ],
            [
              -118.40394,
              34.040424
            ],
            [
              -118.403983,
              34.04041
            ],
            [
              -118.404204,
              34.040352
            ],
            [
              -118.404377,
              34.040306
            ],
            [
              -118.404696,
              34.040244
            ],
            [
              -118.404931,
              34.040216
            ],
            [
              -118.405142,
              34.040206
            ],
            [
              -118.405622,
              34.040206
            ],
            [
              -118.405746,
              34.040194
            ],
            [
              -118.405866,
              34.040172
            ],
            [
              -118.40598,
              34.040141
            ],
            [
              -118.406093,
              34.040098
            ],
            [
              -118.406218,
              34.040036
            ],
            [
              -118.406264,
              34.040009
            ],
            [
              -118.406352,
              34.039947
            ],
            [
              -118.406685,
              34.039692
            ],
            [
              -118.407141,
              34.039341
            ],
            [
              -118.407384,
              34.039151
            ],
            [
              -118.407465,
              34.039072
            ],
            [
              -118.407546,
              34.038972
            ],
            [
              -118.40762,
              34.038848
            ],
            [
              -118.407672,
              34.038716
            ],
            [
              -118.407693,
              34.03863
            ],
            [
              -118.407814,
              34.038009
            ],
            [
              -118.40782,
              34.037989
            ],
            [
              -118.407869,
              34.037849
            ],
            [
              -118.407939,
              34.037715
            ],
            [
              -118.408028,
              34.03759
            ],
            [
              -118.408113,
              34.037496
            ],
            [
              -118.408236,
              34.03738
            ],
            [
              -118.40842,
              34.037258
            ],
            [
              -118.408521,
              34.037168
            ],
            [
              -118.408588,
              34.037089
            ],
            [
              -118.408637,
              34.037013
            ],
            [
              -118.408684,
              34.036915
            ],
            [
              -118.408717,
              34.036804
            ],
            [
              -118.408773,
              34.036592
            ],
            [
              -118.408842,
              34.036382
            ],
            [
              -118.408904,
              34.03622
            ],
            [
              -118.409015,
              34.035984
            ],
            [
              -118.409122,
              34.035786
            ],
            [
              -118.409242,
              34.035593
            ],
            [
              -118.409337,
              34.03545
            ],
            [
              -118.40946,
              34.035268
            ],
            [
              -118.409574,
              34.035136
            ],
            [
              -118.409688,
              34.035031
            ],
            [
              -118.409814,
              34.034937
            ],
            [
              -118.409932,
              34.034855
            ],
            [
              -118.410045,
              34.034762
            ],
            [
              -118.410063,
              34.034746
            ],
            [
              -118.410095,
              34.034707
            ],
            [
              -118.410251,
              34.034515
            ],
            [
              -118.410367,
              34.034341
            ],
            [
              -118.410492,
              34.034129
            ],
            [
              -118.410568,
              34.033985
            ],
            [
              -118.410666,
              34.03377
            ],
            [
              -118.410953,
              34.033122
            ],
            [
              -118.411088,
              34.032816
            ],
            [
              -118.411181,
              34.032557
            ],
            [
              -118.411213,
              34.032429
            ],
            [
              -118.411218,
              34.032404
            ],
            [
              -118.411235,
              34.032246
            ],
            [
              -118.411234,
              34.032114
            ],
            [
              -118.41123,
              34.032073
            ],
            [
              -118.41122,
              34.031983
            ],
            [
              -118.411184,
              34.031828
            ],
            [
              -118.41113,
              34.031678
            ],
            [
              -118.410995,
              34.031371
            ],
            [
              -118.410966,
              34.031254
            ],
            [
              -118.41095,
              34.031131
            ],
            [
              -118.410952,
              34.031023
            ],
            [
              -118.410965,
              34.030931
            ],
            [
              -118.410988,
              34.030848
            ],
            [
              -118.411011,
              34.030784
            ],
            [
              -118.411016,
              34.030769
            ],
            [
              -118.41108,
              34.030583
            ],
            [
              -118.412667,
              34.031158
            ],
            [
              -118.413063,
              34.03129
            ],
            [
              -118.413182,
              34.031324
            ],
            [
              -118.413394,
              34.031386
            ],
            [
              -118.413739,
              34.031472
            ],
            [
              -118.414153,
              34.031556
            ],
            [
              -118.414431,
              34.031603
            ],
            [
              -118.414852,
              34.031658
            ],
            [
              -118.415135,
              34.031684
            ],
            [
              -118.41556,
              34.031708
            ],
            [
              -118.415844,
              34.031713
            ],
            [
              -118.415946,
              34.03171
            ],
            [
              -118.416613,
              34.031707
            ],
            [
              -118.416927,
              34.031705
            ],
            [
              -118.41709,
              34.031911
            ],
            [
              -118.417136,
              34.03197
            ],
            [
              -118.417147,
              34.031984
            ],
            [
              -118.41732,
              34.032203
            ],
            [
              -118.417427,
              34.032339
            ],
            [
              -118.417511,
              34.032394
            ],
            [
              -118.417585,
              34.032442
            ],
            [
              -118.417609,
              34.032473
            ],
            [
              -118.417641,
              34.032515
            ],
            [
              -118.418298,
              34.033377
            ],
            [
              -118.418873,
              34.034148
            ],
            [
              -118.419044,
              34.034377
            ],
            [
              -118.419347,
              34.03477
            ],
            [
              -118.420016,
              34.035638
            ],
            [
              -118.420557,
              34.03634
            ],
            [
              -118.421058,
              34.03699
            ],
            [
              -118.421173,
              34.03714
            ],
            [
              -118.42141,
              34.037447
            ],
            [
              -118.421916,
              34.038102
            ],
            [
              -118.422551,
              34.038927
            ],
            [
              -118.423104,
              34.039644
            ],
            [
              -118.423658,
              34.040362
            ],
            [
              -118.424211,
              34.041079
            ],
            [
              -118.424654,
              34.04194
            ]
          ]
        ],
        "type": "Polygon"
      },
      "properties": {
        "ALAND": 2205507.0,
        "COUNTYFP": "037",
        "GEOID": "06037269300",
        "INTPTLAT": "+34.0444598",
        "INTPTLON": "-118.4122005",
        "NAME": "269300",
        "NAMELSAD": "Census Tract 269300",
        "STATEFP": "06",
        "TRACTCE": "269300"
      },
      "type": "Feature"
    },
    {
      "geometry": {
        "coordinates": [
          [
            [
              -118.410461,
              34.023242
            ],
            [
              -118.4095,
              34.023755
            ],
            [
              -118.408444,
              34.024319
            ],
            [
              -118.40736,
              34.024898
            ],
            [
              -118.405678,
              34.022715
            ],
            [
              -118.404066,
              34.020626
            ],
            [
              -118.403991,
              34.020529
            ],
            [
              -118.403819,
              34.020307
            ],
            [
              -118.402705,
              34.01886
            ],
            [
              -118.402584,
              34.018721
            ],
            [
              -118.402514,
              34.018641
            ],
            [
              -118.403057,
              34.01832
            ],
            [
              -118.403402,
              34.018117
            ],
            [
              -118.403524,
              34.018044
            ],
            [
              -118.40379,
              34.017885
            ],
            [
              -118.404015,
              34.017751
            ],
            [
              -118.404528,
              34.017458
            ],
            [
              -118.404656,
              34.017384
            ],
            [
              -118.405,
              34.017177
            ],
            [
              -118.405222,
              34.017026
            ],
            [
              -118.40546,
              34.016854
            ],
            [
              -118.405537,
              34.01691
            ],
            [
              -118.405574,
              34.016946
            ],
            [
              -118.405719,
              34.017088
            ],
            [
              -118.406864,
              34.018574
            ],
            [
              -118.407068,
              34.01884
            ],
            [
              -118.407951,
              34.019985
            ],
            [
              -118.40878,
              34.021061
            ],
            [
              -118.409408,
              34.021875
            ],
            [
              -118.409929,
              34.022552
            ],
            [
              -118.410461,
              34.023242
            ]
          ]
        ],
        "type": "Polygon"
      },
      "properties": {
        "ALAND": 283825.0,
        "COUNTYFP": "037",
        "GEOID": "06037269903",
        "INTPTLAT": "+34.0209031",
        "INTPTLON": "-118.4064763",
        "NAME": "269903",
        "NAMELSAD": "Census Tract 269903",
        "STATEFP": "06",
        "TRACTCE": "269903"
      },
      "type": "Feature"
    },
    {
      "geometry": {
        "coordinates": [
          [
            [
              -118.404594,
              34.023293
            ],
            [
              -118.403537,
              34.023856
            ],
            [
              -118.402998,
              34.024146
            ],
            [
              -118.402925,
              34.0242
            ],
            [
              -118.402855,
              34.02427
            ],
            [
              -118.40281,
              34.024331
            ],
            [
              -118.402776,
              34.024384
            ],
            [
              -118.402704,
              34.024453
            ],
            [
              -118.402623,
              34.024514
            ],
            [
              -118.402082,
              34.024806
            ],
            [
              -118.400405,
              34.022631
            ],
            [
              -118.39965,
              34.02306
            ],
            [
              -118.39891,
              34.02348
            ],
            [
              -118.398705,
              34.023214
            ],
            [
              -118.397653,
              34.02185
            ],
            [
              -118.397535,
              34.021738
            ],
            [
              -118.397501,
              34.021705
            ],
            [
              -118.397455,
              34.021662
            ],
            [
              -118.398194,
              34.021221
            ],
            [
              -118.398796,
              34.020862
            ],
            [
              -118.398858,
              34.020826
            ],
            [
              -118.398931,
              34.020784
            ],
            [
              -118.398999,
              34.020848
            ],
            [
              -118.399101,
              34.020787
            ],
            [
              -118.399492,
              34.021294
            ],
            [
              -118.400151,
              34.020916
            ],
            [
              -118.400249,
              34.02086
            ],
            [
              -118.400551,
              34.021251
            ],
            [
              -118.400474,
              34.021298
            ],
            [
              -118.400608,
              34.021472
            ],
            [
              -118.401285,
              34.021087
            ],
            [
              -118.400442,
              34.019993
            ],
            [
              -118.400516,
              34.019949
            ],
            [
              -118.400476,
              34.019897
            ],
            [
              -118.400681,
              34.019779
            ],
            [
              -118.401192,
              34.019461
            ],
            [
              -118.401791,
              34.019088
            ],
            [
              -118.402418,
              34.018698
            ],
            [
              -118.402514,
              34.018641
            ],
            [
              -118.402584,
              34.018721
            ],
            [
              -118.402705,
              34.01886
            ],
            [
              -118.403819,
              34.020307
            ],
            [
              -118.403991,
              34.020529
            ],
            [
              -118.404066,
              34.020626
            ],
            [
              -118.405678,
              34.022715
            ],
            [
              -118.404594,
              34.023293
            ]
          ]
        ],
        "type": "Polygon"
      },
      "properties": {
        "ALAND": 238027.0,
        "COUNTYFP": "037",
        "GEOID": "06037269905",
        "INTPTLAT": "+34.0218574",
        "INTPTLON": "-118.4018807",
        "NAME": "269905",
        "NAMELSAD": "Census Tract 269905",
        "STATEFP": "06",
        "TRACTCE": "269905"
      },
      "type": "Feature"
    },
    {
      "geometry": {
        "coordinates": [
          [
            [
              -118.406276,
              34.025475
            ],
            [
              -118.40522,
              34.02604
            ],
            [
              -118.404446,
              34.026453
            ],
            [
              -118.40367,
              34.026867
            ],
            [
              -118.402901,
              34.027279
            ],
            [
              -118.402149,
              34.027681
            ],
            [
              -118.40164,
              34.027021
            ],
            [
              -118.401151,
              34.026387
            ],
            [
              -118.40056,
              34.025621
            ],
            [
              -118.39891,
              34.02348
            ],
            [
              -118.39965,
              34.02306
            ],
            [
              -118.400405,
              34.022631
            ],
            [
              -118.402082,
              34.024806
            ],
            [
              -118.402623,
              34.024514
            ],
            [
              -118.402704,
              34.024453
            ],
            [
              -118.402776,
              34.024384
            ],
            [
              -118.40281,
              34.024331
            ],
            [
              -118.402855,
              34.02427
            ],
            [
              -118.402925,
              34.0242
            ],
            [
              -118.402998,
              34.024146
            ],
            [
              -118.403537,
              34.023856
            ],
            [
              -118.404594,
              34.023293
            ],
            [
              -118.405678,
              34.022715
            ],
            [
              -118.40736,
              34.024898
            ],
            [
              -118.406276,
              34.025475
            ]
          ]
        ],
        "type": "Polygon"
      },
      "properties": {
        "ALAND": 207994.0,
        "COUNTYFP": "037",
        "GEOID": "06037269906",
        "INTPTLAT": "+34.0249593",
        "INTPTLON": "-118.4031746",
        "NAME": "269906",
        "NAMELSAD": "Census Tract 269906",
        "STATEFP": "06",
        "TRACTCE": "269906"
      },
      "type": "Feature"
    },
    {
      "geometry": {
        "coordinates": [
          [
            [
              -118.411185,
              34.030233
            ],
            [
              -118.411175,
              34.030293
            ],
            [
              -118.411167,
              34.030328
            ],
            [
              -118.41108,
              34.030583
            ],
            [
              -118.410854,
              34.030501
            ],
            [
              -118.410582,
              34.030413
            ],
            [
              -118.410307,
              34.030332
            ],
            [
              -118.409887,
              34.030226
            ],
            [
              -118.409462,
              34.030139
            ],
            [
              -118.409032,
              34.03007
            ],
            [
              -118.408696,
              34.030031
            ],
            [
              -118.408598,
              34.03002
            ],
            [
              -118.407097,
              34.029888
            ],
            [
              -118.405474,
              34.029746
            ],
            [
              -118.404112,
              34.029626
            ],
            [
              -118.403202,
              34.029546
            ],
            [
              -118.403292,
              34.029436
            ],
            [
              -118.40348,
              34.029204
            ],
            [
              -118.403557,
              34.029109
            ],
            [
              -118.403594,
              34.029064
            ],
            [
              -118.403186,
              34.029027
            ],
            [
              -118.402149,
              34.027681
            ],
            [
              -118.402901,
              34.027279
            ],
            [
              -118.40367,
              34.026867
            ],
            [
              -118.404446,
              34.026453
            ],
            [
              -118.40522,
              34.02604
            ],
            [
              -118.406276,
              34.025475
            ],
            [
              -118.40736,
              34.024898
            ],
            [
              -118.408527,
              34.026412
            ],
            [
              -118.409515,
              34.027693
            ],
            [
              -118.410691,
              34.029219
            ],
            [
              -118.411051,
              34.029684
            ],
            [
              -118.41109,
              34.029751
            ],
            [
              -118.411144,
              34.02987
            ],
            [
              -118.411164,
              34.029932
            ],
            [
              -118.411178,
              34.029994
            ],
            [
              -118.411191,
              34.030106
            ],
            [
              -118.411185,
              34.030233
            ]
          ]
        ],
        "type": "Polygon"
      },
      "properties": {
        "ALAND": 276794.0,
        "COUNTYFP": "037",
        "GEOID": "06037269907",
        "INTPTLAT": "+34.0280469",
        "INTPTLON": "-118.4067099",
        "NAME": "269907",
        "NAMELSAD": "Census Tract 269907",
        "STATEFP": "06",
        "TRACTCE": "269907"
      },
      "type": "Feature"
    },
    {
      "geometry": {
        "coordinates": [
          [
            [
              -118.416927,
              34.031705
            ],
            [
              -118.416613,
              34.031707
            ],
            [
              -118.415946,
              34.03171
            ],
            [
              -118.415844,
              34.031713
            ],
            [
              -118.41556,
              34.031708
            ],
            [
              -118.415135,
              34.031684
            ],
            [
              -118.414852,
              34.031658
            ],
            [
              -118.414431,
              34.031603
            ],
            [
              -118.414153,
              34.031556
            ],
            [
              -118.413739,
              34.031472
            ],
            [
              -118.413394,
              34.031386
            ],
            [
              -118.413182,
              34.031324
            ],
            [
              -118.413063,
              34.03129
            ],
            [
              -118.412667,
              34.031158
            ],
            [
              -118.41108,
              34.030583
            ],
            [
              -118.411167,
              34.030328
            ],
            [
              -118.411175,
              34.030293
            ],
            [
              -118.411185,
              34.030233
            ],
            [
              -118.411191,
              34.030106
            ],
            [
              -118.411178,
              34.029994
            ],
            [
              -118.411164,
              34.029932
            ],
            [
              -118.411144,
              34.02987
            ],
            [
              -118.41109,
              34.029751
            ],
            [
              -118.411051,
              34.029684
            ],
            [
              -118.410691,
              34.029219
            ],
            [
              -118.409515,
              34.027693
            ],
            [
              -118.410598,
              34.027114
            ],
            [
              -118.411775,
              34.028641
            ],
            [
              -118.412831,
              34.028078
            ],
            [
              -118.413793,
              34.027564
            ],
            [
              -118.414096,
              34.027959
            ],
            [
              -118.414585,
              34.028594
            ],
            [
              -118.415094,
              34.029254
            ],
            [
              -118.41529,
              34.029507
            ],
            [
              -118.415302,
              34.029523
            ],
            [
              -118.416276,
              34.030786
            ],
            [
              -118.416325,
              34.030943
            ],
            [
              -118.41677,
              34.031507
            ],
            [
              -118.416828,
              34.031579
            ],
            [
              -118.416927,
              34.031705
            ]
          ]
        ],
        "type": "Polygon"
      },
      "properties": {
        "ALAND": 167452.0,
        "COUNTYFP": "037",
        "GEOID": "06037269908",
        "INTPTLAT": "+34.0296868",
        "INTPTLON": "-118.4132103",
        "NAME": "269908",
        "NAMELSAD": "Census Tract 269908",
        "STATEFP": "06",
        "TRACTCE": "269908"
      },
      "type": "Feature"
    },
    {
      "geometry": {
        "coordinates": [
          [
            [
              -118.413793,
              34.027564
            ],
            [
              -118.412831,
              34.028078
            ],
            [
              -118.411775,
              34.028641
            ],
            [
              -118.410598,
              34.027114
            ],
            [
              -118.409515,
              34.027693
            ],
            [
              -118.408527,
              34.026412
            ],
            [
              -118.40736,
              34.024898
            ],
            [
              -118.408444,
              34.024319
            ],
            [
              -118.4095,
              34.023755
            ],
            [
              -118.410461,
              34.023242
            ],
            [
              -118.411014,
              34.023959
            ],
            [
              -118.411628,
              34.024756
            ],
            [
              -118.412077,
              34.025338
            ],
            [
              -118.412616,
              34.026038
            ],
            [
              -118.41327,
              34.026886
            ],
            [
              -118.413793,
              34.027564
            ]
          ]
        ],
        "type": "Polygon"
      },
      "properties": {
        "ALAND": 169898.0,
        "COUNTYFP": "037",
        "GEOID": "06037269909",
        "INTPTLAT": "+34.0259582",
        "INTPTLON": "-118.4105667",
        "NAME": "269909",
        "NAMELSAD": "Census Tract 269909",
        "STATEFP": "06",
        "TRACTCE": "269909"
      },
      "type": "Feature"
    },
    {
      "geometry": {
        "coordinates": [
          [
            [
              -118.403557,
              34.029109
            ],
            [
              -118.40348,
              34.029204
            ],
            [
              -118.403292,
              34.029436
            ],
            [
              -118.403202,
              34.029546
            ],
            [
              -118.401213,
              34.029371
            ],
            [
              -118.398207,
              34.029107
            ],
            [
              -118.396973,
              34.029012
            ],
            [
              -118.396855,
              34.029008
            ],
            [
              -118.396675,
              34.029002
            ],
            [
              -118.396391,
              34.029002
            ],
            [
              -118.396099,
              34.029011
            ],
            [
              -118.395808,
              34.029027
            ],
            [
              -118.395663,
              34.029039
            ],
            [
              -118.395051,
              34.029109
            ],
            [
              -118.394654,
              34.029176
            ],
            [
              -118.394371,
              34.029235
            ],
            [
              -118.39409,
              34.029302
            ],
            [
              -118.394059,
              34.02931
            ],
            [
              -118.393812,
              34.029377
            ],
            [
              -118.393537,
              34.02946
            ],
            [
              -118.393132,
              34.029599
            ],
            [
              -118.392867,
              34.029702
            ],
            [
              -118.392794,
              34.029735
            ],
            [
              -118.392467,
              34.029882
            ],
            [
              -118.3923,
              34.02996
            ],
            [
              -118.391929,
              34.030153
            ],
            [
              -118.391696,
              34.030286
            ],
            [
              -118.391271,
              34.030536
            ],
            [
              -118.39104,
              34.030673
            ],
            [
              -118.390919,
              34.030744
            ],
            [
              -118.390469,
              34.03101
            ],
            [
              -118.390335,
              34.030919
            ],
            [
              -118.390042,
              34.030719
            ],
            [
              -118.389663,
              34.030445
            ],
            [
              -118.38834,
              34.029485
            ],
            [
              -118.388058,
              34.02928
            ],
            [
              -118.387812,
              34.029102
            ],
            [
              -118.38776,
              34.029064
            ],
            [
              -118.388154,
              34.028839
            ],
            [
              -118.389115,
              34.028285
            ],
            [
              -118.389393,
              34.028124
            ],
            [
              -118.389907,
              34.027835
            ],
            [
              -118.38998,
              34.027791
            ],
            [
              -118.390371,
              34.027563
            ],
            [
              -118.390981,
              34.027214
            ],
            [
              -118.391544,
              34.026893
            ],
            [
              -118.392432,
              34.026387
            ],
            [
              -118.392622,
              34.026278
            ],
            [
              -118.392762,
              34.026199
            ],
            [
              -118.393207,
              34.025693
            ],
            [
              -118.393479,
              34.025386
            ],
            [
              -118.393637,
              34.025457
            ],
            [
              -118.393803,
              34.025532
            ],
            [
              -118.393937,
              34.025706
            ],
            [
              -118.394197,
              34.025559
            ],
            [
              -118.394062,
              34.025385
            ],
            [
              -118.394084,
              34.02531
            ],
            [
              -118.394286,
              34.025192
            ],
            [
              -118.394321,
              34.025237
            ],
            [
              -118.394594,
              34.025082
            ],
            [
              -118.394706,
              34.025002
            ],
            [
              -118.394765,
              34.025075
            ],
            [
              -118.39497,
              34.025341
            ],
            [
              -118.395173,
              34.025604
            ],
            [
              -118.395499,
              34.026027
            ],
            [
              -118.396738,
              34.027635
            ],
            [
              -118.397683,
              34.02713
            ],
            [
              -118.398601,
              34.02664
            ],
            [
              -118.398865,
              34.026983
            ],
            [
              -118.399418,
              34.027312
            ],
            [
              -118.400212,
              34.027782
            ],
            [
              -118.401041,
              34.028274
            ],
            [
              -118.402149,
              34.027681
            ],
            [
              -118.403186,
              34.029027
            ],
            [
              -118.403594,
              34.029064
            ],
            [
              -118.403557,
              34.029109
            ]
          ]
        ],
        "type": "Polygon"
      },
      "properties": {
        "ALAND": 374512.0,
        "COUNTYFP": "037",
        "GEOID": "06037270101",
        "INTPTLAT": "+34.0282202",
        "INTPTLON": "-118.3947356",
        "NAME": "270101",
        "NAMELSAD": "Census Tract 270101",
        "STATEFP": "06",
        "TRACTCE": "270101"
      },
      "type": "Feature"
    },
    {
      "geometry": {
        "coordinates": [
          [
            [
              -118.402149,
              34.027681
            ],
            [
              -118.401041,
              34.028274
            ],
            [
              -118.400212,
              34.027782
            ],
            [
              -118.399418,
              34.027312
            ],
            [
              -118.398865,
              34.026983
            ],
            [
              -118.398601,
              34.02664
            ],
            [
              -118.397683,
              34.02713
            ],
            [
              -118.396738,
              34.027635
            ],
            [
              -118.395499,
              34.026027
            ],
            [
              -118.395173,
              34.025604
            ],
            [
              -118.39497,
              34.025341
            ],
            [
              -118.394765,
              34.025075
            ],
            [
              -118.394706,
              34.025002
            ],
            [
              -118.394809,
              34.024929
            ],
            [
              -118.395546,
              34.02451
            ],
            [
              -118.395651,
              34.024492
            ],
            [
              -118.395754,
              34.024475
            ],
            [
              -118.396573,
              34.02401
            ],
            [
              -118.39705,
              34.023739
            ],
            [
              -118.397006,
              34.023681
            ],
            [
              -118.397484,
              34.023409
            ],
            [
              -118.39835,
              34.022917
            ],
            [
              -118.397481,
              34.021789
            ],
            [
              -118.397535,
              34.021738
            ],
            [
              -118.397653,
              34.02185
            ],
            [
              -118.398705,
              34.023214
            ],
            [
              -118.39891,
              34.02348
            ],
            [
              -118.40056,
              34.025621
            ],
            [
              -118.401151,
              34.026387
            ],
            [
              -118.40164,
              34.027021
            ],
            [
              -118.402149,
              34.027681
            ]
          ]
        ],
        "type": "Polygon"
      },
      "properties": {
        "ALAND": 196322.0,
        "COUNTYFP": "037",
        "GEOID": "06037270102",
        "INTPTLAT": "+34.0256717",
        "INTPTLON": "-118.3983188",
        "NAME": "270102",
        "NAMELSAD": "Census Tract 270102",
        "STATEFP": "06",
        "TRACTCE": "270102"
      },
      "type": "Feature"
    },
    {
      "geometry": {
        "coordinates": [
          [
            [
              -118.437415,
              34.03482
            ],
            [
              -118.437145,
              34.034866
            ],
            [
              -118.436312,
              34.03501
            ],
            [
              -118.434213,
              34.035362
            ],
            [
              -118.432612,
              34.03561
            ],
            [
              -118.431166,
              34.035827
            ],
            [
              -118.430021,
              34.035992
            ],
            [
              -118.428931,
              34.03615
            ],
            [
              -118.42784,
              34.036308
            ],
            [
              -118.426797,
              34.036459
            ],
            [
              -118.425688,
              34.036619
            ],
            [
              -118.424909,
              34.036704
            ],
            [
              -118.421173,
              34.03714
            ],
            [
              -118.421058,
              34.03699
            ],
            [
              -118.420557,
              34.03634
            ],
            [
              -118.420016,
              34.035638
            ],
            [
              -118.419347,
              34.03477
            ],
            [
              -118.419044,
              34.034377
            ],
            [
              -118.418873,
              34.034148
            ],
            [
              -118.418298,
              34.033377
            ],
            [
              -118.417641,
              34.032515
            ],
            [
              -118.417609,
              34.032473
            ],
            [
              -118.417585,
              34.032442
            ],
            [
              -118.417511,
              34.032394
            ],
            [
              -118.417427,
              34.032339
            ],
            [
              -118.41732,
              34.032203
            ],
            [
              -118.417147,
              34.031984
            ],
            [
              -118.417136,
              34.03197
            ],
            [
              -118.41709,
              34.031911
            ],
            [
              -118.416927,
              34.031705
            ],
            [
              -118.41707,
              34.031704
            ],
            [
              -118.418691,
              34.031696
            ],
            [
              -118.418966,
              34.031686
            ],
            [
              -118.419124,
              34.03168
            ],
            [
              -118.419224,
              34.031677
            ],
            [
              -118.420888,
              34.031668
            ],
            [
              -118.421792,
              34.031663
            ],
            [
              -118.422974,
              34.031657
            ],
            [
              -118.423915,
              34.031652
            ],
            [
              -118.424048,
              34.031652
            ],
            [
              -118.42469,
              34.031653
            ],
            [
              -118.426664,
              34.031659
            ],
            [
              -118.427874,
              34.031663
            ],
            [
              -118.428028,
              34.031664
            ],
            [
              -118.428074,
              34.031663
            ],
            [
              -118.428579,
              34.031655
            ],
            [
              -118.429038,
              34.031642
            ],
            [
              -118.429496,
              34.031623
            ],
            [
              -118.429955,
              34.031597
            ],
            [
              -118.430303,
              34.031572
            ],
            [
              -118.430736,
              34.031539
            ],
            [
              -118.431267,
              34.031486
            ],
            [
              -118.431434,
              34.031469
            ],
            [
              -118.432101,
              34.031388
            ],
            [
              -118.433324,
              34.03122
            ],
            [
              -118.433365,
              34.031214
            ],
            [
              -118.43338,
              34.031234
            ],
            [
              -118.433478,
              34.031358
            ],
            [
              -118.433606,
              34.031509
            ],
            [
              -118.43375,
              34.031663
            ],
            [
              -118.433979,
              34.031886
            ],
            [
              -118.434221,
              34.032098
            ],
            [
              -118.434476,
              34.0323
            ],
            [
              -118.43468,
              34.032447
            ],
            [
              -118.434878,
              34.032585
            ],
            [
              -118.435804,
              34.033234
            ],
            [
              -118.436055,
              34.03342
            ],
            [
              -118.436345,
              34.033659
            ],
            [
              -118.436403,
              34.033709
            ],
            [
              -118.43662,
              34.03391
            ],
            [
              -118.436879,
              34.034172
            ],
            [
              -118.437043,
              34.034353
            ],
            [
              -118.43727,
              34.03463
            ],
            [
              -118.437415,
              34.03482
            ]
          ]
        ],
        "type": "Polygon"
      },
      "properties": {
        "ALAND": 804371.0,
        "COUNTYFP": "037",
        "GEOID": "06037271100",
        "INTPTLAT": "+34.0339126",
        "INTPTLON": "-118.4268131",
        "NAME": "271100",
        "NAMELSAD": "Census Tract 271100",
        "STATEFP": "06",
        "TRACTCE": "271100"
      },
      "type": "Feature"
    },
    {
      "geometry": {
        "coordinates": [
          [
            [
              -118.452974,
              34.028011
            ],
            [
              -118.452905,
              34.028037
            ],
            [
              -118.452134,
              34.02842
            ],
            [
              -118.451981,
              34.028496
            ],
            [
              -118.451232,
              34.028867
            ],
            [
              -118.450203,
              34.029377
            ],
            [
              -118.449156,
              34.029896
            ],
            [
              -118.447795,
              34.030571
            ],
            [
              -118.447542,
              34.030696
            ],
            [
              -118.445703,
              34.031608
            ],
            [
              -118.444679,
              34.032115
            ],
            [
              -118.443957,
              34.032473
            ],
            [
              -118.443661,
              34.03262
            ],
            [
              -118.441702,
              34.033738
            ],
            [
              -118.441684,
              34.0338
            ],
            [
              -118.441655,
              34.033817
            ],
            [
              -118.441327,
              34.033955
            ],
            [
              -118.441091,
              34.034055
            ],
            [
              -118.440718,
              34.034213
            ],
            [
              -118.440402,
              34.034346
            ],
            [
              -118.439693,
              34.034698
            ],
            [
              -118.438679,
              34.0352
            ],
            [
              -118.438263,
              34.035406
            ],
            [
              -118.438094,
              34.03549
            ],
            [
              -118.437997,
              34.035538
            ],
            [
              -118.437894,
              34.035589
            ],
            [
              -118.437809,
              34.035422
            ],
            [
              -118.437628,
              34.035117
            ],
            [
              -118.437535,
              34.034977
            ],
            [
              -118.437491,
              34.03492
            ],
            [
              -118.437415,
              34.03482
            ],
            [
              -118.43727,
              34.03463
            ],
            [
              -118.437043,
              34.034353
            ],
            [
              -118.436879,
              34.034172
            ],
            [
              -118.43662,
              34.03391
            ],
            [
              -118.436403,
              34.033709
            ],
            [
              -118.436345,
              34.033659
            ],
            [
              -118.436055,
              34.03342
            ],
            [
              -118.435804,
              34.033234
            ],
            [
              -118.434878,
              34.032585
            ],
            [
              -118.43468,
              34.032447
            ],
            [
              -118.434476,
              34.0323
            ],
            [
              -118.434221,
              34.032098
            ],
            [
              -118.433979,
              34.031886
            ],
            [
              -118.43375,
              34.031663
            ],
            [
              -118.433606,
              34.031509
            ],
            [
              -118.433478,
              34.031358
            ],
            [
              -118.43338,
              34.031234
            ],
            [
              -118.433365,
              34.031214
            ],
            [
              -118.433617,
              34.031169
            ],
            [
              -118.435156,
              34.030963
            ],
            [
              -118.436573,
              34.030764
            ],
            [
              -118.436754,
              34.030732
            ],
            [
              -118.43698,
              34.030692
            ],
            [
              -118.437688,
              34.030594
            ],
            [
              -118.438196,
              34.030518
            ],
            [
              -118.440148,
              34.030242
            ],
            [
              -118.440655,
              34.030171
            ],
            [
              -118.440957,
              34.030128
            ],
            [
              -118.441504,
              34.030039
            ],
            [
              -118.442304,
              34.029894
            ],
            [
              -118.442765,
              34.029799
            ],
            [
              -118.442823,
              34.029789
            ],
            [
              -118.442959,
              34.02976
            ],
            [
              -118.442974,
              34.02978
            ],
            [
              -118.442981,
              34.029755
            ],
            [
              -118.443101,
              34.029729
            ],
            [
              -118.443527,
              34.029633
            ],
            [
              -118.444042,
              34.029506
            ],
            [
              -118.444134,
              34.029483
            ],
            [
              -118.444248,
              34.029455
            ],
            [
              -118.444323,
              34.029437
            ],
            [
              -118.444382,
              34.029422
            ],
            [
              -118.446222,
              34.028949
            ],
            [
              -118.447238,
              34.028679
            ],
            [
              -118.447752,
              34.028543
            ],
            [
              -118.448203,
              34.028423
            ],
            [
              -118.449207,
              34.028157
            ],
            [
              -118.450382,
              34.027848
            ],
            [
              -118.450649,
              34.027778
            ],
            [
              -118.45099,
              34.027706
            ],
            [
              -118.451334,
              34.027649
            ],
            [
              -118.451683,
              34.027606
            ],
            [
              -118.452033,
              34.027579
            ],
            [
              -118.452267,
              34.02757
            ],
            [
              -118.452506,
              34.027571
            ],
            [
              -118.452634,
              34.027571
            ],
            [
              -118.452675,
              34.027569
            ],
            [
              -118.452685,
              34.027581
            ],
            [
              -118.452837,
              34.027765
            ],
            [
              -118.452857,
              34.027789
            ],
            [
              -118.452886,
              34.027823
            ],
            [
              -118.4529,
              34.02784
            ],
            [
              -118.453,
              34.027961
            ],
            [
              -118.452974,
              34.028011
            ]
          ]
        ],
        "type": "Polygon"
      },
      "properties": {
        "ALAND": 524468.0,
        "COUNTYFP": "037",
        "GEOID": "06037271200",
        "INTPTLAT": "+34.0313918",
        "INTPTLON": "-118.4420025",
        "NAME": "271200",
        "NAMELSAD": "Census Tract 271200",
        "STATEFP": "06",
        "TRACTCE": "271200"
      },
      "type": "Feature"
    },
    {
      "geometry": {
        "coordinates": [
          [
            [
              -118.452634,
              34.027571
            ],
            [
              -118.452506,
              34.027571
            ],
            [
              -118.452267,
              34.02757
            ],
            [
              -118.452033,
              34.027579
            ],
            [
              -118.451683,
              34.027606
            ],
            [
              -118.451334,
              34.027649
            ],
            [
              -118.45099,
              34.027706
            ],
            [
              -118.450649,
              34.027778
            ],
            [
              -118.450382,
              34.027848
            ],
            [
              -118.449207,
              34.028157
            ],
            [
              -118.448203,
              34.028423
            ],
            [
              -118.447752,
              34.028543
            ],
            [
              -118.447238,
              34.028679
            ],
            [
              -118.446222,
              34.028949
            ],
            [
              -118.444382,
              34.029422
            ],
            [
              -118.444323,
              34.029437
            ],
            [
              -118.444248,
              34.029455
            ],
            [
              -118.444134,
              34.029483
            ],
            [
              -118.444042,
              34.029506
            ],
            [
              -118.443527,
              34.029633
            ],
            [
              -118.443101,
              34.029729
            ],
            [
              -118.442981,
              34.029755
            ],
            [
              -118.442974,
              34.02978
            ],
            [
              -118.442959,
              34.02976
            ],
            [
              -118.442823,
              34.029789
            ],
            [
              -118.442765,
              34.029799
            ],
            [
              -118.442304,
              34.029894
            ],
            [
              -118.441504,
              34.030039
            ],
            [
              -118.440957,
              34.030128
            ],
            [
              -118.440655,
              34.030171
            ],
            [
              -118.440148,
              34.030242
            ],
            [
              -118.438196,
              34.030518
            ],
            [
              -118.437688,
              34.030594
            ],
            [
              -118.43698,
              34.030692
            ],
            [
              -118.436754,
              34.030732
            ],
            [
              -118.436573,
              34.030764
            ],
            [
              -118.435156,
              34.030963
            ],
            [
              -118.433617,
              34.031169
            ],
            [
              -118.433365,
              34.031214
            ],
            [
              -118.433211,
              34.03102
            ],
            [
              -118.432448,
              34.030056
            ],
            [
              -118.431726,
              34.029143
            ],
            [
              -118.431591,
              34.028974
            ],
            [
              -118.430251,
              34.027285
            ],
            [
              -118.429945,
              34.026899
            ],
            [
              -118.429918,
              34.026861
            ],
            [
              -118.430128,
              34.026778
            ],
            [
              -118.430338,
              34.026695
            ],
            [
              -118.430476,
              34.02664
            ],
            [
              -118.430588,
              34.026596
            ],
            [
              -118.431423,
              34.026265
            ],
            [
              -118.432377,
              34.025792
            ],
            [
              -118.432755,
              34.025604
            ],
            [
              -118.434113,
              34.024932
            ],
            [
              -118.436618,
              34.02369
            ],
            [
              -118.43865,
              34.022683
            ],
            [
              -118.438799,
              34.022609
            ],
            [
              -118.439512,
              34.022256
            ],
            [
              -118.440249,
              34.02189
            ],
            [
              -118.440987,
              34.021524
            ],
            [
              -118.442788,
              34.020632
            ],
            [
              -118.443635,
              34.020445
            ],
            [
              -118.443809,
              34.020386
            ],
            [
              -118.444698,
              34.020032
            ],
            [
              -118.4448,
              34.019991
            ],
            [
              -118.444914,
              34.019945
            ],
            [
              -118.44491,
              34.0199
            ],
            [
              -118.444872,
              34.019541
            ],
            [
              -118.444841,
              34.019351
            ],
            [
              -118.444802,
              34.019162
            ],
            [
              -118.44473,
              34.018881
            ],
            [
              -118.444639,
              34.018603
            ],
            [
              -118.44457,
              34.01842
            ],
            [
              -118.444451,
              34.01815
            ],
            [
              -118.444362,
              34.017973
            ],
            [
              -118.444266,
              34.017799
            ],
            [
              -118.444108,
              34.017543
            ],
            [
              -118.443994,
              34.017376
            ],
            [
              -118.443889,
              34.017233
            ],
            [
              -118.443827,
              34.017152
            ],
            [
              -118.443426,
              34.016625
            ],
            [
              -118.443517,
              34.016576
            ],
            [
              -118.443945,
              34.017093
            ],
            [
              -118.44527,
              34.018694
            ],
            [
              -118.445885,
              34.019437
            ],
            [
              -118.445927,
              34.01942
            ],
            [
              -118.446387,
              34.019976
            ],
            [
              -118.447057,
              34.020785
            ],
            [
              -118.448345,
              34.02234
            ],
            [
              -118.448518,
              34.022549
            ],
            [
              -118.448763,
              34.022846
            ],
            [
              -118.448866,
              34.022971
            ],
            [
              -118.448929,
              34.023047
            ],
            [
              -118.449059,
              34.023203
            ],
            [
              -118.449212,
              34.023389
            ],
            [
              -118.449512,
              34.023751
            ],
            [
              -118.449812,
              34.024113
            ],
            [
              -118.450112,
              34.024475
            ],
            [
              -118.450321,
              34.024728
            ],
            [
              -118.450411,
              34.024837
            ],
            [
              -118.450562,
              34.025018
            ],
            [
              -118.450711,
              34.025199
            ],
            [
              -118.450862,
              34.02538
            ],
            [
              -118.451011,
              34.025561
            ],
            [
              -118.451063,
              34.025622
            ],
            [
              -118.451124,
              34.025696
            ],
            [
              -118.451273,
              34.025877
            ],
            [
              -118.451423,
              34.026058
            ],
            [
              -118.451573,
              34.026239
            ],
            [
              -118.451723,
              34.026421
            ],
            [
              -118.451873,
              34.026601
            ],
            [
              -118.452023,
              34.026782
            ],
            [
              -118.452173,
              34.026963
            ],
            [
              -118.452251,
              34.027058
            ],
            [
              -118.452323,
              34.027144
            ],
            [
              -118.452558,
              34.027428
            ],
            [
              -118.452675,
              34.027569
            ],
            [
              -118.452634,
              34.027571
            ]
          ]
        ],
        "type": "Polygon"
      },
      "properties": {
        "ALAND": 1470376.0,
        "COUNTYFP": "037",
        "GEOID": "06037271300",
        "INTPTLAT": "+34.0259601",
        "INTPTLON": "-118.4413946",
        "NAME": "271300",
        "NAMELSAD": "Census Tract 271300",
        "STATEFP": "06",
        "TRACTCE": "271300"
      },
      "type": "Feature"
    },
    {
      "geometry": {
        "coordinates": [
          [
            [
              -118.444914,
              34.019945
            ],
            [
              -118.4448,
              34.019991
            ],
            [
              -118.444698,
              34.020032
            ],
            [
              -118.443809,
              34.020386
            ],
            [
              -118.443635,
              34.020445
            ],
            [
              -118.442788,
              34.020632
            ],
            [
              -118.440987,
              34.021524
            ],
            [
              -118.440249,
              34.02189
            ],
            [
              -118.439512,
              34.022256
            ],
            [
              -118.438799,
              34.022609
            ],
            [
              -118.43865,
              34.022683
            ],
            [
              -118.438321,
              34.022266
            ],
            [
              -118.43783,
              34.021645
            ],
            [
              -118.437278,
              34.020947
            ],
            [
              -118.435617,
              34.018849
            ],
            [
              -118.435481,
              34.018701
            ],
            [
              -118.435371,
              34.018596
            ],
            [
              -118.435255,
              34.018495
            ],
            [
              -118.435091,
              34.018369
            ],
            [
              -118.434916,
              34.018253
            ],
            [
              -118.434733,
              34.018147
            ],
            [
              -118.434523,
              34.018044
            ],
            [
              -118.43435,
              34.017973
            ],
            [
              -118.434144,
              34.0179
            ],
            [
              -118.433933,
              34.01784
            ],
            [
              -118.433717,
              34.017793
            ],
            [
              -118.433497,
              34.017758
            ],
            [
              -118.432893,
              34.01769
            ],
            [
              -118.432667,
              34.017652
            ],
            [
              -118.432445,
              34.017601
            ],
            [
              -118.43217,
              34.017517
            ],
            [
              -118.431961,
              34.017437
            ],
            [
              -118.431759,
              34.017346
            ],
            [
              -118.431565,
              34.017242
            ],
            [
              -118.431425,
              34.017158
            ],
            [
              -118.431247,
              34.017035
            ],
            [
              -118.431225,
              34.017018
            ],
            [
              -118.431081,
              34.016903
            ],
            [
              -118.430963,
              34.016798
            ],
            [
              -118.430817,
              34.01665
            ],
            [
              -118.430683,
              34.016493
            ],
            [
              -118.430213,
              34.015898
            ],
            [
              -118.431091,
              34.015461
            ],
            [
              -118.431834,
              34.01509
            ],
            [
              -118.432052,
              34.014962
            ],
            [
              -118.432224,
              34.014843
            ],
            [
              -118.432452,
              34.01466
            ],
            [
              -118.432639,
              34.014478
            ],
            [
              -118.432775,
              34.014323
            ],
            [
              -118.433155,
              34.01382
            ],
            [
              -118.433312,
              34.013649
            ],
            [
              -118.433465,
              34.013505
            ],
            [
              -118.43363,
              34.013371
            ],
            [
              -118.433805,
              34.013247
            ],
            [
              -118.433943,
              34.01316
            ],
            [
              -118.434086,
              34.01308
            ],
            [
              -118.434304,
              34.012965
            ],
            [
              -118.4353,
              34.012438
            ],
            [
              -118.436486,
              34.01181
            ],
            [
              -118.437675,
              34.011181
            ],
            [
              -118.438816,
              34.010577
            ],
            [
              -118.440021,
              34.012157
            ],
            [
              -118.44202,
              34.014781
            ],
            [
              -118.442618,
              34.015565
            ],
            [
              -118.443163,
              34.01628
            ],
            [
              -118.443426,
              34.016625
            ],
            [
              -118.443827,
              34.017152
            ],
            [
              -118.443889,
              34.017233
            ],
            [
              -118.443994,
              34.017376
            ],
            [
              -118.444108,
              34.017543
            ],
            [
              -118.444266,
              34.017799
            ],
            [
              -118.444362,
              34.017973
            ],
            [
              -118.444451,
              34.01815
            ],
            [
              -118.44457,
              34.01842
            ],
            [
              -118.444639,
              34.018603
            ],
            [
              -118.44473,
              34.018881
            ],
            [
              -118.444802,
              34.019162
            ],
            [
              -118.444841,
              34.019351
            ],
            [
              -118.444872,
              34.019541
            ],
            [
              -118.44491,
              34.0199
            ],
            [
              -118.444914,
              34.019945
            ]
          ]
        ],
        "type": "Polygon"
      },
      "properties": {
        "ALAND": 910071.0,
        "COUNTYFP": "037",
        "GEOID": "06037271500",
        "INTPTLAT": "+34.0166821",
        "INTPTLON": "-118.4382414",
        "NAME": "271500",
        "NAMELSAD": "Census Tract 271500",
        "STATEFP": "06",
        "TRACTCE": "271500"
      },
      "type": "Feature"
    },
    {
      "geometry": {
        "coordinates": [
          [
            [
              -118.43865,
              34.022683
            ],
            [
              -118.436618,
              34.02369
            ],
            [
              -118.434113,
              34.024932
            ],
            [
              -118.432755,
              34.025604
            ],
            [
              -118.432377,
              34.025792
            ],
            [
              -118.431423,
              34.026265
            ],
            [
              -118.430588,
              34.026596
            ],
            [
              -118.430476,
              34.02664
            ],
            [
              -118.430338,
              34.026695
            ],
            [
              -118.430128,
              34.026778
            ],
            [
              -118.429918,
              34.026861
            ],
            [
              -118.429886,
              34.026825
            ],
            [
              -118.427832,
              34.024246
            ],
            [
              -118.427406,
              34.023728
            ],
            [
              -118.424725,
              34.020332
            ],
            [
              -118.424607,
              34.020185
            ],
            [
              -118.424528,
              34.02009
            ],
            [
              -118.423511,
              34.018841
            ],
            [
              -118.423561,
              34.01883
            ],
            [
              -118.423797,
              34.018777
            ],
            [
              -118.423853,
              34.018764
            ],
            [
              -118.424165,
              34.018695
            ],
            [
              -118.424359,
              34.018642
            ],
            [
              -118.42452,
              34.018589
            ],
            [
              -118.424729,
              34.018508
            ],
            [
              -118.424881,
              34.01844
            ],
            [
              -118.42515,
              34.018307
            ],
            [
              -118.425182,
              34.018291
            ],
            [
              -118.425266,
              34.018249
            ],
            [
              -118.42539,
              34.018188
            ],
            [
              -118.427805,
              34.016989
            ],
            [
              -118.428736,
              34.016527
            ],
            [
              -118.429098,
              34.016347
            ],
            [
              -118.429325,
              34.016259
            ],
            [
              -118.43007,
              34.015969
            ],
            [
              -118.430213,
              34.015898
            ],
            [
              -118.430683,
              34.016493
            ],
            [
              -118.430817,
              34.01665
            ],
            [
              -118.430963,
              34.016798
            ],
            [
              -118.431081,
              34.016903
            ],
            [
              -118.431225,
              34.017018
            ],
            [
              -118.431247,
              34.017035
            ],
            [
              -118.431425,
              34.017158
            ],
            [
              -118.431565,
              34.017242
            ],
            [
              -118.431759,
              34.017346
            ],
            [
              -118.431961,
              34.017437
            ],
            [
              -118.43217,
              34.017517
            ],
            [
              -118.432445,
              34.017601
            ],
            [
              -118.432667,
              34.017652
            ],
            [
              -118.432893,
              34.01769
            ],
            [
              -118.433497,
              34.017758
            ],
            [
              -118.433717,
              34.017793
            ],
            [
              -118.433933,
              34.01784
            ],
            [
              -118.434144,
              34.0179
            ],
            [
              -118.43435,
              34.017973
            ],
            [
              -118.434523,
              34.018044
            ],
            [
              -118.434733,
              34.018147
            ],
            [
              -118.434916,
              34.018253
            ],
            [
              -118.435091,
              34.018369
            ],
            [
              -118.435255,
              34.018495
            ],
            [
              -118.435371,
              34.018596
            ],
            [
              -118.435481,
              34.018701
            ],
            [
              -118.435617,
              34.018849
            ],
            [
              -118.437278,
              34.020947
            ],
            [
              -118.43783,
              34.021645
            ],
            [
              -118.438321,
              34.022266
            ],
            [
              -118.43865,
              34.022683
            ]
          ]
        ],
        "type": "Polygon"
      },
      "properties": {
        "ALAND": 901115.0,
        "COUNTYFP": "037",
        "GEOID": "06037271600",
        "INTPTLAT": "+34.0210549",
        "INTPTLON": "-118.4304607",
        "NAME": "271600",
        "NAMELSAD": "Census Tract 271600",
        "STATEFP": "06",
        "TRACTCE": "271600"
      },
      "type": "Feature"
    },
    {
      "geometry": {
        "coordinates": [
          [
            [
              -118.433324,
              34.03122
            ],
            [
              -118.432101,
              34.031388
            ],
            [
              -118.431434,
              34.031469
            ],
            [
              -118.431267,
              34.031486
            ],
            [
              -118.430736,
              34.031539
            ],
            [
              -118.430303,
              34.031572
            ],
            [
              -118.429955,
              34.031597
            ],
            [
              -118.429496,
              34.031623
            ],
            [
              -118.429038,
              34.031642
            ],
            [
              -118.428579,
              34.031655
            ],
            [
              -118.428074,
              34.031663
            ],
            [
              -118.428028,
              34.031664
            ],
            [
              -118.427874,
              34.031663
            ],
            [
              -118.427768,
              34.03153
            ],
            [
              -118.427546,
              34.031249
            ],
            [
              -118.426859,
              34.030381
            ],
            [
              -118.425781,
              34.029016
            ],
            [
              -118.425439,
              34.028634
            ],
            [
              -118.425292,
              34.028449
            ],
            [
              -118.424839,
              34.027875
            ],
            [
              -118.423263,
              34.025881
            ],
            [
              -118.420832,
              34.022805
            ],
            [
              -118.419201,
              34.02074
            ],
            [
              -118.419948,
              34.020376
            ],
            [
              -118.42073,
              34.019995
            ],
            [
              -118.42223,
              34.019265
            ],
            [
              -118.422491,
              34.019141
            ],
            [
              -118.422698,
              34.019057
            ],
            [
              -118.422912,
              34.018985
            ],
            [
              -118.422956,
              34.018973
            ],
            [
              -118.423131,
              34.018926
            ],
            [
              -118.423288,
              34.018891
            ],
            [
              -118.423511,
              34.018841
            ],
            [
              -118.424528,
              34.02009
            ],
            [
              -118.424607,
              34.020185
            ],
            [
              -118.424725,
              34.020332
            ],
            [
              -118.427406,
              34.023728
            ],
            [
              -118.427832,
              34.024246
            ],
            [
              -118.429886,
              34.026825
            ],
            [
              -118.429918,
              34.026861
            ],
            [
              -118.429945,
              34.026899
            ],
            [
              -118.430251,
              34.027285
            ],
            [
              -118.431591,
              34.028974
            ],
            [
              -118.431726,
              34.029143
            ],
            [
              -118.432448,
              34.030056
            ],
            [
              -118.433211,
              34.03102
            ],
            [
              -118.433365,
              34.031214
            ],
            [
              -118.433324,
              34.03122
            ]
          ]
        ],
        "type": "Polygon"
      },
      "properties": {
        "ALAND": 697727.0,
        "COUNTYFP": "037",
        "GEOID": "06037271702",
        "INTPTLAT": "+34.0251282",
        "INTPTLON": "-118.4259054",
        "NAME": "271702",
        "NAMELSAD": "Census Tract 271702",
        "STATEFP": "06",
        "TRACTCE": "271702"
      },
      "type": "Feature"
    },
    {
      "geometry": {
        "coordinates": [
          [
            [
              -118.425439,
              34.028634
            ],
            [
              -118.425206,
              34.028726
            ],
            [
              -118.424498,
              34.029007
            ],
            [
              -118.423573,
              34.029373
            ],
            [
              -118.422849,
              34.029659
            ],
            [
              -118.422647,
              34.029739
            ],
            [
              -118.420705,
              34.027283
            ],
            [
              -118.419473,
              34.025724
            ],
            [
              -118.418274,
              34.024207
            ],
            [
              -118.417854,
              34.024437
            ],
            [
              -118.417442,
              34.024657
            ],
            [
              -118.416041,
              34.025404
            ],
            [
              -118.415601,
              34.02564
            ],
            [
              -118.41327,
              34.026886
            ],
            [
              -118.412616,
              34.026038
            ],
            [
              -118.412077,
              34.025338
            ],
            [
              -118.411628,
              34.024756
            ],
            [
              -118.411678,
              34.024685
            ],
            [
              -118.411768,
              34.024605
            ],
            [
              -118.411997,
              34.02444
            ],
            [
              -118.412149,
              34.02434
            ],
            [
              -118.413551,
              34.023559
            ],
            [
              -118.413866,
              34.023405
            ],
            [
              -118.414138,
              34.023272
            ],
            [
              -118.414981,
              34.022821
            ],
            [
              -118.416561,
              34.022039
            ],
            [
              -118.417436,
              34.021609
            ],
            [
              -118.418311,
              34.021178
            ],
            [
              -118.419201,
              34.02074
            ],
            [
              -118.420832,
              34.022805
            ],
            [
              -118.423263,
              34.025881
            ],
            [
              -118.424839,
              34.027875
            ],
            [
              -118.425292,
              34.028449
            ],
            [
              -118.425439,
              34.028634
            ]
          ]
        ],
        "type": "Polygon"
      },
      "properties": {
        "ALAND": 453321.0,
        "COUNTYFP": "037",
        "GEOID": "06037271703",
        "INTPTLAT": "+34.0229895",
        "INTPTLON": "-118.4150805",
        "NAME": "271703",
        "NAMELSAD": "Census Tract 271703",
        "STATEFP": "06",
        "TRACTCE": "271703"
      },
      "type": "Feature"
    },
    {
      "geometry": {
        "coordinates": [
          [
            [
              -118.427874,
              34.031663
            ],
            [
              -118.426664,
              34.031659
            ],
            [
              -118.42469,
              34.031653
            ],
            [
              -118.424048,
              34.031652
            ],
            [
              -118.423915,
              34.031652
            ],
            [
              -118.422974,
              34.031657
            ],
            [
              -118.421792,
              34.031663
            ],
            [
              -118.420888,
              34.031668
            ],
            [
              -118.419224,
              34.031677
            ],
            [
              -118.419124,
              34.03168
            ],
            [
              -118.418966,
              34.031686
            ],
            [
              -118.418691,
              34.031696
            ],
            [
              -118.41707,
              34.031704
            ],
            [
              -118.416927,
              34.031705
            ],
            [
              -118.416828,
              34.031579
            ],
            [
              -118.41677,
              34.031507
            ],
            [
              -118.416325,
              34.030943
            ],
            [
              -118.416276,
              34.030786
            ],
            [
              -118.415302,
              34.029523
            ],
            [
              -118.41529,
              34.029507
            ],
            [
              -118.415094,
              34.029254
            ],
            [
              -118.414585,
              34.028594
            ],
            [
              -118.414096,
              34.027959
            ],
            [
              -118.413793,
              34.027564
            ],
            [
              -118.41327,
              34.026886
            ],
            [
              -118.415601,
              34.02564
            ],
            [
              -118.416041,
              34.025404
            ],
            [
              -118.417442,
              34.024657
            ],
            [
              -118.417854,
              34.024437
            ],
            [
              -118.418274,
              34.024207
            ],
            [
              -118.419473,
              34.025724
            ],
            [
              -118.420705,
              34.027283
            ],
            [
              -118.422647,
              34.029739
            ],
            [
              -118.422849,
              34.029659
            ],
            [
              -118.423573,
              34.029373
            ],
            [
              -118.424498,
              34.029007
            ],
            [
              -118.425206,
              34.028726
            ],
            [
              -118.425439,
              34.028634
            ],
            [
              -118.425781,
              34.029016
            ],
            [
              -118.426859,
              34.030381
            ],
            [
              -118.427546,
              34.031249
            ],
            [
              -118.427768,
              34.03153
            ],
            [
              -118.427874,
              34.031663
            ]
          ]
        ],
        "type": "Polygon"
      },
      "properties": {
        "ALAND": 543743.0,
        "COUNTYFP": "037",
        "GEOID": "06037271704",
        "INTPTLAT": "+34.0288890",
        "INTPTLON": "-118.4195622",
        "NAME": "271704",
        "NAMELSAD": "Census Tract 271704",
        "STATEFP": "06",
        "TRACTCE": "271704"
      },
      "type": "Feature"
    },
    {
      "geometry": {
        "coordinates": [
          [
            [
              -118.423288,
              34.018891
            ],
            [
              -118.423131,
              34.018926
            ],
            [
              -118.422956,
              34.018973
            ],
            [
              -118.422912,
              34.018985
            ],
            [
              -118.422698,
              34.019057
            ],
            [
              -118.422491,
              34.019141
            ],
            [
              -118.42223,
              34.019265
            ],
            [
              -118.42073,
              34.019995
            ],
            [
              -118.419948,
              34.020376
            ],
            [
              -118.419201,
              34.02074
            ],
            [
              -118.418311,
              34.021178
            ],
            [
              -118.41698,
              34.019497
            ],
            [
              -118.416888,
              34.019402
            ],
            [
              -118.416765,
              34.019297
            ],
            [
              -118.416652,
              34.019218
            ],
            [
              -118.416508,
              34.019135
            ],
            [
              -118.416353,
              34.019065
            ],
            [
              -118.416284,
              34.019039
            ],
            [
              -118.414829,
              34.017193
            ],
            [
              -118.413325,
              34.015286
            ],
            [
              -118.412973,
              34.015487
            ],
            [
              -118.412762,
              34.015263
            ],
            [
              -118.413729,
              34.01471
            ],
            [
              -118.413749,
              34.014699
            ],
            [
              -118.41471,
              34.014149
            ],
            [
              -118.415208,
              34.013864
            ],
            [
              -118.415717,
              34.013574
            ],
            [
              -118.415731,
              34.013566
            ],
            [
              -118.41692,
              34.012887
            ],
            [
              -118.417094,
              34.012788
            ],
            [
              -118.41794,
              34.012276
            ],
            [
              -118.418235,
              34.012109
            ],
            [
              -118.418287,
              34.012176
            ],
            [
              -118.41844,
              34.012364
            ],
            [
              -118.421583,
              34.016415
            ],
            [
              -118.422458,
              34.017494
            ],
            [
              -118.423511,
              34.018841
            ],
            [
              -118.423288,
              34.018891
            ]
          ]
        ],
        "type": "Polygon"
      },
      "properties": {
        "ALAND": 479928.0,
        "COUNTYFP": "037",
        "GEOID": "06037271801",
        "INTPTLAT": "+34.0167262",
        "INTPTLON": "-118.4182342",
        "NAME": "271801",
        "NAMELSAD": "Census Tract 271801",
        "STATEFP": "06",
        "TRACTCE": "271801"
      },
      "type": "Feature"
    },
    {
      "geometry": {
        "coordinates": [
          [
            [
              -118.412764,
              34.020983
            ],
            [
              -118.412216,
              34.021286
            ],
            [
              -118.411809,
              34.021512
            ],
            [
              -118.409929,
              34.022552
            ],
            [
              -118.409408,
              34.021875
            ],
            [
              -118.40878,
              34.021061
            ],
            [
              -118.407951,
              34.019985
            ],
            [
              -118.407068,
              34.01884
            ],
            [
              -118.406864,
              34.018574
            ],
            [
              -118.406918,
              34.018543
            ],
            [
              -118.408086,
              34.017877
            ],
            [
              -118.408678,
              34.017539
            ],
            [
              -118.408775,
              34.017484
            ],
            [
              -118.408792,
              34.017475
            ],
            [
              -118.409498,
              34.017072
            ],
            [
              -118.409512,
              34.017064
            ],
            [
              -118.410121,
              34.016719
            ],
            [
              -118.410835,
              34.016352
            ],
            [
              -118.410927,
              34.016651
            ],
            [
              -118.41247,
              34.018609
            ],
            [
              -118.413863,
              34.020375
            ],
            [
              -118.412764,
              34.020983
            ]
          ]
        ],
        "type": "Polygon"
      },
      "properties": {
        "ALAND": 228595.0,
        "COUNTYFP": "037",
        "GEOID": "06037271803",
        "INTPTLAT": "+34.0194715",
        "INTPTLON": "-118.4103492",
        "NAME": "271803",
        "NAMELSAD": "Census Tract 271803",
        "STATEFP": "06",
        "TRACTCE": "271803"
      },
      "type": "Feature"
    },
    {
      "geometry": {
        "coordinates": [
          [
            [
              -118.417436,
              34.021609
            ],
            [
              -118.416561,
              34.022039
            ],
            [
              -118.414981,
              34.022821
            ],
            [
              -118.414138,
              34.023272
            ],
            [
              -118.413866,
              34.023405
            ],
            [
              -118.413551,
              34.023559
            ],
            [
              -118.412149,
              34.02434
            ],
            [
              -118.411997,
              34.02444
            ],
            [
              -118.411768,
              34.024605
            ],
            [
              -118.411678,
              34.024685
            ],
            [
              -118.411628,
              34.024756
            ],
            [
              -118.411014,
              34.023959
            ],
            [
              -118.410461,
              34.023242
            ],
            [
              -118.409929,
              34.022552
            ],
            [
              -118.411809,
              34.021512
            ],
            [
              -118.412216,
              34.021286
            ],
            [
              -118.412764,
              34.020983
            ],
            [
              -118.413863,
              34.020375
            ],
            [
              -118.41247,
              34.018609
            ],
            [
              -118.410927,
              34.016651
            ],
            [
              -118.410835,
              34.016352
            ],
            [
              -118.41085,
              34.016344
            ],
            [
              -118.411762,
              34.015832
            ],
            [
              -118.411777,
              34.015824
            ],
            [
              -118.412762,
              34.015263
            ],
            [
              -118.412973,
              34.015487
            ],
            [
              -118.413325,
              34.015286
            ],
            [
              -118.414829,
              34.017193
            ],
            [
              -118.416284,
              34.019039
            ],
            [
              -118.416353,
              34.019065
            ],
            [
              -118.416508,
              34.019135
            ],
            [
              -118.416652,
              34.019218
            ],
            [
              -118.416765,
              34.019297
            ],
            [
              -118.416888,
              34.019402
            ],
            [
              -118.41698,
              34.019497
            ],
            [
              -118.418311,
              34.021178
            ],
            [
              -118.417436,
              34.021609
            ]
          ]
        ],
        "type": "Polygon"
      },
      "properties": {
        "ALAND": 348810.0,
        "COUNTYFP": "037",
        "GEOID": "06037271804",
        "INTPTLAT": "+34.0201691",
        "INTPTLON": "-118.4138661",
        "NAME": "271804",
        "NAMELSAD": "Census Tract 271804",
        "STATEFP": "06",
        "TRACTCE": "271804"
      },
      "type": "Feature"
    },
    {
      "geometry": {
        "coordinates": [
          [
            [
              -118.43007,
              34.015969
            ],
            [
              -118.429325,
              34.016259
            ],
            [
              -118.429098,
              34.016347
            ],
            [
              -118.428736,
              34.016527
            ],
            [
              -118.427805,
              34.016989
            ],
            [
              -118.42539,
              34.018188
            ],
            [
              -118.425266,
              34.018249
            ],
            [
              -118.425182,
              34.018291
            ],
            [
              -118.42515,
              34.018307
            ],
            [
              -118.424881,
              34.01844
            ],
            [
              -118.424729,
              34.018508
            ],
            [
              -118.42452,
              34.018589
            ],
            [
              -118.424359,
              34.018642
            ],
            [
              -118.424165,
              34.018695
            ],
            [
              -118.423853,
              34.018764
            ],
            [
              -118.423797,
              34.018777
            ],
            [
              -118.423561,
              34.01883
            ],
            [
              -118.423511,
              34.018841
            ],
            [
              -118.422458,
              34.017494
            ],
            [
              -118.421583,
              34.016415
            ],
            [
              -118.41844,
              34.012364
            ],
            [
              -118.418287,
              34.012176
            ],
            [
              -118.418235,
              34.012109
            ],
            [
              -118.418411,
              34.01201
            ],
            [
              -118.418456,
              34.011984
            ],
            [
              -118.418729,
              34.01183
            ],
            [
              -118.418766,
              34.011809
            ],
            [
              -118.419628,
              34.011319
            ],
            [
              -118.420526,
              34.010819
            ],
            [
              -118.420554,
              34.010803
            ],
            [
              -118.421329,
              34.01037
            ],
            [
              -118.421411,
              34.010324
            ],
            [
              -118.422261,
              34.00985
            ],
            [
              -118.42302,
              34.009421
            ],
            [
              -118.423779,
              34.008992
            ],
            [
              -118.424525,
              34.008572
            ],
            [
              -118.424683,
              34.008732
            ],
            [
              -118.426161,
              34.010595
            ],
            [
              -118.426561,
              34.011097
            ],
            [
              -118.427014,
              34.011665
            ],
            [
              -118.427595,
              34.012394
            ],
            [
              -118.427942,
              34.012965
            ],
            [
              -118.428021,
              34.01308
            ],
            [
              -118.42883,
              34.014107
            ],
            [
              -118.428881,
              34.014212
            ],
            [
              -118.430213,
              34.015898
            ],
            [
              -118.43007,
              34.015969
            ]
          ]
        ],
        "type": "Polygon"
      },
      "properties": {
        "ALAND": 637161.0,
        "COUNTYFP": "037",
        "GEOID": "06037271901",
        "INTPTLAT": "+34.0131825",
        "INTPTLON": "-118.4231336",
        "NAME": "271901",
        "NAMELSAD": "Census Tract 271901",
        "STATEFP": "06",
        "TRACTCE": "271901"
      },
      "type": "Feature"
    },
    {
      "geometry": {
        "coordinates": [
          [
            [
              -118.438816,
              34.010577
            ],
            [
              -118.437675,
              34.011181
            ],
            [
              -118.436486,
              34.01181
            ],
            [
              -118.4353,
              34.012438
            ],
            [
              -118.434304,
              34.012965
            ],
            [
              -118.434086,
              34.01308
            ],
            [
              -118.433943,
              34.01316
            ],
            [
              -118.433805,
              34.013247
            ],
            [
              -118.43363,
              34.013371
            ],
            [
              -118.433465,
              34.013505
            ],
            [
              -118.433312,
              34.013649
            ],
            [
              -118.433155,
              34.01382
            ],
            [
              -118.432775,
              34.014323
            ],
            [
              -118.432639,
              34.014478
            ],
            [
              -118.432452,
              34.01466
            ],
            [
              -118.432224,
              34.014843
            ],
            [
              -118.432052,
              34.014962
            ],
            [
              -118.431834,
              34.01509
            ],
            [
              -118.431091,
              34.015461
            ],
            [
              -118.430213,
              34.015898
            ],
            [
              -118.428881,
              34.014212
            ],
            [
              -118.42883,
              34.014107
            ],
            [
              -118.428021,
              34.01308
            ],
            [
              -118.427942,
              34.012965
            ],
            [
              -118.427595,
              34.012394
            ],
            [
              -118.427014,
              34.011665
            ],
            [
              -118.426561,
              34.011097
            ],
            [
              -118.426161,
              34.010595
            ],
            [
              -118.424683,
              34.008732
            ],
            [
              -118.424525,
              34.008572
            ],
            [
              -118.425003,
              34.008301
            ],
            [
              -118.428347,
              34.006413
            ],
            [
              -118.428828,
              34.006141
            ],
            [
              -118.431159,
              34.004825
            ],
            [
              -118.433473,
              34.003564
            ],
            [
              -118.433641,
              34.003785
            ],
            [
              -118.434702,
              34.005177
            ],
            [
              -118.435683,
              34.006464
            ],
            [
              -118.43593,
              34.006789
            ],
            [
              -118.43631,
              34.007288
            ],
            [
              -118.436666,
              34.007755
            ],
            [
              -118.437737,
              34.009154
            ],
            [
              -118.438313,
              34.009917
            ],
            [
              -118.438816,
              34.010577
            ]
          ]
        ],
        "type": "Polygon"
      },
      "properties": {
        "ALAND": 924201.0,
        "COUNTYFP": "037",
        "GEOID": "06037271902",
        "INTPTLAT": "+34.0096289",
        "INTPTLON": "-118.4316771",
        "NAME": "271902",
        "NAMELSAD": "Census Tract 271902",
        "STATEFP": "06",
        "TRACTCE": "271902"
      },
      "type": "Feature"
    }
  ],
  "type": "FeatureCollection"
}
